/*
Navicat MySQL Data Transfer

Source Server         : Mysql
Source Server Version : 50519
Source Host           : 127.0.0.1:3305
Source Database       : jeesiteh

Target Server Type    : MYSQL
Target Server Version : 50519
File Encoding         : 65001

Date: 2016-03-07 18:24:26
*/

SET FOREIGN_KEY_CHECKS=0;

-- ----------------------------
-- Table structure for act_ge_bytearray
-- ----------------------------
DROP TABLE IF EXISTS `act_ge_bytearray`;
CREATE TABLE `act_ge_bytearray` (
  `ID_` varchar(64) COLLATE utf8_bin NOT NULL DEFAULT '',
  `REV_` int(11) DEFAULT NULL,
  `NAME_` varchar(255) COLLATE utf8_bin DEFAULT NULL,
  `DEPLOYMENT_ID_` varchar(64) COLLATE utf8_bin DEFAULT NULL,
  `BYTES_` longblob,
  `GENERATED_` tinyint(4) DEFAULT NULL,
  PRIMARY KEY (`ID_`),
  KEY `ACT_FK_BYTEARR_DEPL` (`DEPLOYMENT_ID_`),
  CONSTRAINT `ACT_FK_BYTEARR_DEPL` FOREIGN KEY (`DEPLOYMENT_ID_`) REFERENCES `act_re_deployment` (`ID_`)
) ENGINE=InnoDB DEFAULT CHARSET=utf8 COLLATE=utf8_bin;

-- ----------------------------
-- Records of act_ge_bytearray
-- ----------------------------
INSERT INTO `act_ge_bytearray` VALUES ('3e3d15d5436449a58b5eeedd189136e8', '1', 'leave.png', '9f8ac51208c44024a2687beb61f1b1f3', 0x89504E470D0A1A0A0000000D49484452000004CF0000026208020000005F2772930000379849444154789CEDDD7F8CA4F57D1FF0C518585B465C95D49C2B0726E91FACE2DAB7AA23717F95C3517D5BA9B557AA65B6FEE3BC9265FBACA40EAAAA64DD0A5FD5989EAAC6BDA43622AD4D56AD68B78A0EAF14EC5E62703636902B60380C67AF81338B01676DC05ECA1D0CF7839B3EB7634F86F9F9CCEE77E63BCFF779BDF4D5696E77E6D967BECFE779BE9FF7CDDECC440D000000429B88BD030000002448DA040000203C6913000080F0A44D000000C29336010000084FDA040000203C6913000080F0A44D000000C29336010000084FDA040000203C6913000080F0A44D000000C29336010000084FDA040000203C6913000080F0A44D000000C29336010000084FDA040000203C6913000080F0A44D000000C29336010000084FDA040000203C6913000080F0A44D000000C29336010000084FDA040000203C6913000080F0A44D000000C29336010000084FDA040000203C6913000080F0A44D000000C29336010000084FDA040000203C6913000080F0A44D000000C29336010000084FDA040000203C6913000080F0A44D000000C29336010000084FDA040000203C6913000080F0A44D000000C29336010000084FDA040000203C6913000080F0A44D000000C29336010000084FDA040000203C6913000080F0A44D000000C29336010000084FDA040000203C6913000080F0A44D000000C29336010000084FDA040000203C6913000080F0A44D000000C29336010000084FDA040000203C6913000080F0A44D000000C29336010000084FDA040000203C6913000080F0A44D000000C29336010000084FDA040000203C6913000080F0A44D000000C29336010000084FDA040000203C6913000080F0A44D000000C29336010000084FDA040000203C6913000080F0A4CD3EAAD5EAD2D2D2DCDCDC9E3D7B2A95CA445965CF3D9B81D9D9D9C5C5C58D8D8DD8878531E21CA9738E148BBAAD53B7000C95B4D9CB912347B295386B476EBFFDF6BBEEBEFBC91327CE9C3D5BCE913DF76C060E1F3EBC6FDFBE6C4EB2BE24F6C1612C38479C2345A46ED52D00A3216D76B6B1B1313F3FBF77EFDE679E7DE6CCD93346F378FE85E7B3BE249B9CF5F5F5D8078A689C23CE912252B7EA16805192363BC8DA91E9E9E92FDFF6A533674F1BDDC69D5FBDF3DA6BAF5D5B5B8B7DB888C039E21C292275AB6E01183169B383F9F9F9CD76E435A3F7B8EBEEAF5F77DD3F8A7DB888C039E21C292275AB6E01183169B3D5912347F6EE7DFFD9735523CFF8DDDFFBD737DFFCFBB10F1A23E51C718E1491BA55B7008C9EB4F906D56AB552A93CFBDCDAD973AF1A79C6C9533FDBB5EB3DABABABB10F1D23E21C718E1491BA55B70044216DBEC1E2E2E2FCFCFCD973AF34C6F533FF34E7FBC8373FAA54E3E69BFFFDC2C242EC43C78838479C2345A46ED52D0051489B6F303B3B7BF88EFFFDB7EDC8FBF7FE4DADF6F4EBB527CED6BE7BBAF6C8E9DA8327CF1DBAE31B7FF1DC4BF79FA9FDDF6AEDFE6AED9E576A5F7FADF647F73CFA89FD9F8CDE1C4419DF7EE8E8F4F474EC43375CF5F7B1F4617435E7488AE74819CA5BDDA657B7001482B4F906535353C78F3F7CF6DCA9FA9898983859AB9D3A5F7BE95CEDA7676AAFD46AFFEADF7C76E24D6FDBFDFED9E7CED69E395D7BE6B5DA5AB5F6E4B9DA9FFEF5239BFF047EAA84E3E4A917272727631FBA21CABAF0EBAEBBEECBB7DDB667CF9EB43BF23C9C23899D2325296F759B58DD02501401D266B55A5D5E5E3E70E0C0ECECEC9E5F989999C9BEB2B4B454ACF665C78E1D2FBCF8DCD97327EB236B325E79BD76FAF50BDF3A77FEC29F7FF6B53FFF7B7FFF1FFCDBCFFDC1B95AEDE573B597CED67E7AB6963DC3AF3FF09DCD8EE4643947F6DCE31EB8E1A9F7E20F7EFBA13367CF657FA6DD91E7E11C49E91C294F79ABDB94EA168002D9D6429285CC2C554E4E4E663933CB96870FDF71D7DDDFA88F3BBFFAB59B6EFAECDCDC5CB6C6EFDEBD7B717131D00E0FD76657F17263647F3D75AEF6E2ABB533AFFFFC0E592BF69FBFF0C7BFFF9FBEF0CC8F2E7CF8F5D9F3B5339B9DCA7DDF7EA4E5B1A51AA97624CDBD787D8C49471E71C29D23C99C23E353DE23981C759B4CDD02502C5B5C488E1D3B96352559C8CC5265A353E936EEB9F7BE7DFB3E3A3D3DBDB2B21274E7C3DBEC2AFE5F635CE8485EAF3DFF4AEDC7276B676BB533A74F4F5D73CDC4C4C51313931FFA17FB9A1FF8E0430FB73CB65423C98EA4BD171F5E47DEFB4D4AFADE27E09EE4D955E74802E7C850CB7B0CEB59DDA651B70014CE56169283070F66D1F1AEBBBFD13767B634315973B37FFFFE6AB51AFC6984B2D955BCD418139BBF6DF5E2ABB51FBD5CFBC96BB5078FFFE0CA2BAFBCF8CD97BEE58A5F9EFBC81B3A9207BEFD50CB634B35D2EB48BAF5E2430A9C3D26B0E55BCD7F8D32EDCE9104CE916197F718D6B3BA4DA06E0128A2C116922C28CECDCD2D2C2C0C94339BC7176FB925EB63D6D7D787F47CB669B3ABD8688CECAFAF9EAFFDB47AE1DFBF9F7FAD76F703ABEFDEF5DE5FFEBB6FBF62C7DFF9E3FFFEA7AFD56A274FD75E397DE181F71C7DA0E5B1A51A897524BD7BF16104CEFA04767C91A7DBB746F07250B75D758E14FA1C1941798F613DABDBA2D72D000535C0429245CDDDBB772F2D2D6D396A367EB136DBCEDADADAD09ED4D6652BEBB9733F6B8CFA429B35252F9DADFDEC4CED472F9FBDEFD1B55DFFF037AEFFC7FFE427A76B3FAED67E52ADBD78BA96F524F7DCFF40CB634B3552EA48F2F4E2C10367CED782DAEF36FA99778E14FA1C194D798F613DABDB42D72D00C535C042323737B7FDA8D9E863B2C03986BF52DBD255ECB9FEBAEF7CEF89071F5D3D7A6CF5DE8756EF7DF8F1FBBE73E22FEFFFEE5F3FFAD4371F7AFC5B0F7DFFDE87BF7FF491C71F7DE287B7FCD7DB3E7CC387A377063A926DCADF8B870D9C7D5F0B6ADC2DE2AB9A8D7D708E14F41C1959798F613DABDBE2D62D00859677213978F0E0767E81B67D1C3E7CC7ECECEC509FDB166C76243F6D1EBFF55B9FECFACB5E4DFEF9873ED4F2C0528D343A92417BF18081B3BD11EFF8C551BE16D48D73A4A0E7C828CB7B0CEB59DD16B46E0128BA5C0BC9B163C7A6A7A70346CDFAF8C4273E79EBADB70EFB190E64B32379D1187424D0916CAD170F1538F377E7EDB6FC43B7BCABD1EBAD8823EE3932E2F21EC37A56B745AC5B0012906B21C9A2E6D6DA94DEE399679FBBFAEACA58FD3EED858EE4F5178C4147D13B92F65EFCCEAF7EED9A6BA69E3C71A263E93EFFC28BBB76EDFAF26DB7850A9C8D46BCBDF3EE38B71127DC3952B87364F4E53D86F5AC6E0B57B700A4A1FF42B2BCBC3C3B3B1B3C6AD6C7A73FFD3B870E1D1AC1F3CC69B32379DE187414BA23E9D88B4F4E4E664FEAEAAB2BED1D79BD17AF77CFA102678F096C7CABA5596FBF311ACE91629D2351CA7B0CEB59DD16AB6E014846FF8524EB3006FD68CD815EDEDCB973E7089E674E9B1DC94F8C4147713B921EBD785D4B47DEDC8B070C9C5BE8CE7B7C71A89C23053A476295F718D6B3BA2D50DD0290923E0B49D658ECD8B1634851B33EAEBDF6DAA3478F8EE6D9F6B5D991FCD8187414B42369EFC55F3E796AE7CE9D2DBFFED7E8C8DB7BF14CD6BB3FF3EC73DB0C9CDD7EBDB0E3EF1FB6EC40B7870F8973A428E748C4F21EC37A56B745A95B0012D36721595C5C9C9F9F1F6ADAFCDCCD372F2C2C8CE6D9D62D2D2D75FBB4CFCD8E64DD18748C5B47D2E31037747BDF94EC2B3B76EC68EFC81F7AF8E18EBDF89D5FFD5AFB16427D0E672CCE91713E47947737EA769CEB168072EAB390ECDFBFFFD65B6F1D6ADABCEBEE6F64BDCB689E6DE6F1C71FAF3752975F7EF9E1C3875BBEAB2349A023E97D88EB7ABF4567C78EFCD24B2FCDD38B8F7F47DE9773649CCF11E5DD8DBA1DE7BA05A0B4FA2C24333333DD1A8E50E3C91327AEBEBA329A679BA956AB6F7AD39BEA4DC925975CF2AE77BDABF9DFC2373B92BF31061D63D591F43EC4B57C9F06D1B123CFD98B8F73479E8773649CCF11E5DD8DBA1DE7BA05A0B4FA2C2443FAEC93E6F1F2C9535967339A675BD7F23F97DEF296B77CEC631FAB7F104BF6D7D75FFF9131E818B78EA4C721CEFFC1833D3AF2BEBDF8D876E4393947C6F91C51DEDDA8DB71AE5B00CAA9CF42922DDECD6F1131A491AD6759D7D2E31FDA47E9F5D79F33061D13E374047BCB7AF1FCEFB1FC972B7F75F1C517B76CE1A28B2EBAEDB63FC9B985FA2F8A176572728A5E6F451C1323394794770FD16BA0886342DA04607BFA2C245353538F1D3F3E82B4399A675B77C5155734FA8FD94D59B7B4BABA5AFBF9BF7F3F6B0C3AC6AD23E971888F1D3B9675E4CFBFF062DFB2ECF8169D751D3FA8B0E316B29F9BFDC4D8F33130E7C8389F23CABB1B753BCE750B4039F5594886FA619BF531E2FFB7B9B1B151EF45B220FDF18F7F3CFB736969A9F1DDCD8EE4992D8CDE0F6C7CB7CBBFB8E7DA48B787B76C24CF5E35EF4FCE1FDD77C7467604FBEA7D886BF93AF21EBD78CE8E7C0C7BF19C86748E843A9BB67F9FE0F53FCA7344797713BD6EF3D761C79D89B88723A85B004AABCF42323F3FDFFCE9DEC318F7DC7BDFB5D75E3B9A679B79FAE9A72727276766662A95CAC2C242CB7F3ADA5CEF7F38D0684B7D3F6CF96BE36EDD1EDEED76FB76FA6EA447FBD8713B7DB79C7F12467604FBEA7D88EB7A77E41D7BF18B2EBA287F473E86BD787EC1CF912D9453DF13AD636DC7AAFF519E23CABB9BE875DBE3D037EAB347E1F528E6587B1EB06E0128AD3E0BC9A143873EFDE9DF196ADACCD2ECBE7D1F1DC993FDB9E5E5E5C5C5C58E1FCB16645D1FA8856DB973CB43DAFF9AB38DCEB963A1DAEE71EB487A1CE2866E1D79B7CFB8FFA3FFF2858E1F54D8DE918F672F3E90619F23394F8A816A3862FD8FF81C51DEDDC4ADDB3CC5DC7C9D6F2FDD3CABC0E8F77FE4871180A4F45948B265BB52A90C356DEEDDBBF7C89123A379B67D6DAEEB4F0F349A1F52BFDDF84AFB8D6E0F6FDF48C7470DBA7B1DEFDF145007DBD5DE3F28F6A1DB8AF68EBC5B2F5E7F8BCE8E6FE3D9D2918F732F1EC4D62A64FB75DB52BDCDA2D7FF789E23CABBD908EA763B15DE5C902DDF8DBBE705BDB603303EFA2F24437DA3A0974F9ECAFA9BFA3BD48F830BEBFAF9B54147FD518DC7B6FCB5E576C7C7B6DCEED04FE7DE4EC776BC7923DDEEDC7BFB7D6720F6A1DBA2F68E7CDFBE8F76ECC5EBA3BD23DFBB776F56C645EFC5F3DB72910C7A426DED3E51EA7F6CCF11E5DD3082BAED5D90DD8AB3F1F51E778EB2E711EB168094F45F4886FACBB47FF0F9CF671B1FC1F3CC69735D7F2AFFE8DED73ED5BCA91E9B6DF956E3AFDD1EDEED27E679608F9FD2BC852D8C4277243D3AF28E1F3CD8DC9127D38BE7B79D3AC9594BDD4E99BEC51FABFEC7F91C51DE75C33EBE7D4BBA6355B77C2BE24E8E5BDD02908CFE0B49B55AAD542AC3F8D4CDAC8FB9FAEACAFAFAFA089E674E9B8BFD0FB6391A1B69BFD1EDCE6DADF30FDAFFCCFFD3BB77E46FB84FCE3DCCF943631FBA6DE9D891F7F88CFB7A479E522F9E5F9073A4EFE9D3F7A7B4D473DCFA1FF3734479D7865FB7796AB54759B62C042D778EB5E771EB168034E45A489696963E7CC30DC9BFB059FB79477262A0D1D63A9C686CA4FD46C78777FC4AFB9F39B7D0FCD78EB71BFB99730F734E42EC43B75DED1D79D673F7A8DEC78E1F4FA917CF6F9BA5D2B7907A14766F11EB7FFCCF11E53D8243DCEDB8B72F0D1DCBB247C546D9F371A85B0012907721F9C0073F78F8F01D01A366D6CDECDAB52B6B6886FAF406B5B9AE3F39D0687E48FD76E32BED377A3FBCFD212D7FF6EBB69FEC7DB76E3FA5F71EE69C84D8872E803C1F54D83ED2E8C5F3DB66A90C7A360D7ACF28F55F8873A4E4E53D8243DCB7567B5FB79BEF30E2E21CE7BA05A0E8F22E241B1B1BD75E7B6DA8B70BAABF35E293274E0CF5B96DC1E6BAFEC440A3F921F5DB4D1D4387FB747B78E3B1DD369EF32BDD7E6EC7DBCD3BDC77577B4F42EC4317C6A01D7932BD787E5BAB90414FA56EB5DD3D49C6ACFFA29C23652EEFE11DD9FC85DDA3C2BB5DFF23EEF6F8D42D008536C042B2BABA9A05CE6E9FF73D50D4FCC0073F78E757BF36BC67B5655B4B9B2D5D6F9E88D8F15B1D73E340F132E7CF6D6E715A7E4AC9D3666D908E3CA55E3CBF21B5BF7D6B35FF3935FAFA2FD03952DAF28E9B36FB5ECCDBEFD0ED21A3DFF9D8870E80621B6C21C93A8F5DBB76DD73EF7D5B8E9A8F1D3F9E45D6F18C9AB5CD8EE4FCF9C7071ACD0FA9DF6EDF48C7CD36026AC77BB66F36E71672FEDC8E3FA5F7D67A4F42EC4317529E8E3CB15E3CBFAD5548FE9328CF777316EAC8EABF58E74839CB7B7847367F1DB65FED5BBE35D0F57F643B1FFBD001506C032F241B1B1B59A772D34D9F1DF4FFFFBC7CF2D41F7CFEF3F55FC71DC6330962735DFFBE31E848AF23E9DD91A7D78BE7E71C49E01C296179ABDB04EA168022DACA4252AD56B3B479CD3553597A6CBC6F61EFF1E5DB6ECBEEFFE94FFF4ED6C7047F0E016D7624ABC6A023C98EA45B479E642F9E9F73248D73A46CE5AD6ED3A85B000A67EB0BC9FAFAFA8D37DEB863C78E0F7CF08359986C7F3FFDEC2BB7DFFE3F3F7CC30DD97DF6EDFBE8DADA5AB8DD1E96CD8EE47BC6A023D58EA4BD234FB517CFCF3992CC3952AAF256B7C9D42D00C5B2DD85A45AAD2E2F2FCFCFCFEFDAB56BE28DB2AF645173696969636323C8BE8EC0E4E4E4ABAF3E7CFEFC778D8146C21D4973479E702F9E9F7324A573A43CE5AD6E53AA5B000AC442F206954AE5A9A7FEE2FCF9E3C64023ED8EA4DE913F79E244C2BD787ECE91C4CE919294B7BA4DAC6E01280A0BC91BCCCCCCFC9F23B79EAF3D66E41FDF5BFDB3A9A9A9D8876EB8B22E3CEB5613EEC5F3738EA4778E7CE0031F48BEBCD56D7A750B4021489B6F70F0E0C185858F455FE38B35FE64F173F3F3F3B10FDDD095E139E6E11C49EF1C29C3EB57EA36BDBA05A010D26F3206B2B6B63635F5ABAF561F3C5F7BD4C8396667DFB7BCBC1CFBD00D5D193AF23C9C23E99D2365A86D759B5EDD025008E93719833A70C1FEF3B5EF1879C6FF5AFA8F737333B10FDA2894A123CFC93992D8395292DA56B789D52D0085508A266320D56A75CF9EDF387AF47FD46A8F18BDC7FAFADD5353BFBAB1714FEC83360A25E9C8F3708E24768E94A4B6D56D62750B402194A2C918D4EAEAEAF4F435ABABCBB5DA31A3DBC8DA91AC755B59F952ECC3352225E9C873728EA4748E94A7B6D56D4A750B402194A5C918D4D1A347B3A6E4E0C17F59AB3D6CB48FE5E5CF4F4D555656FE5BEC03353AE5E9C873728E24738E94AAB6D56D32750B402194A8C91854B55A5D5898DFB3E7BD8B8BFF6E7DFDEBB5DA43C6C6C65F2D2DFD87B9B9BDB3B37BB2DBB10FD14895AA23CFC93992C63952B6DA56B769D42D008550AE26630B565656E6E7FFD9CE9DBF34C1C4C48E1D97CFCDBD3F6B4A621F9608264AD691E7E71C6956C47364A294B5AD6E9B15B16E01288432361905E573CFE29A2865474E19A8EDB85CDB01489826A318EEBFFFFEAC23DCD8D888BD23E5A52327556A3B2EF30F40C22C72C570D55557651DC96FFFF66FC7DE91F2D211922AB51D97F907206116B902F8C33FFCC3FA7FAD79C73BDE71ECD8B1D8BB53523A4252A5B6E332FF0024CC2237EE363636262727EB69F3D24B2F7DEF7BDF1B7B8F4A4A4748AAD4765CE61F808459E4C6DDECEC6CF33B075E75D5558B8B8BB177AA8C7484A44A6DC765FE014898456EAC6D6C6CB4BF55FD3BDFF9CE6AB51A7BD74A474748AAD4765CE61F808459E4C6DA97BEF4A57AC27CF7BBDFDD489BBFFEEBBFBEB2B2127BD74A474748AAD4765CE61F808459E4C6DAB7BEF5ADB7BDED6D954A65C78E1D5947B273D3DBDFFE766973F47484A44A6DC765FE014898456EDC1D3B766C6D6DADF68B8E24BBED6D69A3D011922AB51D97F907206116B9C2D091C465FE4995DA8ECBFC0390308B5C61E848E232FFA44A6DC765FE01489845AE30742471997F52A5B6E332FF0024CC2257183A92B8CC3FA952DB71997F001266912B0C1D495CE69F54A9EDB8CC3F0009B3C815868E242EF34FAAD4765CE61F808459E40A43471297F927556A3B2EF30F40C22C7285A12389CBFC932AB51D97F907206116B9C2D091C465FE4995DA8ECBFC0390308B5C61E848E232FFA44A6DC765FE01489845AE30742471997F52A5B6E332FF0024CC2257183A92B8CC3FA952DB71997F001266912B0C1D495CE69F54A9EDB8CC3F0009B3C815868E242EF34FAAD4765CE61F808459E40A4347125794F977D01901651697F907206116B9C2D091C4D57BFE27FAC973B7BEF719FA93A49494565CE61F808459E40A434712D7A0F3DFF1FE3D36D2F2ADE6BF3AF40C95028BCBFC0390308B5C61E848E20A98363BBE68D9ED5B5EDE64D8D4555CE61F808459E40A434712D740F3DFEDCE395FDB6CBF9BA3CFF0A8AEB8CC3F0009B3C815868E24AEFCF3DFF27265FB467ABCB6D9BC05AF6A321AAA2B2EF30F40C22C7285A123892BE7FCB744C78EFF1BB3EF17BDB6C928A9AEB8CC3F0009B3C815868E24AE3CF3DF3164B6DFCE9336BDB6C9C8A8AEB8CC3F0009B3C815868E24AEDEF3DF12083BE6C95A53B0ECFD9BB4397F2804A1CCE232FF0024CC2257183A92B846F62E41DD7E17570130244A2B2EF30F40C22C7285A123892B56DAECF14508425DC565FE01489845AE307424710D2F6DE67C67DA41F70172525771997F001266912B0C1D495CE69F54A9EDB8CC3F0009B3C815868E242EF34FAAD4765CE61F808459E40A43471297F927556A3B2EF30F40C22C7285A12389CBFC932AB51D97F907206116B9C2D091C465FE4995DA8ECBFC0390308B5C61E848E232FFA44A6DC765FE01489845AE30742471997F52A5B6E332FF0024CC2257183A92B8CC3FA952DB71997F001266912B0C1D495CE69F54A9EDB8CC3F0009B3C815868E242EF34FAAD4765CE61F808459E40A4347327A4B4B4BD9B44F4E4E4E4F4F673776EEDC99FDF9D6B7BE75757535F6AE4130AE2D71997F001266912B0C1DC9E87DE52B5F996873FDF5D72F2F2FC7DE3508C6B5252EF30F40C22C7285A12319BD6AB57AD965973547CDF7BCE73D3B77EEDCD8D888BD6B108C6B4B5CE61F808459E40A434712C5673EF39937BFF9CD8DB4F9A94F7D6A616121F64E4148AE2D71997F001266912B0C1D492C575E79653D6ADE70C30D954AA55AADC6DE2308C9B5252EF30F40C22C7285A12389E59BDFFCE625975C92CDFFCCCC8CFFB1497A5C5BE232FF0024CC2257183A9288DEF7BEF7D5D366EC1D81F05C5BE232FF0024CC2257183A9288D6D7D7B3F9F7C12724C9B5252EF30F40C22C7285A12389CBFC932AB51D97F907206116B9C228674752AD56979696E6E6E6F6ECD953A954DA3FFDB224B2E79ECDC0ECECECE2E2A2CF5F21AC89525E5BC687F907206116B9C228614772E4C8912C656551F3F6DB6FBFEBEEBB9F3C71E2CCD9B3E51CD973CF66E0F0E1C3FBF6EDCBE624CB9CB10F0EE928E1B565AC987F001266912B8C5275241B1B1BF3F3F37BF7EE7DE6D967CE9C3D63348FE75F783ECB9CD9E4ACAFAFC73E50A4A054D7963164FE01489845AE30CAD3916451737A7AFACBB77DE9CCD9D346B771E757EFBCF6DA6BD7D6D6621F2E0AAF3CD796F164FE01489845AE30CAD391CCCFCF6F46CDD78CDEE3AEBBBF7EDD75FF28F6E1A2F0CA736D194FE61F808459E40AA3241DC9912347F6EE7DFFD9735523CFF8DDDFFBD737DFFCFBB10F1AC556926BCBD832FF0024CC22571865E848AAD56AA55279F6B9B5B3E75E35F28C93A77EB66BD77B7C1028DB51866BCB3833FF0024CC22571865E848161717E7E7E7CF9E7BA531AE9FF9A7393F23A4F951A51A37DFFCEF171616621F3A0AAC0CD7967166FE01489845AE30CAD091CCCECE1EBEE37FFF6DD47CFFDEBFA9D59E7EBDF6C4D9DA774FD71E395D7BF0E4B943777CE32F9E7BE9FE33B5FF5BADDD5FADDDF34AEDEBAFD5FEE89E473FB1FF93D1835F94F1ED878E4E4F4FC73E74145819AE2DE3CCFC0390308B5C6194A123999A9A3A7EFCE1B3E74ED547F6944FD66AA7CED75E3A57FBE999DA2BB5DABFFA379F9D78D3DB76BF7FF6B9B3B5674ED79E79ADB656AD3D79AEF6A77FFDC8E6CB9BA74A384E9E7A71727232F6A1A3C0CA706D1967E61F808459E40AA30C1DC98E1D3B5E78F1B9B3E74ED647F6945F79BD76FAF50BDF3A77FEC29F7FF6B53FFF7B7FFF1FFCDBCFFDC1B95AEDE573B597CED67E7AB6B651AB7DFD81EF6CA6CD93E51C65A80D8647FDC465FE01489845AE30CAD0916C26C6971B23FBEBA973B5175FAD9D79FDE777D8D8D8F8CF5FF8E3DFFF4F5F78E647EBD95FCF9EAF9DD94CA1F77DFB9196C7966A94A136181EF51397F907206116B9C2284347B29918FF5F635C489BAFD79E7FA5F6E393B5B3B5DA99D3A7A7AEB96662E2E28989C90FFD8B7DCD0F7CF0A1875B1E5BAA5186DA6078D44F5CE61F808459E40AA30C1DC966627CA931EABF49FBE2ABB51FBD5CFBC96BB5078FFFE0CA2BAFBCF8CD97BEE58A5F9EFBC81BD2E603DF7EA8E5B1A51A65A80D8647FDC465FE01489845AE30CAD0916C26C68DC6C8FEFAEAF9DA4FAB175EDB7CFEB5DADD0FACBE7BD77B7FF9EFBEFD8A1D7FE78FFFFB9FBE56AB9D3C5D7BE5F48507DE73F48196C7966A94A1361892F5F5F59D3B77C6DE8B5273FE0290308B5C6194A123C99EE3B9733F6B8CFA53CE02E74B676B3F3B53FBD1CB67EF7B746DD73FFC8DEBFFF13FF9C9E9DA8FABB59F546B2F9EAE6579F39EFB1F68796CA946196A8321595B5BAB542AB1F7A2D49CBF0024CC22571865E8485A12E39EEBAFFBCEF79E78F0D1D5A3C756EF7D68F5DE871FBFEF3B27FEF2FEEFFEF5A34F7DF3A1C7BFF5D0F7EF7DF8FB471F79FCD1277E78CB7FBDEDC3377C387AEA9336299C23478ECCCCCCC4DE8B5273FE0290308B5C6194A123D94C9B3F6D1EBFF55B9F9CC8E19F7FE8432D0F2CD528436D30240736C5DE8B5273FE0290308B5C6194A123D94C9B2F1A838E32D4064332333373E4C891D87B516ACE5F001266912B8C32742417D2E6EB2F18838E32D406C3B0BEBE5EA954AAD56AEC1D2935E72F0009B3C81546193A92CDB4F9BC31E828436D300C870E1DBAF1C61B63EF45D9397F01489845AE30CAD0916CA6CD9F18838E32D406C155ABD54AA5B2BEBE1E7B47CACEF90B40C22C728551868E64336DFED8187494A136086E7E7E7E717131F65E508A6B3B00A565912B8C3274249B6973DD187474AB8DA5A5A5B5B5B5D11E438AE1D0A143FBF7EF8FBD175C50866B3B00A565912B8C327424D26690B4B9B1B1F1918F7CA4FED930EF78C73B044E9A55ABD5F9F97951737C94E1DA0E406959E40AA30C1DC966DAFC1B63D0D15C1BB7DE7AEBE4E4643D6A663776EEDCE93FE651B7B1B171E8D0A14AA5E21768C74A19AEED00949645AE30CAD09164CFF1F5D77F640C3AEAB5B1BABAFA6BBFF66B134D76EFDE9D458BD84795C85656560E1E3C383B3B9B15C38D37DEE85F1FC64D19AEED00949645AE30CAD0916CA6CDE78C4147366F7BF6EC99804EB2DA585858585E5EDED8D8887D8AD3C14409AEED00949645AE30CAD0914C5C489BCF1A838E7A6DACADADFDE66FFEE6AFFCCAAF3462C6E5975F3E3D3D1DFBA81259192E1D85E6000190308B5C6194A123D94C9BCF841DCDDBECF8CA4F8F3BE7DC6C8F2F0EE31975FCB98D393C72E4C8D5575FFDCE77BEB3FEEC2EBBECB26AB51AF198925FDF5729F3DCADEF7DE23D3F3A735000489845AE30CAD0916C66B31F061F8DCDB66FBFFE954E11F4872D7FEDB6CD9C1BECB69D504FB0791AB37879E0C081ABAEBA6A7A7A3AFBF3D8B163B10E28DBD4F1ACEF712968F956F35FCB700129288706808459E40AA30C1DC9F0F258B7D8D972A3392BB6A7CA1EAF17F5FD89C37E5EED93B9B6B6B6B8B8B8BCBC3CFAE348283DD266C7172DBB7DABFD9E8C0F4704808459E40AA30C1DC966367B7A78A3BEFDA688F874E327B6A5C7A75BEE90F376F317DBB739BCE715FBD0115EB7C3DAE3704FF47C31539D8C27C705808459E40AA30C1DC98548767E2DECF879D2FBC5ED6E371AF76CF94ACBA67ADF6E7978FB168634CA501B65D3F27265CBB76A3D5FDB6CDE42FB7D18378E0B0009B3C81546193A92CD6CF654F0D1D86CC7FEBBF93EDDFEECF1F0E68D343FAAF7DD823FC1D8878E905AA263CBF1ED98423BA6CD8E9B65DC382E0024CC22571865E84836F3D80F828FC666DBB75FFF4AFB1D9AEFD9FB8B79EEDCF147877D82B10F1DC1740C99EDB7F3A4CD7643DD73B6C67101206116B9C2284347B219C94E041F8DCDD66F34BDD2D8FA95EEAF49BE613B796E77DBC8909E60EC4347002D81B0639EAC3505CBF624D9B11294C798738000489845AE30CAD0916C46B227838FC666EB37DAFFEC76FFF6AF778FA39D7F56DF6D867A82B10F1DE1753BAC3D0E777B22EDF875C68A830240C22C728551868E6433923D117CFC22103ED1F8B3E52B8DBB35DFBFF96E2D77C873BB53220DFFD41A3F2BF6A123BC8069B3C71789CE1101206116B9C228434732BCB4D91E0B7B07C5FCDBEC9D6CFBDE5FDAA49B81D266E31F355AEED0F24F1E3D364B2C8E080009B3C81546193A92EC399E3FFFF89046CBC61BFD77F3ED6EFA6EADFDEBCD77E8B691804F2DF6A103B6C8F90B40C22C728551868E6433927DDF187494A1362055CE5F001266912B8C3274249B6973D5187494A1362055CE5F001266912B8C3274249B69F37BC6A0A30CB501A972FE0290308B5C6194A123999C9C7CF5D587CF9FFFAE31D028436D40AA9CBF0024CC22571865E8482A95CA534FFDC5F9F3C78D8146196A0352E5FC05206116B9C2284347323333F37F8EDC7ABEF698917F7C6FF5CFA6A6A6621F3A608BCA706D07A0B42C728551868EE4E0C1830B0B1F8B9EDF8A35FE64F173F3F3F3B10F1DB04565B8B603505A16B9C2284347B2B6B63635F5ABAF561F3C5F7BD4C8396667DFB7BCBC1CFBD0015B54866B3B00A565912B8C927424072ED87FBEF61D23CFF85F4BFF716E6E26F64103B6AE24D77600CAC922571825E948AAD5EA9E3DBF71F4E8FFA8D51E317A8FF5F5BBA7A67E7563E39ED8070DD8BA925CDB0128278B5C6194A723595D5D9D9EBE667575B9563B66741B59D4CC62F9CACA97621F2E605BCA736D07A0842C728551AA8EE4E8D1A359E03C78F05FD66A0F1BED6379F9F35353959595FF16FB4001DB55AA6B3B006563912B8CB27524D56A7561617ECF9EF72E2EFEBBF5F5AFD76A0F191B1B7FB5B4F41FE6E6F6CECEEEC96EC73E44400065BBB603502A16B9C2286747B2B2B2323FFFCF76EEFCA509262676ECB87C6EEEFD59E08C7D588060264A796D07A0242C7285A12389CB675A02C3E0DA0E40C22C7285A12389CBFC03C3E0DA0240C22C7285A12389CBFC03C3E0DA0240C22C7285A12389CBFC03C3E0DA0240C22C7285A12389CBFC03C3E0DA0240C22C7285A12389CBFC03C3E0DA0240C22C7285A12389CBFC03C3E0DA0240C22C7285A12389CBFC03C3E0DA0240C22C7285A12389CBFC03C3E0DA0240C22C7285A12389CBFC03C3E0DA0240C22C7285A12389CBFC03C3E0DA0240C22C7285A12389CBFC03C3E0DA0240C22C7285A12389CBFC03C3E0DA0240C22C7285A12389CBFC03C3E0DA0240C22C7285A12389CBFC03C3E0DA0240C22C7285A12389CBFC03C3E0DA0240C22C7285A12389CBFC03C3E0DA0240C22C7285A12389CBFC03C3E0DA0240C22C7285A12389CBFC03C3E0DA0240C22C7285A12389CBFC03C3E0DA0240C22C7285A12389CBFC03C3E0DA0240C22C7285A12389CBFC03C3E0DA0240C22C7285A12389CBFC03C3E0DA0240C22C7285A12389CBFC03C3E0DA0240C22C7285A12389CBFC03C3E0DA0240C22C7285A12389CBFC03C3E0DA0240C22C7285A12389CBFC03C3E0DA0240C22C728531684732D124CFA6B6F3C554BBA5A5A5A5ECA94D4E4E4E4F4F673776EEDC99FDF9D6B7BE75757535F6AE018948F5FA09003569B340FA7624136F94F33E7DEFDFE3EB135D0CF0ACC6DB57BEF295F66777FDF5D72F2F2FC7DE352011295D3301A08545AE3006EA48F2DFB9E30B9583C6C854BBA56AB57AD9659735CFC07BDEF39E9D3B776E6C6CC4DE35A0C0FCDE0400259166484852EF44D723223607C5E68D345E9FECF183BADDEEF173077F6663ED339FF9CC9BDFFCE6C6B3FBD4A73EB5B0B0107BA78062F37B130094446AD920617D835CCE94D81232F324D296DBEDA932BD90D9ECCA2BAFAC3FE51B6EB8A152A954ABD5D87B04149BDF9B00A024520E0989C99336FBBEB0D9FEF5F65738FB6EA7F951BDEF96866F7EF39B975C7249F6BC666666BCF20004E1F726002883D48241C2F2A4CDBEB7BB7D37CF633BDE2EC98B9CEF7BDFFBEA6933F68E00E9F07B1300242FCD6C90A4EDBFB6D97E9F5A88B499F60B9B75EBEBEBD953F3061E40407E6F0280E4A5990D92345090EB7DE7BEAF6DE649AD1D7F50AA69B396F4530362F17B1300A44D035D18A15EDBECF167FB0FF2DA66DDC6C6C6FCFCBC37F000C2F27B1300A42DCD6C90A4EDBFB6D9FE8264B79728FBFED0965FC4DDDA4E16451632AFBBEEBA2FDF76DB9E3D7B044E20AC242F9B005067912B8CBEBF1CDB5BCB3D6BDD5FB7CCF3433BC6D4245FDBAC47CD07BFFDD099B3E7B23F054E609BAAD5EAF2F2F2810307666767F7FCC2CCCC4CF695C5C5C5F5F5F5D83B0800C1A4960D12363939E91D0B47AC396AD687C0096C591632B384D9F71F07A7A7A76FBDF556177C0012206D1646A552595B5B8BBD1725D21E35054E606B56565676EFDEDD376736CBAEF9DEA81680A293360B637A7AFAD8B163B1F7A22CBA454D81131848B55A9D9F9F6F7FF5F2777FF7F70E1FBEE3AEBBBFD11837DDF4D9BD7BF7B6DC737676D6A50680E292360B238B372B2B2BB1F7A2147A474D8113C8697D7DBDE525CD4F7FFA779E3C71A2C7B5E5F9175EFCE22DB7ECDCB9B3F9454EFFD4084041499B85313F3FBFB8B8187B2FD297276A0A9C405F6B6B6B59506C84C6999999DE39B32573DE74D3671B8F9D9C9C3C7AF468EC2704000393360B238B9A59E08CBD1789CB1F35054EA0876AB5DAFCAAE6E76EBE39E755A579DC7EFBFFCC7266E3154E6F570B40E1489B85B1BABA3A3535157B2F523668D41438816EE6E6E61A51F3F0E13BB610351B57981D3B76D4B7935D6A623F2D00188CB45924DE286878B61635054EA0DDF2F2F2365FD56C1E777EF56B8DAD1D3A7428F693038001489B4592F51937DE7863ECBD48507BD4CCDABB6BAE99EAF69FAC9E7FE1C55DBB767DF9B6DB044EA0DDF4F474E3FF6A6E336AD647E3FF70EEDCB9D3E770025020D26691644D86FFBA135CC7A859FFBF52575F5D690F9CF5A859EFFC044EA0C5D2D252E3AD7D9E79F6B92069F3E593A71AEF52EBDF1C01281069B360565656FCD79D807A44CDBA96C0D91C35054EA05D7611687CD84990A8591FD9A5A6BED91D3B76C47E8A009097B4593C070E1CF06FDB41B447CDE61710DA03677BD46C7FF942E08432CBCEFDC6C521D40B9B8D915D8BEA5BF6D9CB001485B459480B0B0B33333322CD76747B5BA0E677806C0E9C0F3DFC70C7A879E757BFD6BE05811312B6B4B4B4B6B6D6F15B8B8B8BF58B437611081B35B3F1894F7CB2BEF16C0918ED3306802D92368BEAC89123954AE5C08103FE1BE716F47E07DA8E81F3D24B2FCD1335054E48DBE38F3F5EBF025C7EF9E5870F1F6EF9EEFEFDFBEBDFDDFE5BD1B68FBBEEFE467DE3BB77EF8EF2DC016050D266816561264B9B59E69C9999C96EF8DDAA9CF27CD849C7C099336A0A9C90B06AB5FAA637BDA97E1DB8E4924BDEF5AE7735BFCE995D8DEBDFEA7D7DD8DA78F2C489FAC6B3CB7EBC09008001489B8597B53E478E1CC9D266E3AD29E821FFE76AF6089C7DA3A6C009096BF9DFDD6F79CB5B3EF6B18FD53F98A4F1D9275BFBF0DEBEA3F14363CF0100E462C5A25CB2A879D7DDDFC8D9D8FDE5CA5F5D7CF1C52D51F3A28B2EBAEDB63FC9FF9B6F7B36854CCCC0B86A04D16E9FD6BBCDD1D87EEC4B2900E462C5A25C8E1D3B9605CEE75F78B16F57D7F11D68EB3A7E0E67C72D643933FB89B19F3463AA2533F48E103903468FBBD5BFD552CCF9F69437B8E28A2B1A1338BB293BD3575757B36F4D4D4DD5BFFED8F1E3C3489B8DCF678A3D0700908B158BD2C913387B44CD9C8153D4A4AFDE69B3EFCB68ED0FE9BD9DF6EF0A2D5BD0F88C932C587EFCE31FCFFE5C5A5A6A7CB7F18B0CF97F8722FFC8AE2AF58DFBC84D008A42AB4119F50E9C1DA3E645175D943F708A9AF4D51CFF3A26C96EF7EFF8F51E89B4FDC7F5DD263D3CFDF4D3939393333333954A656161A1E53F66CFCFCFD767FE8BB7DC123C6D3E76FC787DE3D3D3D3B19E3E000C44AB4149750B9C1DA366D65CFED17FF942C7CFE16C0F9CA2267DE5CC7EDD3264EFE4D9F727F6DD0EBD2D2F2F2F2E2E76FCC8CD83070FD62776DFBE8F064F9B9FBBF9E6FAC6E7E6E646FEA401602BB41A94577BE0EC1635EBEF40DBF15D6A5B02A7A8491E1DC35EC7B4D9F776B72F768C97DBDC6DFA5A5D5DAD4F7576AD78F9E4A9B06933BB5ED5379E65DDD84F140072D17C506AED8173DFBE8F768C9AF5D11E38F7EEDDDBE829454D06D2F7F5C6BEB7BB6DA1C7A6BADD81502A954A7D6E0F1FBE2360D46C7CD8E6C4E62739C57E9600908B5683B2EB11383B7EAE6673E01435D9B23C49AF5B86EC9642BBFD88811EC5362D2C2CD4677BD7AE5D015FDEFCC0073F58DFECECEC6CECA70800796938A073E0EC18359B03A7A8C996B5E4C6BEAF37E67929B2B1A95AA7DFAA6DF9BAB4393C1B1B1B8D4FC5FCDCCD3707899AF7DC7B5FA3065C670028100D075CD01E38B348D9A3F97BECF8715193507ABFEAD82346E6B95B7BCEEC9D6CD9BE43870E357E3F62FB1F85F2E489138DF8BA7FFFFED84F0E0006A0D5809FCBF3399CED43D464CBDA5F72AC757A59B2DB8D8E5FEF9D39BBFD95E076EFDE5D3FBE5950ECFDD9BCBDC7CB274F35DEBA2CDBD4FAFA7AEC67060003D070C0DF1A34708A9A6C4DFBFFA26C7FBDB1FD3EED0FEF9645A5CDE8D6D6D61AFFC13B4B89BD7F57A2DB78E6D9E71A5173727272656525F6D30280C16838E00DF2074E5193507AFF266DEFAF777B78C7B03AD1C936779E6EB270D898E42C2B7EF1965B06FDBF9A8D5FA0CD1C3A7428F613028081E933A0559EC0296A027D2D2F2F377F66D2AE5DBBBABDF758CB4B9A1FBEE186E67F11103501282869133AE81D38454D20A7D5D5D5A9A9A9E6E89865CE9B6EFAEC63C78FB787CC2FDE72CBDEBD7B9BEF9C8555BF400B4071499BD059B7C0296A0203D9D8D83870E0C0E4E464C7DF64BEF6DA6BBB7D6B6E6ECEDB02015068D22674D51E38454D606BB2DC383F3FDF3155B6CBAE33478F1E8DBDCB00B05DD226F4D21C38454D609BAAD5EAD2D252163BA7A7A75B1266A552999D9DBDF5D65BBD9E094032A44DE8A31E389F3C7142D4040080FCA44DE82F0B99954A45D4040080FCA44D000000C29336010000084FDA040000203C6913000080F0A44D000000C29336010000084FDA040000203C6913000080F0A44D000000C29336010000084FDA040000203C6913000080F0A44D000000C29336010000084FDA040000203C6913000080F0A44D000000C29336010000084FDA040000203C6913000080F0A44D000000C29336010000084FDA040000203C6913000080F0A44D000000C29336010000084FDA040000203C6913000080F0A44D000000C29336010000084FDA040000203C6913000080F0A44D000000C29336010000084FDA040000203C6913000080F0A44D000000C29336010000084FDA040000203C6913000080F0A44D000000C29336010000084FDA040000203C6913000080F0A44D000000C29336010000084FDA040000203C6913000080F0A44D000000C29336010000084FDA040000203C6913000080F0A44D000000C29336010000084FDA040000203C6913000080F0A44D000000C29336010000084FDA040000203C6913000080F0A44D000000C29336010000084FDA040000203C6913000080F0A44D000000C29336010000084FDA040000203C6913000080F0A44D000000C29336010000084FDA040000203C6913000080F0A44D000000C29336010000084FDA040000203C6913000080F0A44D000000C29336010000084FDA040000203C6913000080F0A44D000000C29336010000084FDA040000203C6913000080F0A44D000000C29336010000084FDA040000203C6913000080F0A44D000000C29336010000084FDA040000203C6913000080F0A44D000000C29336010000084FDA040000203C6913000080F0A44D000000C29336010000084FDA040000203C6913000080F0A44D000000C29336010000084FDA040000203C6913000080F0A44D000000C29336010000084FDA040000203C6913000080F0A44D000000C29336010000084FDA040000203C6913000080F0A44D000000C29336010000084FDA040000203C6913000080F0A44D000000C29336010000084FDA040000203C6913000080F0A44D000000C29336010000084FDA040000203C6913000080F0A44D000000C29336010000084FDA040000203C6913000080F0A44D000000C29336010000084FDA040000203C6913000080F0A44D000000C29336010000084FDA040000203C6913000080F0A44D000000C29336010000084FDA040000203C6913000080F0A44D000000C29336010000084FDA040000203C6913000080F0A44D000000C29336010000084FDA040000203C6913000080F0A44D000000C29336010000084FDA040000203C6913000080F0A44D000000C29336010000084FDA040000203C6913000080F0A44D000000C29336010000084FDA040000203C6913000080F0A44D000000C29336010000084FDA040000203C6913000080F0A44D000000C29336010000084FDA040000203C6913000080F0A44D000000C29336010000084FDA040000203C6913000080F0A44D000000C29336010000084FDA040000203C6913000080F0A44D000000C29336010000084FDA040000203C6913000080F0A44D000000C29336010000084FDA040000203C6913000080F0A44D000000C29336010000084FDA040000203C6913000080F0A44D000000C29336010000084FDA040000203C6913000080F0A44D000000C29336010000084FDA040000203C6913000080F0A44D000000C29336010000084FDA040000203C6913000080F0A44D000000C29336010000084FDA040000203C6913000080F0A44D000000C29336010000084FDA040000203C6913000080F0A44D000000C29336010000084FDA040000203C6913000080F0A44D000000C29336010000084FDA040000203C6913000080F0A44D000000C29336010000084FDA040000203C6913000080F0A44D000000C29336010000084FDA040000203C6913000080F0A44D000000C29336010000084FDA040000203C6913000080F0A44D000000C29336010000084FDA040000203C6913000080F0A44D000000C29336010000084FDA040000203C6913000080F0A44D000000C29336010000084FDA040000203C6913000080F0A44D000000C29336010000084FDA040000203C6913000080F0A44D000000C29336010000084FDA040000203C6913000080F0A44D000000C29336010000084FDA040000203C6913000080F0A44D000000C29336010000084FDA040000203C6913000080F0A44D000000C29336010000084FDA040000203C6913000080F0A44D000000C29336010000084FDA040000203C6913000080F0A44D000000C29336010000084FDA040000203C6913000080F0A44D000000C29336010000084FDA040000203C6913000080F0A44D000000C29336010000084FDA040000203C6913000080F0A44D000000C29336010000084FDA040000203C6913000080F0A44D000000C29336010000084FDA040000203C6913000080F0A44D000000C29336010000084FDA040000203C6913000080F0A44D000000C2933601000008EFFF0320016C4A104809070000000049454E44AE426082, '0');
INSERT INTO `act_ge_bytearray` VALUES ('c3c56879a4484d58a9848a65eab725f3', '1', 'leave.bpmn20.xml', '9f8ac51208c44024a2687beb61f1b1f3', 0x3C3F786D6C2076657273696F6E3D22312E302220656E636F64696E673D225554462D38223F3E0A3C646566696E6974696F6E7320786D6C6E733D22687474703A2F2F7777772E6F6D672E6F72672F737065632F42504D4E2F32303130303532342F4D4F44454C2220786D6C6E733A7873693D22687474703A2F2F7777772E77332E6F72672F323030312F584D4C536368656D612D696E7374616E63652220786D6C6E733A61637469766974693D22687474703A2F2F61637469766974692E6F72672F62706D6E2220786D6C6E733A62706D6E64693D22687474703A2F2F7777772E6F6D672E6F72672F737065632F42504D4E2F32303130303532342F44492220786D6C6E733A6F6D6764633D22687474703A2F2F7777772E6F6D672E6F72672F737065632F44442F32303130303532342F44432220786D6C6E733A6F6D6764693D22687474703A2F2F7777772E6F6D672E6F72672F737065632F44442F32303130303532342F44492220747970654C616E67756167653D22687474703A2F2F7777772E77332E6F72672F323030312F584D4C536368656D61222065787072657373696F6E4C616E67756167653D22687474703A2F2F7777772E77332E6F72672F313939392F585061746822207461726765744E616D6573706163653D22636F6D2E7468696E6B67656D2E6A6565736974652E6D6F64756C65732E6F612E6C65617665223E0A20203C70726F636573732069643D226C6561766522206E616D653D22E8AFB7E58187E6B581E7A88B2220697345786563757461626C653D2274727565223E0A202020203C646F63756D656E746174696F6E3EE8AFB7E58187E6B581E7A88BE6BC94E7A4BA3C2F646F63756D656E746174696F6E3E0A202020203C73746172744576656E742069643D2273746172746576656E743122206E616D653D225374617274222061637469766974693A696E69746961746F723D226170706C79557365724964223E3C2F73746172744576656E743E0A202020203C757365725461736B2069643D22646570744C6561646572417564697422206E616D653D22E983A8E997A8E9A286E5AFBCE5AEA1E689B9222061637469766974693A63616E64696461746547726F7570733D226F613A6C656176653A646570744C65616465724175646974223E3C2F757365725461736B3E0A202020203C6578636C7573697665476174657761792069643D226578636C7573697665676174657761793522206E616D653D224578636C75736976652047617465776179223E3C2F6578636C7573697665476174657761793E0A202020203C757365725461736B2069643D226D6F646966794170706C7922206E616D653D22E8B083E695B4E794B3E8AFB7222061637469766974693A61737369676E65653D22247B6170706C795573657249647D223E3C2F757365725461736B3E0A202020203C757365725461736B2069643D226872417564697422206E616D653D22E4BABAE4BA8BE5AEA1E689B9222061637469766974693A63616E64696461746547726F7570733D226F613A6C656176653A68724175646974223E3C2F757365725461736B3E0A202020203C6578636C7573697665476174657761792069643D226578636C7573697665676174657761793622206E616D653D224578636C75736976652047617465776179223E3C2F6578636C7573697665476174657761793E0A202020203C757365725461736B2069643D227265706F72744261636B22206E616D653D22E99480E58187222061637469766974693A61737369676E65653D22247B6170706C795573657249647D223E3C2F757365725461736B3E0A202020203C656E644576656E742069643D22656E646576656E743122206E616D653D22456E64223E3C2F656E644576656E743E0A202020203C6578636C7573697665476174657761792069643D226578636C7573697665676174657761793722206E616D653D224578636C75736976652047617465776179223E3C2F6578636C7573697665476174657761793E0A202020203C73657175656E6365466C6F772069643D22666C6F77322220736F757263655265663D2273746172746576656E743122207461726765745265663D22646570744C65616465724175646974223E3C2F73657175656E6365466C6F773E0A202020203C73657175656E6365466C6F772069643D22666C6F77332220736F757263655265663D22646570744C6561646572417564697422207461726765745265663D226578636C75736976656761746577617935223E3C2F73657175656E6365466C6F773E0A202020203C73657175656E6365466C6F772069643D22666C6F773422206E616D653D22E4B88DE5908CE6848F2220736F757263655265663D226578636C7573697665676174657761793522207461726765745265663D226D6F646966794170706C79223E0A2020202020203C636F6E646974696F6E45787072657373696F6E207873693A747970653D2274466F726D616C45787072657373696F6E223E3C215B43444154415B247B21646570744C6561646572506173737D5D5D3E3C2F636F6E646974696F6E45787072657373696F6E3E0A202020203C2F73657175656E6365466C6F773E0A202020203C73657175656E6365466C6F772069643D22666C6F773522206E616D653D22E5908CE6848F2220736F757263655265663D226578636C7573697665676174657761793522207461726765745265663D2268724175646974223E0A2020202020203C636F6E646974696F6E45787072657373696F6E207873693A747970653D2274466F726D616C45787072657373696F6E223E3C215B43444154415B247B646570744C6561646572506173737D5D5D3E3C2F636F6E646974696F6E45787072657373696F6E3E0A202020203C2F73657175656E6365466C6F773E0A202020203C73657175656E6365466C6F772069643D22666C6F77362220736F757263655265663D226872417564697422207461726765745265663D226578636C75736976656761746577617936223E3C2F73657175656E6365466C6F773E0A202020203C73657175656E6365466C6F772069643D22666C6F773722206E616D653D22E5908CE6848F2220736F757263655265663D226578636C7573697665676174657761793622207461726765745265663D227265706F72744261636B223E0A2020202020203C636F6E646974696F6E45787072657373696F6E207873693A747970653D2274466F726D616C45787072657373696F6E223E3C215B43444154415B247B6872506173737D5D5D3E3C2F636F6E646974696F6E45787072657373696F6E3E0A202020203C2F73657175656E6365466C6F773E0A202020203C73657175656E6365466C6F772069643D22666C6F77382220736F757263655265663D227265706F72744261636B22207461726765745265663D22656E646576656E7431223E3C2F73657175656E6365466C6F773E0A202020203C73657175656E6365466C6F772069643D22666C6F773922206E616D653D22E4B88DE5908CE6848F2220736F757263655265663D226578636C7573697665676174657761793622207461726765745265663D226D6F646966794170706C79223E0A2020202020203C636F6E646974696F6E45787072657373696F6E207873693A747970653D2274466F726D616C45787072657373696F6E223E3C215B43444154415B247B216872506173737D5D5D3E3C2F636F6E646974696F6E45787072657373696F6E3E0A202020203C2F73657175656E6365466C6F773E0A202020203C73657175656E6365466C6F772069643D22666C6F77313022206E616D653D22E9878DE696B0E794B3E8AFB72220736F757263655265663D226578636C7573697665676174657761793722207461726765745265663D22646570744C65616465724175646974223E0A2020202020203C636F6E646974696F6E45787072657373696F6E207873693A747970653D2274466F726D616C45787072657373696F6E223E3C215B43444154415B247B72654170706C797D5D5D3E3C2F636F6E646974696F6E45787072657373696F6E3E0A202020203C2F73657175656E6365466C6F773E0A202020203C73657175656E6365466C6F772069643D22666C6F7731312220736F757263655265663D226D6F646966794170706C7922207461726765745265663D226578636C75736976656761746577617937223E3C2F73657175656E6365466C6F773E0A202020203C73657175656E6365466C6F772069643D22666C6F77313222206E616D653D22E7BB93E69D9FE6B581E7A88B2220736F757263655265663D226578636C7573697665676174657761793722207461726765745265663D22656E646576656E7431223E0A2020202020203C636F6E646974696F6E45787072657373696F6E207873693A747970653D2274466F726D616C45787072657373696F6E223E3C215B43444154415B247B2172654170706C797D5D5D3E3C2F636F6E646974696F6E45787072657373696F6E3E0A202020203C2F73657175656E6365466C6F773E0A20203C2F70726F636573733E0A20203C62706D6E64693A42504D4E4469616772616D2069643D2242504D4E4469616772616D5F6C65617665223E0A202020203C62706D6E64693A42504D4E506C616E652062706D6E456C656D656E743D226C65617665222069643D2242504D4E506C616E655F6C65617665223E0A2020202020203C62706D6E64693A42504D4E53686170652062706D6E456C656D656E743D2273746172746576656E7431222069643D2242504D4E53686170655F73746172746576656E7431223E0A20202020202020203C6F6D6764633A426F756E6473206865696768743D2233352E30222077696474683D2233352E302220783D2231302E302220793D2239302E30223E3C2F6F6D6764633A426F756E64733E0A2020202020203C2F62706D6E64693A42504D4E53686170653E0A2020202020203C62706D6E64693A42504D4E53686170652062706D6E456C656D656E743D22646570744C65616465724175646974222069643D2242504D4E53686170655F646570744C65616465724175646974223E0A20202020202020203C6F6D6764633A426F756E6473206865696768743D2235352E30222077696474683D223130352E302220783D2239302E302220793D2238302E30223E3C2F6F6D6764633A426F756E64733E0A2020202020203C2F62706D6E64693A42504D4E53686170653E0A2020202020203C62706D6E64693A42504D4E53686170652062706D6E456C656D656E743D226578636C75736976656761746577617935222069643D2242504D4E53686170655F6578636C75736976656761746577617935223E0A20202020202020203C6F6D6764633A426F756E6473206865696768743D2234302E30222077696474683D2234302E302220783D223235302E302220793D2238372E30223E3C2F6F6D6764633A426F756E64733E0A2020202020203C2F62706D6E64693A42504D4E53686170653E0A2020202020203C62706D6E64693A42504D4E53686170652062706D6E456C656D656E743D226D6F646966794170706C79222069643D2242504D4E53686170655F6D6F646966794170706C79223E0A20202020202020203C6F6D6764633A426F756E6473206865696768743D2235352E30222077696474683D223130352E302220783D223231382E302220793D223139302E30223E3C2F6F6D6764633A426F756E64733E0A2020202020203C2F62706D6E64693A42504D4E53686170653E0A2020202020203C62706D6E64693A42504D4E53686170652062706D6E456C656D656E743D2268724175646974222069643D2242504D4E53686170655F68724175646974223E0A20202020202020203C6F6D6764633A426F756E6473206865696768743D2235352E30222077696474683D223130352E302220783D223335382E302220793D2238302E30223E3C2F6F6D6764633A426F756E64733E0A2020202020203C2F62706D6E64693A42504D4E53686170653E0A2020202020203C62706D6E64693A42504D4E53686170652062706D6E456C656D656E743D226578636C75736976656761746577617936222069643D2242504D4E53686170655F6578636C75736976656761746577617936223E0A20202020202020203C6F6D6764633A426F756E6473206865696768743D2234302E30222077696474683D2234302E302220783D223439352E302220793D2238372E30223E3C2F6F6D6764633A426F756E64733E0A2020202020203C2F62706D6E64693A42504D4E53686170653E0A2020202020203C62706D6E64693A42504D4E53686170652062706D6E456C656D656E743D227265706F72744261636B222069643D2242504D4E53686170655F7265706F72744261636B223E0A20202020202020203C6F6D6764633A426F756E6473206865696768743D2235352E30222077696474683D223130352E302220783D223539302E302220793D2238302E30223E3C2F6F6D6764633A426F756E64733E0A2020202020203C2F62706D6E64693A42504D4E53686170653E0A2020202020203C62706D6E64693A42504D4E53686170652062706D6E456C656D656E743D22656E646576656E7431222069643D2242504D4E53686170655F656E646576656E7431223E0A20202020202020203C6F6D6764633A426F756E6473206865696768743D2233352E30222077696474683D2233352E302220783D223632352E302220793D223238332E30223E3C2F6F6D6764633A426F756E64733E0A2020202020203C2F62706D6E64693A42504D4E53686170653E0A2020202020203C62706D6E64693A42504D4E53686170652062706D6E456C656D656E743D226578636C75736976656761746577617937222069643D2242504D4E53686170655F6578636C75736976656761746577617937223E0A20202020202020203C6F6D6764633A426F756E6473206865696768743D2234302E30222077696474683D2234302E302220783D223235302E302220793D223238302E30223E3C2F6F6D6764633A426F756E64733E0A2020202020203C2F62706D6E64693A42504D4E53686170653E0A2020202020203C62706D6E64693A42504D4E456467652062706D6E456C656D656E743D22666C6F7732222069643D2242504D4E456467655F666C6F7732223E0A20202020202020203C6F6D6764693A776179706F696E7420783D2234352E302220793D223130372E30223E3C2F6F6D6764693A776179706F696E743E0A20202020202020203C6F6D6764693A776179706F696E7420783D2239302E302220793D223130372E30223E3C2F6F6D6764693A776179706F696E743E0A2020202020203C2F62706D6E64693A42504D4E456467653E0A2020202020203C62706D6E64693A42504D4E456467652062706D6E456C656D656E743D22666C6F7733222069643D2242504D4E456467655F666C6F7733223E0A20202020202020203C6F6D6764693A776179706F696E7420783D223139352E302220793D223130372E30223E3C2F6F6D6764693A776179706F696E743E0A20202020202020203C6F6D6764693A776179706F696E7420783D223235302E302220793D223130372E30223E3C2F6F6D6764693A776179706F696E743E0A2020202020203C2F62706D6E64693A42504D4E456467653E0A2020202020203C62706D6E64693A42504D4E456467652062706D6E456C656D656E743D22666C6F7734222069643D2242504D4E456467655F666C6F7734223E0A20202020202020203C6F6D6764693A776179706F696E7420783D223237302E302220793D223132372E30223E3C2F6F6D6764693A776179706F696E743E0A20202020202020203C6F6D6764693A776179706F696E7420783D223237302E302220793D223139302E30223E3C2F6F6D6764693A776179706F696E743E0A20202020202020203C62706D6E64693A42504D4E4C6162656C3E0A202020202020202020203C6F6D6764633A426F756E6473206865696768743D2231342E30222077696474683D2233362E302220783D2231302E302220793D22302E30223E3C2F6F6D6764633A426F756E64733E0A20202020202020203C2F62706D6E64693A42504D4E4C6162656C3E0A2020202020203C2F62706D6E64693A42504D4E456467653E0A2020202020203C62706D6E64693A42504D4E456467652062706D6E456C656D656E743D22666C6F7735222069643D2242504D4E456467655F666C6F7735223E0A20202020202020203C6F6D6764693A776179706F696E7420783D223239302E302220793D223130372E30223E3C2F6F6D6764693A776179706F696E743E0A20202020202020203C6F6D6764693A776179706F696E7420783D223335382E302220793D223130372E30223E3C2F6F6D6764693A776179706F696E743E0A20202020202020203C62706D6E64693A42504D4E4C6162656C3E0A202020202020202020203C6F6D6764633A426F756E6473206865696768743D2231342E30222077696474683D2232342E302220783D222D32342E302220793D222D31372E30223E3C2F6F6D6764633A426F756E64733E0A20202020202020203C2F62706D6E64693A42504D4E4C6162656C3E0A2020202020203C2F62706D6E64693A42504D4E456467653E0A2020202020203C62706D6E64693A42504D4E456467652062706D6E456C656D656E743D22666C6F7736222069643D2242504D4E456467655F666C6F7736223E0A20202020202020203C6F6D6764693A776179706F696E7420783D223436332E302220793D223130372E30223E3C2F6F6D6764693A776179706F696E743E0A20202020202020203C6F6D6764693A776179706F696E7420783D223439352E302220793D223130372E30223E3C2F6F6D6764693A776179706F696E743E0A2020202020203C2F62706D6E64693A42504D4E456467653E0A2020202020203C62706D6E64693A42504D4E456467652062706D6E456C656D656E743D22666C6F7737222069643D2242504D4E456467655F666C6F7737223E0A20202020202020203C6F6D6764693A776179706F696E7420783D223533352E302220793D223130372E30223E3C2F6F6D6764693A776179706F696E743E0A20202020202020203C6F6D6764693A776179706F696E7420783D223539302E302220793D223130372E30223E3C2F6F6D6764693A776179706F696E743E0A20202020202020203C62706D6E64693A42504D4E4C6162656C3E0A202020202020202020203C6F6D6764633A426F756E6473206865696768743D2231342E30222077696474683D2232342E302220783D222D32322E302220793D222D31372E30223E3C2F6F6D6764633A426F756E64733E0A20202020202020203C2F62706D6E64693A42504D4E4C6162656C3E0A2020202020203C2F62706D6E64693A42504D4E456467653E0A2020202020203C62706D6E64693A42504D4E456467652062706D6E456C656D656E743D22666C6F7738222069643D2242504D4E456467655F666C6F7738223E0A20202020202020203C6F6D6764693A776179706F696E7420783D223634322E302220793D223133352E30223E3C2F6F6D6764693A776179706F696E743E0A20202020202020203C6F6D6764693A776179706F696E7420783D223634322E302220793D223238332E30223E3C2F6F6D6764693A776179706F696E743E0A2020202020203C2F62706D6E64693A42504D4E456467653E0A2020202020203C62706D6E64693A42504D4E456467652062706D6E456C656D656E743D22666C6F7739222069643D2242504D4E456467655F666C6F7739223E0A20202020202020203C6F6D6764693A776179706F696E7420783D223531352E302220793D223132372E30223E3C2F6F6D6764693A776179706F696E743E0A20202020202020203C6F6D6764693A776179706F696E7420783D223531342E302220793D223231372E30223E3C2F6F6D6764693A776179706F696E743E0A20202020202020203C6F6D6764693A776179706F696E7420783D223332332E302220793D223231372E30223E3C2F6F6D6764693A776179706F696E743E0A20202020202020203C62706D6E64693A42504D4E4C6162656C3E0A202020202020202020203C6F6D6764633A426F756E6473206865696768743D2231342E30222077696474683D2233362E302220783D2231302E302220793D22302E30223E3C2F6F6D6764633A426F756E64733E0A20202020202020203C2F62706D6E64693A42504D4E4C6162656C3E0A2020202020203C2F62706D6E64693A42504D4E456467653E0A2020202020203C62706D6E64693A42504D4E456467652062706D6E456C656D656E743D22666C6F773130222069643D2242504D4E456467655F666C6F773130223E0A20202020202020203C6F6D6764693A776179706F696E7420783D223235302E302220793D223330302E30223E3C2F6F6D6764693A776179706F696E743E0A20202020202020203C6F6D6764693A776179706F696E7420783D223134322E302220793D223239392E30223E3C2F6F6D6764693A776179706F696E743E0A20202020202020203C6F6D6764693A776179706F696E7420783D223134322E302220793D223133352E30223E3C2F6F6D6764693A776179706F696E743E0A20202020202020203C62706D6E64693A42504D4E4C6162656C3E0A202020202020202020203C6F6D6764633A426F756E6473206865696768743D2231342E30222077696474683D2234382E302220783D2231302E302220793D22302E30223E3C2F6F6D6764633A426F756E64733E0A20202020202020203C2F62706D6E64693A42504D4E4C6162656C3E0A2020202020203C2F62706D6E64693A42504D4E456467653E0A2020202020203C62706D6E64693A42504D4E456467652062706D6E456C656D656E743D22666C6F773131222069643D2242504D4E456467655F666C6F773131223E0A20202020202020203C6F6D6764693A776179706F696E7420783D223237302E302220793D223234352E30223E3C2F6F6D6764693A776179706F696E743E0A20202020202020203C6F6D6764693A776179706F696E7420783D223237302E302220793D223238302E30223E3C2F6F6D6764693A776179706F696E743E0A2020202020203C2F62706D6E64693A42504D4E456467653E0A2020202020203C62706D6E64693A42504D4E456467652062706D6E456C656D656E743D22666C6F773132222069643D2242504D4E456467655F666C6F773132223E0A20202020202020203C6F6D6764693A776179706F696E7420783D223239302E302220793D223330302E30223E3C2F6F6D6764693A776179706F696E743E0A20202020202020203C6F6D6764693A776179706F696E7420783D223632352E302220793D223330302E30223E3C2F6F6D6764693A776179706F696E743E0A20202020202020203C62706D6E64693A42504D4E4C6162656C3E0A202020202020202020203C6F6D6764633A426F756E6473206865696768743D2231342E30222077696474683D2234382E302220783D2231302E302220793D22302E30223E3C2F6F6D6764633A426F756E64733E0A20202020202020203C2F62706D6E64693A42504D4E4C6162656C3E0A2020202020203C2F62706D6E64693A42504D4E456467653E0A202020203C2F62706D6E64693A42504D4E506C616E653E0A20203C2F62706D6E64693A42504D4E4469616772616D3E0A3C2F646566696E6974696F6E733E, '0');

-- ----------------------------
-- Table structure for act_ge_property
-- ----------------------------
DROP TABLE IF EXISTS `act_ge_property`;
CREATE TABLE `act_ge_property` (
  `NAME_` varchar(64) COLLATE utf8_bin NOT NULL DEFAULT '',
  `VALUE_` varchar(300) COLLATE utf8_bin DEFAULT NULL,
  `REV_` int(11) DEFAULT NULL,
  PRIMARY KEY (`NAME_`)
) ENGINE=InnoDB DEFAULT CHARSET=utf8 COLLATE=utf8_bin;

-- ----------------------------
-- Records of act_ge_property
-- ----------------------------
INSERT INTO `act_ge_property` VALUES ('next.dbid', '1', '1');
INSERT INTO `act_ge_property` VALUES ('schema.history', 'create(5.14)', '1');
INSERT INTO `act_ge_property` VALUES ('schema.version', '5.14', '1');

-- ----------------------------
-- Table structure for act_hi_actinst
-- ----------------------------
DROP TABLE IF EXISTS `act_hi_actinst`;
CREATE TABLE `act_hi_actinst` (
  `ID_` varchar(64) COLLATE utf8_bin NOT NULL,
  `PROC_DEF_ID_` varchar(64) COLLATE utf8_bin NOT NULL,
  `PROC_INST_ID_` varchar(64) COLLATE utf8_bin NOT NULL,
  `EXECUTION_ID_` varchar(64) COLLATE utf8_bin NOT NULL,
  `ACT_ID_` varchar(255) COLLATE utf8_bin NOT NULL,
  `TASK_ID_` varchar(64) COLLATE utf8_bin DEFAULT NULL,
  `CALL_PROC_INST_ID_` varchar(64) COLLATE utf8_bin DEFAULT NULL,
  `ACT_NAME_` varchar(255) COLLATE utf8_bin DEFAULT NULL,
  `ACT_TYPE_` varchar(255) COLLATE utf8_bin NOT NULL,
  `ASSIGNEE_` varchar(255) COLLATE utf8_bin DEFAULT NULL,
  `START_TIME_` datetime NOT NULL,
  `END_TIME_` datetime DEFAULT NULL,
  `DURATION_` bigint(20) DEFAULT NULL,
  PRIMARY KEY (`ID_`),
  KEY `ACT_IDX_HI_ACT_INST_START` (`START_TIME_`),
  KEY `ACT_IDX_HI_ACT_INST_END` (`END_TIME_`),
  KEY `ACT_IDX_HI_ACT_INST_PROCINST` (`PROC_INST_ID_`,`ACT_ID_`),
  KEY `ACT_IDX_HI_ACT_INST_EXEC` (`EXECUTION_ID_`,`ACT_ID_`)
) ENGINE=InnoDB DEFAULT CHARSET=utf8 COLLATE=utf8_bin;

-- ----------------------------
-- Records of act_hi_actinst
-- ----------------------------
INSERT INTO `act_hi_actinst` VALUES ('09346ce115ca4c05ada1caa6d8a9ef41', 'leave:1:c5ecfc9036c748669a350678aa02c99c', '8b5ae36944a242ec88147fc2bb8f55ec', '8b5ae36944a242ec88147fc2bb8f55ec', 'startevent1', null, null, 'Start', 'startEvent', null, '2016-02-12 16:25:45', '2016-02-12 16:25:45', '12');
INSERT INTO `act_hi_actinst` VALUES ('20364aeada8b49a5b043d67c83f9def6', 'leave:1:c5ecfc9036c748669a350678aa02c99c', 'c2f5c3eaabf2415aab7d32d5b96f3890', 'c2f5c3eaabf2415aab7d32d5b96f3890', 'endevent1', null, null, 'End', 'endEvent', null, '2016-01-30 15:34:44', '2016-01-30 15:34:44', '0');
INSERT INTO `act_hi_actinst` VALUES ('5065e204237344c7aa7becee02ddd7a7', 'leave:1:c5ecfc9036c748669a350678aa02c99c', 'c2f5c3eaabf2415aab7d32d5b96f3890', 'c2f5c3eaabf2415aab7d32d5b96f3890', 'deptLeaderAudit', '8bf28fcca5a1403cbc929b6104605fbb', null, '部门领导审批', 'userTask', '1', '2016-01-30 15:29:43', '2016-01-30 15:33:41', '238036');
INSERT INTO `act_hi_actinst` VALUES ('6e8809d9a7e4416597135bc9238b0f93', 'leave:1:c5ecfc9036c748669a350678aa02c99c', 'c2f5c3eaabf2415aab7d32d5b96f3890', 'c2f5c3eaabf2415aab7d32d5b96f3890', 'exclusivegateway5', null, null, 'Exclusive Gateway', 'exclusiveGateway', null, '2016-01-30 15:33:41', '2016-01-30 15:33:41', '0');
INSERT INTO `act_hi_actinst` VALUES ('7861daa04be84114ae8f9f9830c51453', 'leave:1:c5ecfc9036c748669a350678aa02c99c', 'c2f5c3eaabf2415aab7d32d5b96f3890', 'c2f5c3eaabf2415aab7d32d5b96f3890', 'hrAudit', 'afcafaf700b14f419dc5cfb89f7decea', null, '人事审批', 'userTask', '1', '2016-01-30 15:33:41', '2016-01-30 15:34:01', '20740');
INSERT INTO `act_hi_actinst` VALUES ('7a698bf0c15e46659ca3e3add1dc3d8c', 'leave:1:c5ecfc9036c748669a350678aa02c99c', '8ed1f81b66f346f4a032765666cbc621', '8ed1f81b66f346f4a032765666cbc621', 'startevent1', null, null, 'Start', 'startEvent', null, '2016-02-10 21:03:17', '2016-02-10 21:03:17', '13');
INSERT INTO `act_hi_actinst` VALUES ('8fd8aed5b86e420f80888bfa48641fc0', 'leave:1:c5ecfc9036c748669a350678aa02c99c', '8ed1f81b66f346f4a032765666cbc621', '8ed1f81b66f346f4a032765666cbc621', 'exclusivegateway5', null, null, 'Exclusive Gateway', 'exclusiveGateway', null, '2016-02-11 23:41:49', '2016-02-11 23:41:49', '4');
INSERT INTO `act_hi_actinst` VALUES ('970714031f61494eb6ad4c1a6474670b', 'leave:1:c5ecfc9036c748669a350678aa02c99c', 'c2f5c3eaabf2415aab7d32d5b96f3890', 'c2f5c3eaabf2415aab7d32d5b96f3890', 'reportBack', 'a1e639e25b7848d28fc58dd3e7f748eb', null, '销假', 'userTask', '1', '2016-01-30 15:34:01', '2016-01-30 15:34:44', '43036');
INSERT INTO `act_hi_actinst` VALUES ('b0c172f9edf545be96e07e18b9ca4a90', 'leave:1:c5ecfc9036c748669a350678aa02c99c', '8ed1f81b66f346f4a032765666cbc621', '8ed1f81b66f346f4a032765666cbc621', 'hrAudit', '49f8c2a271c948718349d7184ae8e9c6', null, '人事审批', 'userTask', '1', '2016-02-11 23:41:49', '2016-02-11 23:42:09', '20165');
INSERT INTO `act_hi_actinst` VALUES ('b7485ae9bf114ec297ce034e3304fbce', 'leave:1:c5ecfc9036c748669a350678aa02c99c', 'c2f5c3eaabf2415aab7d32d5b96f3890', 'c2f5c3eaabf2415aab7d32d5b96f3890', 'exclusivegateway6', null, null, 'Exclusive Gateway', 'exclusiveGateway', null, '2016-01-30 15:34:01', '2016-01-30 15:34:01', '0');
INSERT INTO `act_hi_actinst` VALUES ('b891f8d04070439190528163f03aeb7a', 'leave:1:c5ecfc9036c748669a350678aa02c99c', '8ed1f81b66f346f4a032765666cbc621', '8ed1f81b66f346f4a032765666cbc621', 'exclusivegateway6', null, null, 'Exclusive Gateway', 'exclusiveGateway', null, '2016-02-11 23:42:09', '2016-02-11 23:42:09', '0');
INSERT INTO `act_hi_actinst` VALUES ('c082ffcba98a41bf95aebcbe00810316', 'leave:1:c5ecfc9036c748669a350678aa02c99c', 'c2f5c3eaabf2415aab7d32d5b96f3890', 'c2f5c3eaabf2415aab7d32d5b96f3890', 'startevent1', null, null, 'Start', 'startEvent', null, '2016-01-30 15:29:43', '2016-01-30 15:29:43', '9');
INSERT INTO `act_hi_actinst` VALUES ('c3dcad34b1f6400c915d739d6fa7fff7', 'leave:1:c5ecfc9036c748669a350678aa02c99c', '8ed1f81b66f346f4a032765666cbc621', '8ed1f81b66f346f4a032765666cbc621', 'endevent1', null, null, 'End', 'endEvent', null, '2016-02-11 23:42:40', '2016-02-11 23:42:40', '0');
INSERT INTO `act_hi_actinst` VALUES ('c5d3eb4b81734b839e7c5b15dafd1d86', 'leave:1:c5ecfc9036c748669a350678aa02c99c', '8b5ae36944a242ec88147fc2bb8f55ec', '8b5ae36944a242ec88147fc2bb8f55ec', 'deptLeaderAudit', 'd021192425384f4c939b66857e2d33fd', null, '部门领导审批', 'userTask', null, '2016-02-12 16:25:45', null, null);
INSERT INTO `act_hi_actinst` VALUES ('d6853eaccdfb4edc8580ff705707c5f7', 'leave:1:c5ecfc9036c748669a350678aa02c99c', '8ed1f81b66f346f4a032765666cbc621', '8ed1f81b66f346f4a032765666cbc621', 'deptLeaderAudit', '511a35e664854bffb344ab6ad8df5d17', null, '部门领导审批', 'userTask', '1', '2016-02-10 21:03:17', '2016-02-11 23:41:49', '95912527');
INSERT INTO `act_hi_actinst` VALUES ('e261a00ba5ae495ca54228e974bf944d', 'leave:1:c5ecfc9036c748669a350678aa02c99c', '8ed1f81b66f346f4a032765666cbc621', '8ed1f81b66f346f4a032765666cbc621', 'reportBack', 'a4c8850bb557435396ebc399f04cefd1', null, '销假', 'userTask', '1', '2016-02-11 23:42:09', '2016-02-11 23:42:40', '31323');

-- ----------------------------
-- Table structure for act_hi_attachment
-- ----------------------------
DROP TABLE IF EXISTS `act_hi_attachment`;
CREATE TABLE `act_hi_attachment` (
  `ID_` varchar(64) COLLATE utf8_bin NOT NULL,
  `REV_` int(11) DEFAULT NULL,
  `USER_ID_` varchar(255) COLLATE utf8_bin DEFAULT NULL,
  `NAME_` varchar(255) COLLATE utf8_bin DEFAULT NULL,
  `DESCRIPTION_` varchar(4000) COLLATE utf8_bin DEFAULT NULL,
  `TYPE_` varchar(255) COLLATE utf8_bin DEFAULT NULL,
  `TASK_ID_` varchar(64) COLLATE utf8_bin DEFAULT NULL,
  `PROC_INST_ID_` varchar(64) COLLATE utf8_bin DEFAULT NULL,
  `URL_` varchar(4000) COLLATE utf8_bin DEFAULT NULL,
  `CONTENT_ID_` varchar(64) COLLATE utf8_bin DEFAULT NULL,
  PRIMARY KEY (`ID_`)
) ENGINE=InnoDB DEFAULT CHARSET=utf8 COLLATE=utf8_bin;

-- ----------------------------
-- Records of act_hi_attachment
-- ----------------------------

-- ----------------------------
-- Table structure for act_hi_comment
-- ----------------------------
DROP TABLE IF EXISTS `act_hi_comment`;
CREATE TABLE `act_hi_comment` (
  `ID_` varchar(64) COLLATE utf8_bin NOT NULL,
  `TYPE_` varchar(255) COLLATE utf8_bin DEFAULT NULL,
  `TIME_` datetime NOT NULL,
  `USER_ID_` varchar(255) COLLATE utf8_bin DEFAULT NULL,
  `TASK_ID_` varchar(64) COLLATE utf8_bin DEFAULT NULL,
  `PROC_INST_ID_` varchar(64) COLLATE utf8_bin DEFAULT NULL,
  `ACTION_` varchar(255) COLLATE utf8_bin DEFAULT NULL,
  `MESSAGE_` varchar(4000) COLLATE utf8_bin DEFAULT NULL,
  `FULL_MSG_` longblob,
  PRIMARY KEY (`ID_`)
) ENGINE=InnoDB DEFAULT CHARSET=utf8 COLLATE=utf8_bin;

-- ----------------------------
-- Records of act_hi_comment
-- ----------------------------
INSERT INTO `act_hi_comment` VALUES ('16dff634f8b24bc8ad960b0d60cf0af6', 'comment', '2016-02-11 23:41:49', null, '511a35e664854bffb344ab6ad8df5d17', '8ed1f81b66f346f4a032765666cbc621', 'AddComment', 'hao de', 0x68616F206465);
INSERT INTO `act_hi_comment` VALUES ('220b93fd121e4dba94b683c01a4d066e', 'comment', '2016-02-11 23:42:09', null, '49f8c2a271c948718349d7184ae8e9c6', '8ed1f81b66f346f4a032765666cbc621', 'AddComment', 'hoaba', 0x686F616261);
INSERT INTO `act_hi_comment` VALUES ('831c9f2cf5e84c3283b9ed9c24b2942d', 'comment', '2016-01-30 15:34:01', null, 'afcafaf700b14f419dc5cfb89f7decea', 'c2f5c3eaabf2415aab7d32d5b96f3890', 'AddComment', '我不是人事', 0xE68891E4B88DE698AFE4BABAE4BA8B);
INSERT INTO `act_hi_comment` VALUES ('e4a0857c0ec74a02a5b3d38476ad51f5', 'comment', '2016-01-30 15:33:41', null, '8bf28fcca5a1403cbc929b6104605fbb', 'c2f5c3eaabf2415aab7d32d5b96f3890', 'AddComment', '看着不错', 0xE79C8BE79D80E4B88DE99499);

-- ----------------------------
-- Table structure for act_hi_detail
-- ----------------------------
DROP TABLE IF EXISTS `act_hi_detail`;
CREATE TABLE `act_hi_detail` (
  `ID_` varchar(64) COLLATE utf8_bin NOT NULL,
  `TYPE_` varchar(255) COLLATE utf8_bin NOT NULL,
  `PROC_INST_ID_` varchar(64) COLLATE utf8_bin DEFAULT NULL,
  `EXECUTION_ID_` varchar(64) COLLATE utf8_bin DEFAULT NULL,
  `TASK_ID_` varchar(64) COLLATE utf8_bin DEFAULT NULL,
  `ACT_INST_ID_` varchar(64) COLLATE utf8_bin DEFAULT NULL,
  `NAME_` varchar(255) COLLATE utf8_bin NOT NULL,
  `VAR_TYPE_` varchar(255) COLLATE utf8_bin DEFAULT NULL,
  `REV_` int(11) DEFAULT NULL,
  `TIME_` datetime NOT NULL,
  `BYTEARRAY_ID_` varchar(64) COLLATE utf8_bin DEFAULT NULL,
  `DOUBLE_` double DEFAULT NULL,
  `LONG_` bigint(20) DEFAULT NULL,
  `TEXT_` varchar(4000) COLLATE utf8_bin DEFAULT NULL,
  `TEXT2_` varchar(4000) COLLATE utf8_bin DEFAULT NULL,
  PRIMARY KEY (`ID_`),
  KEY `ACT_IDX_HI_DETAIL_PROC_INST` (`PROC_INST_ID_`),
  KEY `ACT_IDX_HI_DETAIL_ACT_INST` (`ACT_INST_ID_`),
  KEY `ACT_IDX_HI_DETAIL_TIME` (`TIME_`),
  KEY `ACT_IDX_HI_DETAIL_NAME` (`NAME_`),
  KEY `ACT_IDX_HI_DETAIL_TASK_ID` (`TASK_ID_`)
) ENGINE=InnoDB DEFAULT CHARSET=utf8 COLLATE=utf8_bin;

-- ----------------------------
-- Records of act_hi_detail
-- ----------------------------
INSERT INTO `act_hi_detail` VALUES ('300f7f8859264c02bf7b7afeae386690', 'VariableUpdate', '8b5ae36944a242ec88147fc2bb8f55ec', '8b5ae36944a242ec88147fc2bb8f55ec', null, null, 'applyUserId', 'string', '0', '2016-02-12 16:25:45', null, null, null, '1', null);
INSERT INTO `act_hi_detail` VALUES ('39e7db5dc11c46ceb4bc8edebdd28d39', 'VariableUpdate', 'c2f5c3eaabf2415aab7d32d5b96f3890', 'c2f5c3eaabf2415aab7d32d5b96f3890', null, null, 'applyUserId', 'string', '0', '2016-01-30 15:29:43', null, null, null, '1', null);
INSERT INTO `act_hi_detail` VALUES ('4d5fd17b56024f56b88a8ed7b445b9f8', 'VariableUpdate', '8ed1f81b66f346f4a032765666cbc621', '8ed1f81b66f346f4a032765666cbc621', null, 'b0c172f9edf545be96e07e18b9ca4a90', 'hrPass', 'boolean', '0', '2016-02-11 23:42:09', null, null, '1', null, null);
INSERT INTO `act_hi_detail` VALUES ('6e20356901ec4fa4864016af877085dc', 'VariableUpdate', '8ed1f81b66f346f4a032765666cbc621', '8ed1f81b66f346f4a032765666cbc621', null, 'd6853eaccdfb4edc8580ff705707c5f7', 'deptLeaderPass', 'boolean', '0', '2016-02-11 23:41:49', null, null, '1', null, null);
INSERT INTO `act_hi_detail` VALUES ('7c0b1a701b44456490f468677aa3fe61', 'VariableUpdate', 'c2f5c3eaabf2415aab7d32d5b96f3890', 'c2f5c3eaabf2415aab7d32d5b96f3890', null, '7861daa04be84114ae8f9f9830c51453', 'hrPass', 'boolean', '0', '2016-01-30 15:34:01', null, null, '1', null, null);
INSERT INTO `act_hi_detail` VALUES ('ccd9ca05a23c4a86bb8f791268111707', 'VariableUpdate', '8ed1f81b66f346f4a032765666cbc621', '8ed1f81b66f346f4a032765666cbc621', null, null, 'applyUserId', 'string', '0', '2016-02-10 21:03:17', null, null, null, '1', null);
INSERT INTO `act_hi_detail` VALUES ('d27703d226c64739b1c702d63549aabd', 'VariableUpdate', 'c2f5c3eaabf2415aab7d32d5b96f3890', 'c2f5c3eaabf2415aab7d32d5b96f3890', null, '5065e204237344c7aa7becee02ddd7a7', 'deptLeaderPass', 'boolean', '0', '2016-01-30 15:33:41', null, null, '1', null, null);

-- ----------------------------
-- Table structure for act_hi_identitylink
-- ----------------------------
DROP TABLE IF EXISTS `act_hi_identitylink`;
CREATE TABLE `act_hi_identitylink` (
  `ID_` varchar(64) COLLATE utf8_bin NOT NULL DEFAULT '',
  `GROUP_ID_` varchar(255) COLLATE utf8_bin DEFAULT NULL,
  `TYPE_` varchar(255) COLLATE utf8_bin DEFAULT NULL,
  `USER_ID_` varchar(255) COLLATE utf8_bin DEFAULT NULL,
  `TASK_ID_` varchar(64) COLLATE utf8_bin DEFAULT NULL,
  `PROC_INST_ID_` varchar(64) COLLATE utf8_bin DEFAULT NULL,
  PRIMARY KEY (`ID_`),
  KEY `ACT_IDX_HI_IDENT_LNK_USER` (`USER_ID_`),
  KEY `ACT_IDX_HI_IDENT_LNK_TASK` (`TASK_ID_`),
  KEY `ACT_IDX_HI_IDENT_LNK_PROCINST` (`PROC_INST_ID_`)
) ENGINE=InnoDB DEFAULT CHARSET=utf8 COLLATE=utf8_bin;

-- ----------------------------
-- Records of act_hi_identitylink
-- ----------------------------
INSERT INTO `act_hi_identitylink` VALUES ('1a52341aa340473a9feed5c3a75dbc4c', null, 'starter', '1', null, 'c2f5c3eaabf2415aab7d32d5b96f3890');
INSERT INTO `act_hi_identitylink` VALUES ('6735b8df4b3c4e2fa4c50392bae8aacf', 'oa:leave:deptLeaderAudit', 'candidate', null, '8bf28fcca5a1403cbc929b6104605fbb', null);
INSERT INTO `act_hi_identitylink` VALUES ('74c8c72bf5394f11b72619dc29a71f50', 'oa:leave:deptLeaderAudit', 'candidate', null, 'd021192425384f4c939b66857e2d33fd', null);
INSERT INTO `act_hi_identitylink` VALUES ('9d41763b696b48bd935b94a723b12259', null, 'starter', '1', null, '8b5ae36944a242ec88147fc2bb8f55ec');
INSERT INTO `act_hi_identitylink` VALUES ('a82a1cc9ab1c430aabdb2b8a24688962', 'oa:leave:deptLeaderAudit', 'candidate', null, '511a35e664854bffb344ab6ad8df5d17', null);
INSERT INTO `act_hi_identitylink` VALUES ('aca99d4633d547f9a954e19d1da9dc3c', null, 'starter', '1', null, '8ed1f81b66f346f4a032765666cbc621');
INSERT INTO `act_hi_identitylink` VALUES ('edb73dd5456a4b9c8b91947994f42680', 'oa:leave:hrAudit', 'candidate', null, 'afcafaf700b14f419dc5cfb89f7decea', null);
INSERT INTO `act_hi_identitylink` VALUES ('ffd622ed286648eb8a36d85848254c11', 'oa:leave:hrAudit', 'candidate', null, '49f8c2a271c948718349d7184ae8e9c6', null);

-- ----------------------------
-- Table structure for act_hi_procinst
-- ----------------------------
DROP TABLE IF EXISTS `act_hi_procinst`;
CREATE TABLE `act_hi_procinst` (
  `ID_` varchar(64) COLLATE utf8_bin NOT NULL,
  `PROC_INST_ID_` varchar(64) COLLATE utf8_bin NOT NULL,
  `BUSINESS_KEY_` varchar(255) COLLATE utf8_bin DEFAULT NULL,
  `PROC_DEF_ID_` varchar(64) COLLATE utf8_bin NOT NULL,
  `START_TIME_` datetime NOT NULL,
  `END_TIME_` datetime DEFAULT NULL,
  `DURATION_` bigint(20) DEFAULT NULL,
  `START_USER_ID_` varchar(255) COLLATE utf8_bin DEFAULT NULL,
  `START_ACT_ID_` varchar(255) COLLATE utf8_bin DEFAULT NULL,
  `END_ACT_ID_` varchar(255) COLLATE utf8_bin DEFAULT NULL,
  `SUPER_PROCESS_INSTANCE_ID_` varchar(64) COLLATE utf8_bin DEFAULT NULL,
  `DELETE_REASON_` varchar(4000) COLLATE utf8_bin DEFAULT NULL,
  PRIMARY KEY (`ID_`),
  UNIQUE KEY `PROC_INST_ID_` (`PROC_INST_ID_`),
  UNIQUE KEY `ACT_UNIQ_HI_BUS_KEY` (`PROC_DEF_ID_`,`BUSINESS_KEY_`),
  KEY `ACT_IDX_HI_PRO_INST_END` (`END_TIME_`),
  KEY `ACT_IDX_HI_PRO_I_BUSKEY` (`BUSINESS_KEY_`)
) ENGINE=InnoDB DEFAULT CHARSET=utf8 COLLATE=utf8_bin;

-- ----------------------------
-- Records of act_hi_procinst
-- ----------------------------
INSERT INTO `act_hi_procinst` VALUES ('8b5ae36944a242ec88147fc2bb8f55ec', '8b5ae36944a242ec88147fc2bb8f55ec', '7798a172990142218dae612e510d999f', 'leave:1:c5ecfc9036c748669a350678aa02c99c', '2016-02-12 16:25:45', null, null, '1', 'startevent1', null, null, null);
INSERT INTO `act_hi_procinst` VALUES ('8ed1f81b66f346f4a032765666cbc621', '8ed1f81b66f346f4a032765666cbc621', '6b15b3e3abca407d95441a8cbf1ab400', 'leave:1:c5ecfc9036c748669a350678aa02c99c', '2016-02-10 21:03:17', '2016-02-11 23:42:40', '95963324', '1', 'startevent1', 'endevent1', null, null);
INSERT INTO `act_hi_procinst` VALUES ('c2f5c3eaabf2415aab7d32d5b96f3890', 'c2f5c3eaabf2415aab7d32d5b96f3890', '106e148defdc4f8299d69dc6ca59aa35', 'leave:1:c5ecfc9036c748669a350678aa02c99c', '2016-01-30 15:29:43', '2016-01-30 15:34:44', '301037', '1', 'startevent1', 'endevent1', null, null);

-- ----------------------------
-- Table structure for act_hi_taskinst
-- ----------------------------
DROP TABLE IF EXISTS `act_hi_taskinst`;
CREATE TABLE `act_hi_taskinst` (
  `ID_` varchar(64) COLLATE utf8_bin NOT NULL,
  `PROC_DEF_ID_` varchar(64) COLLATE utf8_bin DEFAULT NULL,
  `TASK_DEF_KEY_` varchar(255) COLLATE utf8_bin DEFAULT NULL,
  `PROC_INST_ID_` varchar(64) COLLATE utf8_bin DEFAULT NULL,
  `EXECUTION_ID_` varchar(64) COLLATE utf8_bin DEFAULT NULL,
  `NAME_` varchar(255) COLLATE utf8_bin DEFAULT NULL,
  `PARENT_TASK_ID_` varchar(64) COLLATE utf8_bin DEFAULT NULL,
  `DESCRIPTION_` varchar(4000) COLLATE utf8_bin DEFAULT NULL,
  `OWNER_` varchar(255) COLLATE utf8_bin DEFAULT NULL,
  `ASSIGNEE_` varchar(255) COLLATE utf8_bin DEFAULT NULL,
  `START_TIME_` datetime NOT NULL,
  `CLAIM_TIME_` datetime DEFAULT NULL,
  `END_TIME_` datetime DEFAULT NULL,
  `DURATION_` bigint(20) DEFAULT NULL,
  `DELETE_REASON_` varchar(4000) COLLATE utf8_bin DEFAULT NULL,
  `PRIORITY_` int(11) DEFAULT NULL,
  `DUE_DATE_` datetime DEFAULT NULL,
  `FORM_KEY_` varchar(255) COLLATE utf8_bin DEFAULT NULL,
  PRIMARY KEY (`ID_`)
) ENGINE=InnoDB DEFAULT CHARSET=utf8 COLLATE=utf8_bin;

-- ----------------------------
-- Records of act_hi_taskinst
-- ----------------------------
INSERT INTO `act_hi_taskinst` VALUES ('49f8c2a271c948718349d7184ae8e9c6', 'leave:1:c5ecfc9036c748669a350678aa02c99c', 'hrAudit', '8ed1f81b66f346f4a032765666cbc621', '8ed1f81b66f346f4a032765666cbc621', '人事审批', null, null, null, '1', '2016-02-11 23:41:49', '2016-02-11 23:42:09', '2016-02-11 23:42:09', '20164', 'completed', '50', null, null);
INSERT INTO `act_hi_taskinst` VALUES ('511a35e664854bffb344ab6ad8df5d17', 'leave:1:c5ecfc9036c748669a350678aa02c99c', 'deptLeaderAudit', '8ed1f81b66f346f4a032765666cbc621', '8ed1f81b66f346f4a032765666cbc621', '部门领导审批', null, null, null, '1', '2016-02-10 21:03:17', '2016-02-11 23:41:49', '2016-02-11 23:41:49', '95912517', 'completed', '50', null, null);
INSERT INTO `act_hi_taskinst` VALUES ('8bf28fcca5a1403cbc929b6104605fbb', 'leave:1:c5ecfc9036c748669a350678aa02c99c', 'deptLeaderAudit', 'c2f5c3eaabf2415aab7d32d5b96f3890', 'c2f5c3eaabf2415aab7d32d5b96f3890', '部门领导审批', null, null, null, '1', '2016-01-30 15:29:43', '2016-01-30 15:33:41', '2016-01-30 15:33:41', '238034', 'completed', '50', null, null);
INSERT INTO `act_hi_taskinst` VALUES ('a1e639e25b7848d28fc58dd3e7f748eb', 'leave:1:c5ecfc9036c748669a350678aa02c99c', 'reportBack', 'c2f5c3eaabf2415aab7d32d5b96f3890', 'c2f5c3eaabf2415aab7d32d5b96f3890', '销假', null, null, null, '1', '2016-01-30 15:34:01', null, '2016-01-30 15:34:44', '43031', 'completed', '50', null, null);
INSERT INTO `act_hi_taskinst` VALUES ('a4c8850bb557435396ebc399f04cefd1', 'leave:1:c5ecfc9036c748669a350678aa02c99c', 'reportBack', '8ed1f81b66f346f4a032765666cbc621', '8ed1f81b66f346f4a032765666cbc621', '销假', null, null, null, '1', '2016-02-11 23:42:09', null, '2016-02-11 23:42:40', '31317', 'completed', '50', null, null);
INSERT INTO `act_hi_taskinst` VALUES ('afcafaf700b14f419dc5cfb89f7decea', 'leave:1:c5ecfc9036c748669a350678aa02c99c', 'hrAudit', 'c2f5c3eaabf2415aab7d32d5b96f3890', 'c2f5c3eaabf2415aab7d32d5b96f3890', '人事审批', null, null, null, '1', '2016-01-30 15:33:41', '2016-01-30 15:34:01', '2016-01-30 15:34:01', '20739', 'completed', '50', null, null);
INSERT INTO `act_hi_taskinst` VALUES ('d021192425384f4c939b66857e2d33fd', 'leave:1:c5ecfc9036c748669a350678aa02c99c', 'deptLeaderAudit', '8b5ae36944a242ec88147fc2bb8f55ec', '8b5ae36944a242ec88147fc2bb8f55ec', '部门领导审批', null, null, null, null, '2016-02-12 16:25:45', null, null, null, null, '50', null, null);

-- ----------------------------
-- Table structure for act_hi_varinst
-- ----------------------------
DROP TABLE IF EXISTS `act_hi_varinst`;
CREATE TABLE `act_hi_varinst` (
  `ID_` varchar(64) COLLATE utf8_bin NOT NULL,
  `PROC_INST_ID_` varchar(64) COLLATE utf8_bin DEFAULT NULL,
  `EXECUTION_ID_` varchar(64) COLLATE utf8_bin DEFAULT NULL,
  `TASK_ID_` varchar(64) COLLATE utf8_bin DEFAULT NULL,
  `NAME_` varchar(255) COLLATE utf8_bin NOT NULL,
  `VAR_TYPE_` varchar(100) COLLATE utf8_bin DEFAULT NULL,
  `REV_` int(11) DEFAULT NULL,
  `BYTEARRAY_ID_` varchar(64) COLLATE utf8_bin DEFAULT NULL,
  `DOUBLE_` double DEFAULT NULL,
  `LONG_` bigint(20) DEFAULT NULL,
  `TEXT_` varchar(4000) COLLATE utf8_bin DEFAULT NULL,
  `TEXT2_` varchar(4000) COLLATE utf8_bin DEFAULT NULL,
  PRIMARY KEY (`ID_`),
  KEY `ACT_IDX_HI_PROCVAR_PROC_INST` (`PROC_INST_ID_`),
  KEY `ACT_IDX_HI_PROCVAR_NAME_TYPE` (`NAME_`,`VAR_TYPE_`)
) ENGINE=InnoDB DEFAULT CHARSET=utf8 COLLATE=utf8_bin;

-- ----------------------------
-- Records of act_hi_varinst
-- ----------------------------
INSERT INTO `act_hi_varinst` VALUES ('083e471bcaba4d07a172c8b5fbbb771d', '8ed1f81b66f346f4a032765666cbc621', '8ed1f81b66f346f4a032765666cbc621', null, 'hrPass', 'boolean', '0', null, null, '1', null, null);
INSERT INTO `act_hi_varinst` VALUES ('18220eea4fa7423db2deed262197c525', '8ed1f81b66f346f4a032765666cbc621', '8ed1f81b66f346f4a032765666cbc621', null, 'deptLeaderPass', 'boolean', '0', null, null, '1', null, null);
INSERT INTO `act_hi_varinst` VALUES ('3a239f91dca94c66886c2bc004ee2c62', 'c2f5c3eaabf2415aab7d32d5b96f3890', 'c2f5c3eaabf2415aab7d32d5b96f3890', null, 'applyUserId', 'string', '0', null, null, null, '1', null);
INSERT INTO `act_hi_varinst` VALUES ('415cfd3ac9bb4f4bb2551f71119bfd7b', 'c2f5c3eaabf2415aab7d32d5b96f3890', 'c2f5c3eaabf2415aab7d32d5b96f3890', null, 'hrPass', 'boolean', '0', null, null, '1', null, null);
INSERT INTO `act_hi_varinst` VALUES ('6e05ab539d1b48de80239bed9d570767', 'c2f5c3eaabf2415aab7d32d5b96f3890', 'c2f5c3eaabf2415aab7d32d5b96f3890', null, 'deptLeaderPass', 'boolean', '0', null, null, '1', null, null);
INSERT INTO `act_hi_varinst` VALUES ('82160bc4ff684d809a45aeff814b5b3b', '8ed1f81b66f346f4a032765666cbc621', '8ed1f81b66f346f4a032765666cbc621', null, 'applyUserId', 'string', '0', null, null, null, '1', null);
INSERT INTO `act_hi_varinst` VALUES ('c78587b6d1df402398de60933c1c1910', '8b5ae36944a242ec88147fc2bb8f55ec', '8b5ae36944a242ec88147fc2bb8f55ec', null, 'applyUserId', 'string', '0', null, null, null, '1', null);

-- ----------------------------
-- Table structure for act_id_group
-- ----------------------------
DROP TABLE IF EXISTS `act_id_group`;
CREATE TABLE `act_id_group` (
  `ID_` varchar(64) COLLATE utf8_bin NOT NULL DEFAULT '',
  `REV_` int(11) DEFAULT NULL,
  `NAME_` varchar(255) COLLATE utf8_bin DEFAULT NULL,
  `TYPE_` varchar(255) COLLATE utf8_bin DEFAULT NULL,
  PRIMARY KEY (`ID_`)
) ENGINE=InnoDB DEFAULT CHARSET=utf8 COLLATE=utf8_bin;

-- ----------------------------
-- Records of act_id_group
-- ----------------------------
INSERT INTO `act_id_group` VALUES ('oa:leave:deptLeaderAudit', '1', null, null);
INSERT INTO `act_id_group` VALUES ('oa:leave:hrAudit', '1', null, null);

-- ----------------------------
-- Table structure for act_id_info
-- ----------------------------
DROP TABLE IF EXISTS `act_id_info`;
CREATE TABLE `act_id_info` (
  `ID_` varchar(64) COLLATE utf8_bin NOT NULL DEFAULT '',
  `REV_` int(11) DEFAULT NULL,
  `USER_ID_` varchar(64) COLLATE utf8_bin DEFAULT NULL,
  `TYPE_` varchar(64) COLLATE utf8_bin DEFAULT NULL,
  `KEY_` varchar(255) COLLATE utf8_bin DEFAULT NULL,
  `VALUE_` varchar(255) COLLATE utf8_bin DEFAULT NULL,
  `PASSWORD_` longblob,
  `PARENT_ID_` varchar(255) COLLATE utf8_bin DEFAULT NULL,
  PRIMARY KEY (`ID_`)
) ENGINE=InnoDB DEFAULT CHARSET=utf8 COLLATE=utf8_bin;

-- ----------------------------
-- Records of act_id_info
-- ----------------------------

-- ----------------------------
-- Table structure for act_id_membership
-- ----------------------------
DROP TABLE IF EXISTS `act_id_membership`;
CREATE TABLE `act_id_membership` (
  `USER_ID_` varchar(64) COLLATE utf8_bin NOT NULL DEFAULT '',
  `GROUP_ID_` varchar(64) COLLATE utf8_bin NOT NULL DEFAULT '',
  PRIMARY KEY (`USER_ID_`,`GROUP_ID_`),
  KEY `ACT_FK_MEMB_GROUP` (`GROUP_ID_`),
  CONSTRAINT `ACT_FK_MEMB_GROUP` FOREIGN KEY (`GROUP_ID_`) REFERENCES `act_id_group` (`ID_`),
  CONSTRAINT `ACT_FK_MEMB_USER` FOREIGN KEY (`USER_ID_`) REFERENCES `act_id_user` (`ID_`)
) ENGINE=InnoDB DEFAULT CHARSET=utf8 COLLATE=utf8_bin;

-- ----------------------------
-- Records of act_id_membership
-- ----------------------------
INSERT INTO `act_id_membership` VALUES ('1', 'oa:leave:deptLeaderAudit');
INSERT INTO `act_id_membership` VALUES ('9', 'oa:leave:deptLeaderAudit');
INSERT INTO `act_id_membership` VALUES ('1', 'oa:leave:hrAudit');
INSERT INTO `act_id_membership` VALUES ('9', 'oa:leave:hrAudit');

-- ----------------------------
-- Table structure for act_id_user
-- ----------------------------
DROP TABLE IF EXISTS `act_id_user`;
CREATE TABLE `act_id_user` (
  `ID_` varchar(64) COLLATE utf8_bin NOT NULL DEFAULT '',
  `REV_` int(11) DEFAULT NULL,
  `FIRST_` varchar(255) COLLATE utf8_bin DEFAULT NULL,
  `LAST_` varchar(255) COLLATE utf8_bin DEFAULT NULL,
  `EMAIL_` varchar(255) COLLATE utf8_bin DEFAULT NULL,
  `PWD_` varchar(255) COLLATE utf8_bin DEFAULT NULL,
  `PICTURE_ID_` varchar(64) COLLATE utf8_bin DEFAULT NULL,
  PRIMARY KEY (`ID_`)
) ENGINE=InnoDB DEFAULT CHARSET=utf8 COLLATE=utf8_bin;

-- ----------------------------
-- Records of act_id_user
-- ----------------------------
INSERT INTO `act_id_user` VALUES ('1', '1', null, null, null, null, null);
INSERT INTO `act_id_user` VALUES ('10', '1', null, null, null, null, null);
INSERT INTO `act_id_user` VALUES ('11', '1', null, null, null, null, null);
INSERT INTO `act_id_user` VALUES ('12', '1', null, null, null, null, null);
INSERT INTO `act_id_user` VALUES ('13', '1', null, null, null, null, null);
INSERT INTO `act_id_user` VALUES ('14', '1', null, null, null, null, null);
INSERT INTO `act_id_user` VALUES ('2', '1', null, null, null, null, null);
INSERT INTO `act_id_user` VALUES ('241cc0cbd080442da47f0d35c8dbd715', '1', null, null, null, null, null);
INSERT INTO `act_id_user` VALUES ('3', '1', null, null, null, null, null);
INSERT INTO `act_id_user` VALUES ('3038a878f1544ec9a919c8f4cf935832', '1', null, null, null, null, null);
INSERT INTO `act_id_user` VALUES ('4', '1', null, null, null, null, null);
INSERT INTO `act_id_user` VALUES ('5', '1', null, null, null, null, null);
INSERT INTO `act_id_user` VALUES ('6', '1', null, null, null, null, null);
INSERT INTO `act_id_user` VALUES ('7', '1', null, null, null, null, null);
INSERT INTO `act_id_user` VALUES ('8', '1', null, null, null, null, null);
INSERT INTO `act_id_user` VALUES ('83ced196f8524396ab0b617f235979eb', '1', null, null, null, null, null);
INSERT INTO `act_id_user` VALUES ('9', '1', null, null, null, null, null);

-- ----------------------------
-- Table structure for act_re_deployment
-- ----------------------------
DROP TABLE IF EXISTS `act_re_deployment`;
CREATE TABLE `act_re_deployment` (
  `ID_` varchar(64) COLLATE utf8_bin NOT NULL DEFAULT '',
  `NAME_` varchar(255) COLLATE utf8_bin DEFAULT NULL,
  `CATEGORY_` varchar(255) COLLATE utf8_bin DEFAULT NULL,
  `DEPLOY_TIME_` timestamp NOT NULL DEFAULT CURRENT_TIMESTAMP ON UPDATE CURRENT_TIMESTAMP,
  PRIMARY KEY (`ID_`)
) ENGINE=InnoDB DEFAULT CHARSET=utf8 COLLATE=utf8_bin;

-- ----------------------------
-- Records of act_re_deployment
-- ----------------------------
INSERT INTO `act_re_deployment` VALUES ('9f8ac51208c44024a2687beb61f1b1f3', 'SpringAutoDeployment', null, '2016-01-29 21:00:38');

-- ----------------------------
-- Table structure for act_re_model
-- ----------------------------
DROP TABLE IF EXISTS `act_re_model`;
CREATE TABLE `act_re_model` (
  `ID_` varchar(64) COLLATE utf8_bin NOT NULL,
  `REV_` int(11) DEFAULT NULL,
  `NAME_` varchar(255) COLLATE utf8_bin DEFAULT NULL,
  `KEY_` varchar(255) COLLATE utf8_bin DEFAULT NULL,
  `CATEGORY_` varchar(255) COLLATE utf8_bin DEFAULT NULL,
  `CREATE_TIME_` timestamp NULL DEFAULT NULL,
  `LAST_UPDATE_TIME_` timestamp NULL DEFAULT NULL,
  `VERSION_` int(11) DEFAULT NULL,
  `META_INFO_` varchar(4000) COLLATE utf8_bin DEFAULT NULL,
  `DEPLOYMENT_ID_` varchar(64) COLLATE utf8_bin DEFAULT NULL,
  `EDITOR_SOURCE_VALUE_ID_` varchar(64) COLLATE utf8_bin DEFAULT NULL,
  `EDITOR_SOURCE_EXTRA_VALUE_ID_` varchar(64) COLLATE utf8_bin DEFAULT NULL,
  PRIMARY KEY (`ID_`),
  KEY `ACT_FK_MODEL_SOURCE` (`EDITOR_SOURCE_VALUE_ID_`),
  KEY `ACT_FK_MODEL_SOURCE_EXTRA` (`EDITOR_SOURCE_EXTRA_VALUE_ID_`),
  KEY `ACT_FK_MODEL_DEPLOYMENT` (`DEPLOYMENT_ID_`),
  CONSTRAINT `ACT_FK_MODEL_DEPLOYMENT` FOREIGN KEY (`DEPLOYMENT_ID_`) REFERENCES `act_re_deployment` (`ID_`),
  CONSTRAINT `ACT_FK_MODEL_SOURCE` FOREIGN KEY (`EDITOR_SOURCE_VALUE_ID_`) REFERENCES `act_ge_bytearray` (`ID_`),
  CONSTRAINT `ACT_FK_MODEL_SOURCE_EXTRA` FOREIGN KEY (`EDITOR_SOURCE_EXTRA_VALUE_ID_`) REFERENCES `act_ge_bytearray` (`ID_`)
) ENGINE=InnoDB DEFAULT CHARSET=utf8 COLLATE=utf8_bin;

-- ----------------------------
-- Records of act_re_model
-- ----------------------------

-- ----------------------------
-- Table structure for act_re_procdef
-- ----------------------------
DROP TABLE IF EXISTS `act_re_procdef`;
CREATE TABLE `act_re_procdef` (
  `ID_` varchar(64) COLLATE utf8_bin NOT NULL,
  `REV_` int(11) DEFAULT NULL,
  `CATEGORY_` varchar(255) COLLATE utf8_bin DEFAULT NULL,
  `NAME_` varchar(255) COLLATE utf8_bin DEFAULT NULL,
  `KEY_` varchar(255) COLLATE utf8_bin NOT NULL,
  `VERSION_` int(11) NOT NULL,
  `DEPLOYMENT_ID_` varchar(64) COLLATE utf8_bin DEFAULT NULL,
  `RESOURCE_NAME_` varchar(4000) COLLATE utf8_bin DEFAULT NULL,
  `DGRM_RESOURCE_NAME_` varchar(4000) COLLATE utf8_bin DEFAULT NULL,
  `DESCRIPTION_` varchar(4000) COLLATE utf8_bin DEFAULT NULL,
  `HAS_START_FORM_KEY_` tinyint(4) DEFAULT NULL,
  `SUSPENSION_STATE_` int(11) DEFAULT NULL,
  PRIMARY KEY (`ID_`),
  UNIQUE KEY `ACT_UNIQ_PROCDEF` (`KEY_`,`VERSION_`)
) ENGINE=InnoDB DEFAULT CHARSET=utf8 COLLATE=utf8_bin;

-- ----------------------------
-- Records of act_re_procdef
-- ----------------------------
INSERT INTO `act_re_procdef` VALUES ('leave:1:c5ecfc9036c748669a350678aa02c99c', '7', 'com.thinkgem.jeesite.modules.oa.leave', '请假流程', 'leave', '1', '9f8ac51208c44024a2687beb61f1b1f3', 'leave.bpmn20.xml', 'leave.png', '请假流程演示', '0', '1');

-- ----------------------------
-- Table structure for act_ru_event_subscr
-- ----------------------------
DROP TABLE IF EXISTS `act_ru_event_subscr`;
CREATE TABLE `act_ru_event_subscr` (
  `ID_` varchar(64) COLLATE utf8_bin NOT NULL,
  `REV_` int(11) DEFAULT NULL,
  `EVENT_TYPE_` varchar(255) COLLATE utf8_bin NOT NULL,
  `EVENT_NAME_` varchar(255) COLLATE utf8_bin DEFAULT NULL,
  `EXECUTION_ID_` varchar(64) COLLATE utf8_bin DEFAULT NULL,
  `PROC_INST_ID_` varchar(64) COLLATE utf8_bin DEFAULT NULL,
  `ACTIVITY_ID_` varchar(64) COLLATE utf8_bin DEFAULT NULL,
  `CONFIGURATION_` varchar(255) COLLATE utf8_bin DEFAULT NULL,
  `CREATED_` timestamp NOT NULL DEFAULT CURRENT_TIMESTAMP,
  PRIMARY KEY (`ID_`),
  KEY `ACT_IDX_EVENT_SUBSCR_CONFIG_` (`CONFIGURATION_`),
  KEY `ACT_FK_EVENT_EXEC` (`EXECUTION_ID_`),
  CONSTRAINT `ACT_FK_EVENT_EXEC` FOREIGN KEY (`EXECUTION_ID_`) REFERENCES `act_ru_execution` (`ID_`)
) ENGINE=InnoDB DEFAULT CHARSET=utf8 COLLATE=utf8_bin;

-- ----------------------------
-- Records of act_ru_event_subscr
-- ----------------------------

-- ----------------------------
-- Table structure for act_ru_execution
-- ----------------------------
DROP TABLE IF EXISTS `act_ru_execution`;
CREATE TABLE `act_ru_execution` (
  `ID_` varchar(64) COLLATE utf8_bin NOT NULL DEFAULT '',
  `REV_` int(11) DEFAULT NULL,
  `PROC_INST_ID_` varchar(64) COLLATE utf8_bin DEFAULT NULL,
  `BUSINESS_KEY_` varchar(255) COLLATE utf8_bin DEFAULT NULL,
  `PARENT_ID_` varchar(64) COLLATE utf8_bin DEFAULT NULL,
  `PROC_DEF_ID_` varchar(64) COLLATE utf8_bin DEFAULT NULL,
  `SUPER_EXEC_` varchar(64) COLLATE utf8_bin DEFAULT NULL,
  `ACT_ID_` varchar(255) COLLATE utf8_bin DEFAULT NULL,
  `IS_ACTIVE_` tinyint(4) DEFAULT NULL,
  `IS_CONCURRENT_` tinyint(4) DEFAULT NULL,
  `IS_SCOPE_` tinyint(4) DEFAULT NULL,
  `IS_EVENT_SCOPE_` tinyint(4) DEFAULT NULL,
  `SUSPENSION_STATE_` int(11) DEFAULT NULL,
  `CACHED_ENT_STATE_` int(11) DEFAULT NULL,
  PRIMARY KEY (`ID_`),
  UNIQUE KEY `ACT_UNIQ_RU_BUS_KEY` (`PROC_DEF_ID_`,`BUSINESS_KEY_`),
  KEY `ACT_IDX_EXEC_BUSKEY` (`BUSINESS_KEY_`),
  KEY `ACT_FK_EXE_PROCINST` (`PROC_INST_ID_`),
  KEY `ACT_FK_EXE_PARENT` (`PARENT_ID_`),
  KEY `ACT_FK_EXE_SUPER` (`SUPER_EXEC_`),
  CONSTRAINT `ACT_FK_EXE_PARENT` FOREIGN KEY (`PARENT_ID_`) REFERENCES `act_ru_execution` (`ID_`),
  CONSTRAINT `ACT_FK_EXE_PROCDEF` FOREIGN KEY (`PROC_DEF_ID_`) REFERENCES `act_re_procdef` (`ID_`),
  CONSTRAINT `ACT_FK_EXE_PROCINST` FOREIGN KEY (`PROC_INST_ID_`) REFERENCES `act_ru_execution` (`ID_`) ON DELETE CASCADE ON UPDATE CASCADE,
  CONSTRAINT `ACT_FK_EXE_SUPER` FOREIGN KEY (`SUPER_EXEC_`) REFERENCES `act_ru_execution` (`ID_`)
) ENGINE=InnoDB DEFAULT CHARSET=utf8 COLLATE=utf8_bin;

-- ----------------------------
-- Records of act_ru_execution
-- ----------------------------
INSERT INTO `act_ru_execution` VALUES ('8b5ae36944a242ec88147fc2bb8f55ec', '5', '8b5ae36944a242ec88147fc2bb8f55ec', '7798a172990142218dae612e510d999f', null, 'leave:1:c5ecfc9036c748669a350678aa02c99c', null, 'deptLeaderAudit', '1', '0', '1', '0', '1', '2');

-- ----------------------------
-- Table structure for act_ru_identitylink
-- ----------------------------
DROP TABLE IF EXISTS `act_ru_identitylink`;
CREATE TABLE `act_ru_identitylink` (
  `ID_` varchar(64) COLLATE utf8_bin NOT NULL DEFAULT '',
  `REV_` int(11) DEFAULT NULL,
  `GROUP_ID_` varchar(255) COLLATE utf8_bin DEFAULT NULL,
  `TYPE_` varchar(255) COLLATE utf8_bin DEFAULT NULL,
  `USER_ID_` varchar(255) COLLATE utf8_bin DEFAULT NULL,
  `TASK_ID_` varchar(64) COLLATE utf8_bin DEFAULT NULL,
  `PROC_INST_ID_` varchar(64) COLLATE utf8_bin DEFAULT NULL,
  `PROC_DEF_ID_` varchar(64) COLLATE utf8_bin DEFAULT NULL,
  PRIMARY KEY (`ID_`),
  KEY `ACT_IDX_IDENT_LNK_USER` (`USER_ID_`),
  KEY `ACT_IDX_IDENT_LNK_GROUP` (`GROUP_ID_`),
  KEY `ACT_IDX_ATHRZ_PROCEDEF` (`PROC_DEF_ID_`),
  KEY `ACT_FK_TSKASS_TASK` (`TASK_ID_`),
  KEY `ACT_FK_IDL_PROCINST` (`PROC_INST_ID_`),
  CONSTRAINT `ACT_FK_ATHRZ_PROCEDEF` FOREIGN KEY (`PROC_DEF_ID_`) REFERENCES `act_re_procdef` (`ID_`),
  CONSTRAINT `ACT_FK_IDL_PROCINST` FOREIGN KEY (`PROC_INST_ID_`) REFERENCES `act_ru_execution` (`ID_`),
  CONSTRAINT `ACT_FK_TSKASS_TASK` FOREIGN KEY (`TASK_ID_`) REFERENCES `act_ru_task` (`ID_`)
) ENGINE=InnoDB DEFAULT CHARSET=utf8 COLLATE=utf8_bin;

-- ----------------------------
-- Records of act_ru_identitylink
-- ----------------------------
INSERT INTO `act_ru_identitylink` VALUES ('74c8c72bf5394f11b72619dc29a71f50', '1', 'oa:leave:deptLeaderAudit', 'candidate', null, 'd021192425384f4c939b66857e2d33fd', null, null);
INSERT INTO `act_ru_identitylink` VALUES ('9d41763b696b48bd935b94a723b12259', '1', null, 'starter', '1', null, '8b5ae36944a242ec88147fc2bb8f55ec', null);

-- ----------------------------
-- Table structure for act_ru_job
-- ----------------------------
DROP TABLE IF EXISTS `act_ru_job`;
CREATE TABLE `act_ru_job` (
  `ID_` varchar(64) COLLATE utf8_bin NOT NULL,
  `REV_` int(11) DEFAULT NULL,
  `TYPE_` varchar(255) COLLATE utf8_bin NOT NULL,
  `LOCK_EXP_TIME_` timestamp NULL DEFAULT NULL,
  `LOCK_OWNER_` varchar(255) COLLATE utf8_bin DEFAULT NULL,
  `EXCLUSIVE_` tinyint(1) DEFAULT NULL,
  `EXECUTION_ID_` varchar(64) COLLATE utf8_bin DEFAULT NULL,
  `PROCESS_INSTANCE_ID_` varchar(64) COLLATE utf8_bin DEFAULT NULL,
  `PROC_DEF_ID_` varchar(64) COLLATE utf8_bin DEFAULT NULL,
  `RETRIES_` int(11) DEFAULT NULL,
  `EXCEPTION_STACK_ID_` varchar(64) COLLATE utf8_bin DEFAULT NULL,
  `EXCEPTION_MSG_` varchar(4000) COLLATE utf8_bin DEFAULT NULL,
  `DUEDATE_` timestamp NULL DEFAULT NULL,
  `REPEAT_` varchar(255) COLLATE utf8_bin DEFAULT NULL,
  `HANDLER_TYPE_` varchar(255) COLLATE utf8_bin DEFAULT NULL,
  `HANDLER_CFG_` varchar(4000) COLLATE utf8_bin DEFAULT NULL,
  PRIMARY KEY (`ID_`),
  KEY `ACT_FK_JOB_EXCEPTION` (`EXCEPTION_STACK_ID_`),
  CONSTRAINT `ACT_FK_JOB_EXCEPTION` FOREIGN KEY (`EXCEPTION_STACK_ID_`) REFERENCES `act_ge_bytearray` (`ID_`)
) ENGINE=InnoDB DEFAULT CHARSET=utf8 COLLATE=utf8_bin;

-- ----------------------------
-- Records of act_ru_job
-- ----------------------------

-- ----------------------------
-- Table structure for act_ru_task
-- ----------------------------
DROP TABLE IF EXISTS `act_ru_task`;
CREATE TABLE `act_ru_task` (
  `ID_` varchar(64) COLLATE utf8_bin NOT NULL DEFAULT '',
  `REV_` int(11) DEFAULT NULL,
  `EXECUTION_ID_` varchar(64) COLLATE utf8_bin DEFAULT NULL,
  `PROC_INST_ID_` varchar(64) COLLATE utf8_bin DEFAULT NULL,
  `PROC_DEF_ID_` varchar(64) COLLATE utf8_bin DEFAULT NULL,
  `NAME_` varchar(255) COLLATE utf8_bin DEFAULT NULL,
  `PARENT_TASK_ID_` varchar(64) COLLATE utf8_bin DEFAULT NULL,
  `DESCRIPTION_` varchar(4000) COLLATE utf8_bin DEFAULT NULL,
  `TASK_DEF_KEY_` varchar(255) COLLATE utf8_bin DEFAULT NULL,
  `OWNER_` varchar(255) COLLATE utf8_bin DEFAULT NULL,
  `ASSIGNEE_` varchar(255) COLLATE utf8_bin DEFAULT NULL,
  `DELEGATION_` varchar(64) COLLATE utf8_bin DEFAULT NULL,
  `PRIORITY_` int(11) DEFAULT NULL,
  `CREATE_TIME_` timestamp NOT NULL DEFAULT CURRENT_TIMESTAMP ON UPDATE CURRENT_TIMESTAMP,
  `DUE_DATE_` datetime DEFAULT NULL,
  `SUSPENSION_STATE_` int(11) DEFAULT NULL,
  PRIMARY KEY (`ID_`),
  KEY `ACT_IDX_TASK_CREATE` (`CREATE_TIME_`),
  KEY `ACT_FK_TASK_EXE` (`EXECUTION_ID_`),
  KEY `ACT_FK_TASK_PROCINST` (`PROC_INST_ID_`),
  KEY `ACT_FK_TASK_PROCDEF` (`PROC_DEF_ID_`),
  CONSTRAINT `ACT_FK_TASK_EXE` FOREIGN KEY (`EXECUTION_ID_`) REFERENCES `act_ru_execution` (`ID_`),
  CONSTRAINT `ACT_FK_TASK_PROCDEF` FOREIGN KEY (`PROC_DEF_ID_`) REFERENCES `act_re_procdef` (`ID_`),
  CONSTRAINT `ACT_FK_TASK_PROCINST` FOREIGN KEY (`PROC_INST_ID_`) REFERENCES `act_ru_execution` (`ID_`)
) ENGINE=InnoDB DEFAULT CHARSET=utf8 COLLATE=utf8_bin;

-- ----------------------------
-- Records of act_ru_task
-- ----------------------------
INSERT INTO `act_ru_task` VALUES ('d021192425384f4c939b66857e2d33fd', '5', '8b5ae36944a242ec88147fc2bb8f55ec', '8b5ae36944a242ec88147fc2bb8f55ec', 'leave:1:c5ecfc9036c748669a350678aa02c99c', '部门领导审批', null, null, 'deptLeaderAudit', null, null, null, '50', '2016-02-12 16:25:45', null, '1');

-- ----------------------------
-- Table structure for act_ru_variable
-- ----------------------------
DROP TABLE IF EXISTS `act_ru_variable`;
CREATE TABLE `act_ru_variable` (
  `ID_` varchar(64) COLLATE utf8_bin NOT NULL,
  `REV_` int(11) DEFAULT NULL,
  `TYPE_` varchar(255) COLLATE utf8_bin NOT NULL,
  `NAME_` varchar(255) COLLATE utf8_bin NOT NULL,
  `EXECUTION_ID_` varchar(64) COLLATE utf8_bin DEFAULT NULL,
  `PROC_INST_ID_` varchar(64) COLLATE utf8_bin DEFAULT NULL,
  `TASK_ID_` varchar(64) COLLATE utf8_bin DEFAULT NULL,
  `BYTEARRAY_ID_` varchar(64) COLLATE utf8_bin DEFAULT NULL,
  `DOUBLE_` double DEFAULT NULL,
  `LONG_` bigint(20) DEFAULT NULL,
  `TEXT_` varchar(4000) COLLATE utf8_bin DEFAULT NULL,
  `TEXT2_` varchar(4000) COLLATE utf8_bin DEFAULT NULL,
  PRIMARY KEY (`ID_`),
  KEY `ACT_IDX_VARIABLE_TASK_ID` (`TASK_ID_`),
  KEY `ACT_FK_VAR_EXE` (`EXECUTION_ID_`),
  KEY `ACT_FK_VAR_PROCINST` (`PROC_INST_ID_`),
  KEY `ACT_FK_VAR_BYTEARRAY` (`BYTEARRAY_ID_`),
  CONSTRAINT `ACT_FK_VAR_BYTEARRAY` FOREIGN KEY (`BYTEARRAY_ID_`) REFERENCES `act_ge_bytearray` (`ID_`),
  CONSTRAINT `ACT_FK_VAR_EXE` FOREIGN KEY (`EXECUTION_ID_`) REFERENCES `act_ru_execution` (`ID_`),
  CONSTRAINT `ACT_FK_VAR_PROCINST` FOREIGN KEY (`PROC_INST_ID_`) REFERENCES `act_ru_execution` (`ID_`)
) ENGINE=InnoDB DEFAULT CHARSET=utf8 COLLATE=utf8_bin;

-- ----------------------------
-- Records of act_ru_variable
-- ----------------------------
INSERT INTO `act_ru_variable` VALUES ('c78587b6d1df402398de60933c1c1910', '1', 'string', 'applyUserId', '8b5ae36944a242ec88147fc2bb8f55ec', '8b5ae36944a242ec88147fc2bb8f55ec', null, null, null, null, '1', null);

-- ----------------------------
-- Table structure for cms_article
-- ----------------------------
DROP TABLE IF EXISTS `cms_article`;
CREATE TABLE `cms_article` (
  `id` varchar(64) COLLATE utf8_bin NOT NULL COMMENT '编号',
  `category_id` varchar(64) COLLATE utf8_bin NOT NULL COMMENT '栏目编号',
  `title` varchar(255) COLLATE utf8_bin NOT NULL COMMENT '标题',
  `link` varchar(255) COLLATE utf8_bin DEFAULT NULL COMMENT '文章链接',
  `color` varchar(50) COLLATE utf8_bin DEFAULT NULL COMMENT '标题颜色',
  `image` varchar(255) COLLATE utf8_bin DEFAULT NULL COMMENT '文章图片',
  `keywords` varchar(255) COLLATE utf8_bin DEFAULT NULL COMMENT '关键字',
  `description` varchar(255) COLLATE utf8_bin DEFAULT NULL COMMENT '描述、摘要',
  `weight` int(11) DEFAULT '0' COMMENT '权重，越大越靠前',
  `weight_date` datetime DEFAULT NULL COMMENT '权重期限',
  `hits` int(11) DEFAULT '0' COMMENT '点击数',
  `posid` varchar(10) COLLATE utf8_bin DEFAULT NULL COMMENT '推荐位，多选',
  `custom_content_view` varchar(255) COLLATE utf8_bin DEFAULT NULL COMMENT '自定义内容视图',
  `view_config` text COLLATE utf8_bin COMMENT '视图配置',
  `create_by` varchar(64) COLLATE utf8_bin DEFAULT NULL COMMENT '创建者',
  `create_date` datetime DEFAULT NULL COMMENT '创建时间',
  `update_by` varchar(64) COLLATE utf8_bin DEFAULT NULL COMMENT '更新者',
  `update_date` datetime DEFAULT NULL COMMENT '更新时间',
  `remarks` varchar(255) COLLATE utf8_bin DEFAULT NULL COMMENT '备注信息',
  `del_flag` char(1) COLLATE utf8_bin NOT NULL DEFAULT '0' COMMENT '删除标记',
  PRIMARY KEY (`id`),
  KEY `cms_article_create_by` (`create_by`),
  KEY `cms_article_title` (`title`),
  KEY `cms_article_keywords` (`keywords`),
  KEY `cms_article_del_flag` (`del_flag`),
  KEY `cms_article_weight` (`weight`),
  KEY `cms_article_update_date` (`update_date`),
  KEY `cms_article_category_id` (`category_id`),
  KEY `cms_article_id` (`id`),
  KEY `FK935C9C00E18EEA67` (`create_by`),
  KEY `FK935C9C0049B6237A` (`update_by`),
  KEY `FK935C9C003CEB7298` (`category_id`)
) ENGINE=MyISAM DEFAULT CHARSET=utf8 COLLATE=utf8_bin COMMENT='文章表';

-- ----------------------------
-- Records of cms_article
-- ----------------------------
INSERT INTO `cms_article` VALUES ('1', '3', '网站简介1', '', 'red', '/userfiles/1/_thumbs/images/Ubuntu-default%20(4).jpg', '电影,出版商', '市场日渐红火，新导演也有了更多的空间，无奈这个故事本身稍敏感，所以还是没有&lt;span class=&quot;highlight&quot;&gt;成功&lt;/span&gt;。我又把这个故事写成小说出版，那本小说就是《1988我想和这个世界谈谈》。\r\n\r\n	这些天，不少朋友和媒体来问关于《后会无期》的情况，写一篇短文，告诉大家一些故事和想法', '999', null, '77', ',1,2,', '', '', '1', '2016-02-04 12:49:55', '3038a878f1544ec9a919c8f4cf935832', '2016-02-26 16:17:11', null, '0');
INSERT INTO `cms_article` VALUES ('2', '3', '<span class=\"highlight\">文章</span>标题标题标题标题', null, 'red', null, '关键字1,关键字2', '<span class=\"highlight\">文章</span>内容内容内容内容', '0', null, '5', null, null, null, '1', '2013-05-27 08:00:00', '3038a878f1544ec9a919c8f4cf935832', '2016-02-04 12:50:41', null, '1');
INSERT INTO `cms_article` VALUES ('3', '3', '<span class=\"highlight\">文章</span>标题标题标题标题', null, null, null, '关键字1,关键字2', '<span class=\"highlight\">文章</span>内容内容内容内容', '0', null, '0', null, null, null, '1', '2013-05-27 08:00:00', '3038a878f1544ec9a919c8f4cf935832', '2016-02-04 12:50:44', null, '1');
INSERT INTO `cms_article` VALUES ('4', '3', '<span class=\"highlight\">文章</span>标题标题标题标题', null, 'green', null, '关键字1,关键字2', '<span class=\"highlight\">文章</span>内容内容内容内容', '0', null, '0', null, null, null, '1', '2013-05-27 08:00:00', '3038a878f1544ec9a919c8f4cf935832', '2016-02-04 12:50:48', null, '1');
INSERT INTO `cms_article` VALUES ('5', '3', '文章标题标题标题标题', null, null, null, '关键字1,关键字2', null, '0', null, '0', null, null, null, '1', '2013-05-27 08:00:00', '3038a878f1544ec9a919c8f4cf935832', '2016-02-04 12:50:51', null, '1');
INSERT INTO `cms_article` VALUES ('6', '3', '文章标题标题标题标题', null, null, null, '关键字1,关键字2', null, '0', null, '0', null, null, null, '1', '2013-05-27 08:00:00', '3038a878f1544ec9a919c8f4cf935832', '2016-02-04 12:50:54', null, '1');
INSERT INTO `cms_article` VALUES ('7', '4', '文章标题标题标题标题', '', '', '', '关键字1,关键字2', '', '0', null, '3', ',null,', '', '', '1', '2016-02-26 16:17:26', '3038a878f1544ec9a919c8f4cf935832', '2016-02-26 16:17:30', null, '0');
INSERT INTO `cms_article` VALUES ('8', '4', '文章标题标题标题标题', '', 'blue', '', '关键字1,关键字2', '', '0', null, '0', ',null,', '', '', '1', '2013-05-27 08:00:00', '1', '2016-02-26 16:23:17', null, '0');
INSERT INTO `cms_article` VALUES ('9', '4', '文章标题标题标题标题', '', '', '', '关键字1,关键字2', '', '0', null, '0', ',null,', '', '', '1', '2013-05-27 08:00:00', '1', '2016-02-26 16:23:23', null, '0');
INSERT INTO `cms_article` VALUES ('10', '4', '内部机构1', '', '', '', '关键字1,关键字2', '摘要', '0', null, '9', ',2,', '', '', '1', '2013-05-27 08:00:00', '1', '2016-02-11 17:00:13', null, '0');
INSERT INTO `cms_article` VALUES ('11', '5', '文章', '', '', '', '关键字1,关键字2', '&lt;span class=&quot;highlight&quot;&gt;文章&lt;/span&gt;内容内容内容内容', '0', null, '2', ',null,', '', '', '1', '2016-02-26 16:23:41', '1', '2016-02-26 16:26:01', null, '0');
INSERT INTO `cms_article` VALUES ('12', '5', '文章', '', '', '', '关键字1,关键字2', '&lt;span class=&quot;highlight&quot;&gt;文章&lt;/span&gt;内容内容内容内容', '0', null, '0', ',null,', '', '', '1', '2016-02-26 16:24:02', '1', '2016-02-26 16:25:53', null, '0');
INSERT INTO `cms_article` VALUES ('13', '5', '文章', '', '', '', '关键字1,关键字2', '&lt;span class=&quot;highlight&quot;&gt;文章&lt;/span&gt;内容内容内容内容', '0', null, '2', ',null,', '', '', '1', '2016-02-26 16:24:14', '1', '2016-02-26 16:25:46', null, '0');
INSERT INTO `cms_article` VALUES ('14', '7', '文章标题标题标题标题', null, null, null, '关键字1,关键字2', null, '0', null, '62', null, null, null, '1', '2013-05-27 08:00:00', '1', '2013-05-27 08:00:00', null, '0');
INSERT INTO `cms_article` VALUES ('15', '7', '文章标题标题标题标题', null, null, null, '关键字1,关键字2', null, '0', null, '0', null, null, null, '1', '2013-05-27 08:00:00', '1', '2013-05-27 08:00:00', null, '0');
INSERT INTO `cms_article` VALUES ('16', '7', '文章标题标题标题标题', null, null, null, '关键字1,关键字2', null, '0', null, '1', null, null, null, '1', '2013-05-27 08:00:00', '1', '2013-05-27 08:00:00', null, '0');
INSERT INTO `cms_article` VALUES ('17', '7', '文章标题标题标题标题', null, null, null, '关键字1,关键字2', null, '0', null, '0', null, null, null, '1', '2013-05-27 08:00:00', '1', '2013-05-27 08:00:00', null, '0');
INSERT INTO `cms_article` VALUES ('18', '8', '文章标题标题标题标题', null, null, null, '关键字1,关键字2', null, '0', null, '0', null, null, null, '1', '2013-05-27 08:00:00', '1', '2013-05-27 08:00:00', null, '0');
INSERT INTO `cms_article` VALUES ('19', '8', '<span class=\"highlight\">文章</span>标题标题标题标题', null, null, null, '关键字1,关键字2', '<span class=\"highlight\">文章</span>内容内容内容内容', '0', null, '0', null, null, null, '1', '2013-05-27 08:00:00', '1', '2013-05-27 08:00:00', null, '0');
INSERT INTO `cms_article` VALUES ('20', '8', '<span class=\"highlight\">文章</span>标题标题标题标题', null, null, null, '关键字1,关键字2', '<span class=\"highlight\">文章</span>内容内容内容内容', '0', null, '0', null, null, null, '1', '2013-05-27 08:00:00', '1', '2013-05-27 08:00:00', null, '0');
INSERT INTO `cms_article` VALUES ('21', '8', '<span class=\"highlight\">文章</span>标题标题标题标题', null, null, null, '关键字1,关键字2', '<span class=\"highlight\">文章</span>内容内容内容内容', '0', null, '0', null, null, null, '1', '2013-05-27 08:00:00', '1', '2013-05-27 08:00:00', null, '0');
INSERT INTO `cms_article` VALUES ('22', '9', '<span class=\"highlight\">文章</span>标题标题标题标题', null, null, null, '关键字1,关键字2', '<span class=\"highlight\">文章</span>内容内容内容内容', '0', null, '0', null, null, null, '1', '2013-05-27 08:00:00', '1', '2013-05-27 08:00:00', null, '0');
INSERT INTO `cms_article` VALUES ('23', '9', '<span class=\"highlight\">文章</span>标题标题标题标题', null, null, null, '关键字1,关键字2', '<span class=\"highlight\">文章</span>内容内容内容内容', '0', null, '0', null, null, null, '1', '2013-05-27 08:00:00', '1', '2013-05-27 08:00:00', null, '0');
INSERT INTO `cms_article` VALUES ('24', '9', '<span class=\"highlight\">文章</span>标题标题标题标题', null, null, null, '关键字1,关键字2', '<span class=\"highlight\">文章</span>内容内容内容内容', '0', null, '0', null, null, null, '1', '2013-05-27 08:00:00', '1', '2013-05-27 08:00:00', null, '0');
INSERT INTO `cms_article` VALUES ('25', '9', '<span class=\"highlight\">文章</span>标题标题标题标题', null, null, null, '关键字1,关键字2', '<span class=\"highlight\">文章</span>内容内容内容内容', '0', null, '0', null, null, null, '1', '2013-05-27 08:00:00', '1', '2013-05-27 08:00:00', null, '0');
INSERT INTO `cms_article` VALUES ('26', '9', '<span class=\"highlight\">文章</span>标题标题标题标题', null, null, null, '关键字1,关键字2', '<span class=\"highlight\">文章</span>内容内容内容内容', '0', null, '1', null, null, null, '1', '2013-05-27 08:00:00', '1', '2013-05-27 08:00:00', null, '0');
INSERT INTO `cms_article` VALUES ('27', '11', 'Google浏览器通过使用插件来优化体验', '', '', '/userfiles/1/_thumbs/images/login-background.jpg', 'Google,优化体验', 'Google浏览器通过使用插件来优化体验', '999', '2016-02-29 00:00:00', '14', ',1,2,', '', '', '1', '2016-02-11 23:29:17', '1', '2016-02-12 20:01:05', null, '0');
INSERT INTO `cms_article` VALUES ('28', '11', '<span class=\"highlight\">文章</span>标题标题标题标题', null, null, null, '关键字1,关键字2', '<span class=\"highlight\">文章</span>内容内容内容内容', '0', null, '0', null, null, null, '1', '2013-05-27 08:00:00', '1', '2013-05-27 08:00:00', null, '0');
INSERT INTO `cms_article` VALUES ('29', '11', '<span class=\"highlight\">文章</span>标题标题标题标题', null, null, null, '关键字1,关键字2', '<span class=\"highlight\">文章</span>内容内容内容内容', '0', null, '0', null, null, null, '1', '2013-05-27 08:00:00', '1', '2013-05-27 08:00:00', null, '0');
INSERT INTO `cms_article` VALUES ('30', '11', '<span class=\"highlight\">文章</span>标题标题标题标题', null, null, null, '关键字1,关键字2', '<span class=\"highlight\">文章</span>内容内容内容内容', '0', null, '1', null, null, null, '1', '2013-05-27 08:00:00', '1', '2013-05-27 08:00:00', null, '0');
INSERT INTO `cms_article` VALUES ('31', '11', '<span class=\"highlight\">文章</span>标题标题标题标题', null, null, null, '关键字1,关键字2', '<span class=\"highlight\">文章</span>内容内容内容内容', '0', null, '0', null, null, null, '1', '2013-05-27 08:00:00', '1', '2013-05-27 08:00:00', null, '0');
INSERT INTO `cms_article` VALUES ('32', '12', '<span class=\"highlight\">文章</span>标题标题标题标题', null, null, null, '关键字1,关键字2', '<span class=\"highlight\">文章</span>内容内容内容内容', '0', null, '0', null, null, null, '1', '2013-05-27 08:00:00', '1', '2013-05-27 08:00:00', null, '0');
INSERT INTO `cms_article` VALUES ('33', '12', '文章标题标题标题标题', null, null, null, '关键字1,关键字2', null, '0', null, '0', null, null, null, '1', '2013-05-27 08:00:00', '1', '2013-05-27 08:00:00', null, '0');
INSERT INTO `cms_article` VALUES ('34', '12', '文章标题标题标题标题', null, null, null, '关键字1,关键字2', null, '0', null, '0', null, null, null, '1', '2013-05-27 08:00:00', '1', '2013-05-27 08:00:00', null, '0');
INSERT INTO `cms_article` VALUES ('35', '12', '文章标题标题标题标题', null, null, null, '关键字1,关键字2', null, '0', null, '0', null, null, null, '1', '2013-05-27 08:00:00', '1', '2013-05-27 08:00:00', null, '0');
INSERT INTO `cms_article` VALUES ('36', '12', '文章标题标题标题标题', null, null, null, '关键字1,关键字2', null, '0', null, '0', null, null, null, '1', '2013-05-27 08:00:00', '1', '2013-05-27 08:00:00', null, '0');
INSERT INTO `cms_article` VALUES ('37', '13', '文章标题标题标题标题', null, null, null, '关键字1,关键字2', null, '0', null, '0', null, null, null, '1', '2013-05-27 08:00:00', '1', '2013-05-27 08:00:00', null, '0');
INSERT INTO `cms_article` VALUES ('38', '13', '文章标题标题标题标题', null, null, null, '关键字1,关键字2', null, '0', null, '0', null, null, null, '1', '2013-05-27 08:00:00', '1', '2013-05-27 08:00:00', null, '0');
INSERT INTO `cms_article` VALUES ('39', '13', '文章标题标题标题标题', null, null, null, '关键字1,关键字2', null, '0', null, '0', null, null, null, '1', '2013-05-27 08:00:00', '1', '2013-05-27 08:00:00', null, '0');
INSERT INTO `cms_article` VALUES ('40', '13', '文章标题标题标题标题', null, null, null, '关键字1,关键字2', null, '0', null, '0', null, null, null, '1', '2013-05-27 08:00:00', '1', '2013-05-27 08:00:00', null, '0');
INSERT INTO `cms_article` VALUES ('41', '14', '文章标题标题标题标题', null, null, null, '关键字1,关键字2', null, '0', null, '0', null, null, null, '1', '2013-05-27 08:00:00', '1', '2013-05-27 08:00:00', null, '0');
INSERT INTO `cms_article` VALUES ('42', '14', '文章标题标题标题标题', null, null, null, '关键字1,关键字2', null, '0', null, '0', null, null, null, '1', '2013-05-27 08:00:00', '1', '2013-05-27 08:00:00', null, '0');
INSERT INTO `cms_article` VALUES ('43', '14', '文章标题标题标题标题', null, null, null, '关键字1,关键字2', null, '0', null, '0', null, null, null, '1', '2013-05-27 08:00:00', '1', '2013-05-27 08:00:00', null, '0');
INSERT INTO `cms_article` VALUES ('44', '14', '文章标题标题标题标题', null, null, null, '关键字1,关键字2', null, '0', null, '0', null, null, null, '1', '2013-05-27 08:00:00', '1', '2013-05-27 08:00:00', null, '0');
INSERT INTO `cms_article` VALUES ('45', '14', '文章标题标题标题标题', null, null, null, '关键字1,关键字2', null, '0', null, '0', null, null, null, '1', '2013-05-27 08:00:00', '1', '2013-05-27 08:00:00', null, '0');
INSERT INTO `cms_article` VALUES ('46', '15', '文章标题标题标题标题', null, null, null, '关键字1,关键字2', null, '0', null, '0', null, null, null, '1', '2013-05-27 08:00:00', '1', '2013-05-27 08:00:00', null, '0');
INSERT INTO `cms_article` VALUES ('47', '15', '文章标题标题标题标题', null, null, null, '关键字1,关键字2', null, '0', null, '0', null, null, null, '1', '2013-05-27 08:00:00', '1', '2013-05-27 08:00:00', null, '0');
INSERT INTO `cms_article` VALUES ('48', '15', '文章标题标题标题标题', null, null, null, '关键字1,关键字2', null, '0', null, '0', null, null, null, '1', '2013-05-27 08:00:00', '1', '2013-05-27 08:00:00', null, '0');
INSERT INTO `cms_article` VALUES ('49', '16', '文章标题标题标题标题', null, null, null, '关键字1,关键字2', null, '0', null, '1', null, null, null, '1', '2013-05-27 08:00:00', '1', '2013-05-27 08:00:00', null, '0');
INSERT INTO `cms_article` VALUES ('50', '17', '文章标题标题标题标题', null, null, null, '关键字1,关键字2', null, '0', null, '1', null, null, null, '1', '2013-05-27 08:00:00', '1', '2013-05-27 08:00:00', null, '0');
INSERT INTO `cms_article` VALUES ('51', '17', '文章标题标题标题标题', null, null, null, '关键字1,关键字2', null, '0', null, '0', null, null, null, '1', '2013-05-27 08:00:00', '1', '2013-05-27 08:00:00', null, '0');
INSERT INTO `cms_article` VALUES ('52', '26', '文章标题标题标题标题', null, null, null, '关键字1,关键字2', null, '0', null, '1', null, null, null, '1', '2013-05-27 08:00:00', '1', '2013-05-27 08:00:00', null, '0');
INSERT INTO `cms_article` VALUES ('53', '26', '文章标题标题标题标题', null, null, null, '关键字1,关键字2', null, '0', null, '1', null, null, null, '1', '2013-05-27 08:00:00', '1', '2013-05-27 08:00:00', null, '0');
INSERT INTO `cms_article` VALUES ('71de704c62ed4b1fa0d874c9260fc41c', '3', '网站', '', 'yellow', '/userfiles/1/_thumbs/images/Ubuntu%20(20).jpg', '网站简介2', '网站简介', '0', '2016-02-05 00:00:00', '14', ',1,', '', '', '3038a878f1544ec9a919c8f4cf935832', '2016-02-04 13:03:40', '1', '2016-02-26 16:22:56', null, '0');

-- ----------------------------
-- Table structure for cms_article_data
-- ----------------------------
DROP TABLE IF EXISTS `cms_article_data`;
CREATE TABLE `cms_article_data` (
  `id` varchar(64) COLLATE utf8_bin NOT NULL COMMENT '编号',
  `content` text COLLATE utf8_bin COMMENT '文章内容',
  `copyfrom` varchar(255) COLLATE utf8_bin DEFAULT NULL COMMENT '文章来源',
  `relation` varchar(255) COLLATE utf8_bin DEFAULT NULL COMMENT '相关文章',
  `allow_comment` char(1) COLLATE utf8_bin DEFAULT NULL COMMENT '是否允许评论',
  PRIMARY KEY (`id`),
  KEY `cms_article_data_id` (`id`),
  KEY `FK5F8E8C89D34224B3` (`id`)
) ENGINE=MyISAM DEFAULT CHARSET=utf8 COLLATE=utf8_bin COMMENT='文章详表';

-- ----------------------------
-- Records of cms_article_data
-- ----------------------------
INSERT INTO `cms_article_data` VALUES ('1', 0x3C626C6F636B71756F74653E0D0A093C703E0D0A0909266E6273703B3C2F703E0D0A093C646976207374796C653D22706167652D627265616B2D61667465723A20616C776179733B223E0D0A09093C7370616E207374796C653D22646973706C61793A206E6F6E653B223E266E6273703B3C2F7370616E3E3C2F6469763E0D0A093C703E0D0A0909E5B882E59CBAE697A5E6B890E7BAA2E781ABEFBC8CE696B0E5AFBCE6BC94E4B99FE69C89E4BA86E69BB4E5A49AE79A84E7A9BAE997B4EFBC8CE697A0E5A588E8BF99E4B8AAE69585E4BA8BE69CACE8BAABE7A88DE6958FE6849FEFBC8CE68980E4BBA5E8BF98E698AFE6B2A1E69C89E68890E58A9FE38082E68891E58F88E68A8AE8BF99E4B8AAE69585E4BA8BE58699E68890E5B08FE8AFB4E587BAE78988EFBC8CE982A3E69CACE5B08FE8AFB4E5B0B1E698AFE3808A31393838E68891E683B3E5928CE8BF99E4B8AAE4B896E7958CE8B088E8B088E3808BE38082E8BF99E4BA9BE5A4A9EFBC8CE4B88DE5B091E69C8BE58F8BE5928CE5AA92E4BD93E69DA5E997AEE585B3E4BA8EE3808AE5908EE4BC9AE697A0E69C9FE3808BE79A84E68385E586B5EFBC8CE58699E4B880E7AF87E79FADE69687EFBC8CE5918AE8AF89E5A4A7E5AEB6E4B880E4BA9BE69585E4BA8BE5928CE683B3E6B395E380823C2F703E0D0A093C6469763E0D0A0909E5B7AEE4B88DE5A49AE4BA94E5B9B4E5898DEFBC8CE68891E69E84E6809DE4BA86E4B880E4B8AAE589A7E69CACEFBC8CE683B3E887AAE5B7B1E5AFBCE6BC94E4B880E983A8E794B5E5BDB1EFBC8CE4BA8EE698AFE5BE80E8BF94E59084E4B8AAE59F8EE5B882E5AFBBE689BEE68A95E8B584E696B9E38082E68891E79A84E683B3E6B395E5928CE5BD93E5B9B4E5BC80E5A78BE8B59BE8BDA6E697B6E4B880E6A0B7EFBC8CE887AAE5B7B1E79A84E78988E7A88EE58AA0E68A95E8B584E696B9E79A84E4B880E983A8E58886E992B1E5B0B1E58FAFE4BBA5E5BC80E5B9B2E4BA86E38082E5BD93E697B6E79A84E794B5E5BDB1E5B882E59CBAE8BF98E6B2A1E69C89E4BB8AE697A5E982A3E4B988E781ABE783ADEFBC8CE68980E4BBA5E59084E696B9E99DA2E983BDE4B88DE5A4AAE68890E7869FE38082E4B880E5B9B4E5908EEFBC8CE68891E68A8AE8BF99E4B8AAE69585E4BA8BE58699E68890E4BA86E5B08FE8AFB4E587BAE78988EFBC8CE982A3E69CACE5B08FE8AFB4E5B0B1E698AFE3808AE4BB96E79A84E59BBDE3808BE380823C2F6469763E0D0A093C6469763E0D0A0909E784B6E5908EE698AFE4B889E5B9B4E5A49AE5898DEFBC8CE68891E58F88E69E84E6809DE4BA86E4B880E4B8AAE589A7E69CACEFBC8CE8BF98E698AFE683B3E887AAE5B7B1E5AFBCE6BC94E8BF99E4B8AAE69585E4BA8BEFBC8CE58F88E5BE80E8BF94E59084E4B8AAE59F8EE5B882E5928CE4B88DE5B091E4BABAE8B088E38082E5BD93E697B6E794B5E5BDB1E5B882E59CBAE697A5E6B890E7BAA2E781ABEFBC8CE696B0E5AFBCE6BC94E4B99FE69C89E4BA86E69BB4E5A49AE79A84E7A9BAE997B4EFBC8CE697A0E5A588E8BF99E4B8AAE69585E4BA8BE69CACE8BAABE7A88DE6958FE6849FEFBC8CE68980E4BBA5E8BF98E698AFE6B2A1E69C89E68890E58A9FE38082E68891E58F88E68A8AE8BF99E4B8AAE69585E4BA8BE58699E68890E5B08FE8AFB4E587BAE78988EFBC8CE982A3E69CACE5B08FE8AFB4E5B0B1E698AFE3808A31393838E68891E683B3E5928CE8BF99E4B8AAE4B896E7958CE8B088E8B088E3808BE380823C2F6469763E0D0A093C6469763E0D0A0909E794B5E5BDB1E4B88EE587BAE78988E4B88DE4B880E6A0B7EFBC8CE68891E58699E4B880E69CACE4B9A6EFBC8CE697A0E8AEBAE58D96E5A49AE5B091EFBC8CE68891E5928CE587BAE78988E59586E983BDE4B88DE4BC9AE4BA8FEFBC8CE697A0E99D9EE8B59AE5A49AE68896E88085E8B59AE5B091E38082E794B5E5BDB1E88BA5E698AFE883A1E69DA5E68896E88085E59BB0E9A1BFE59CA8E5AFBC3C2F6469763E0D0A3C2F626C6F636B71756F74653E, '来源', '1,2,3,', '1');
INSERT INTO `cms_article_data` VALUES ('2', 0xE69687E7ABA0E58685E5AEB9E58685E5AEB9E58685E5AEB9E58685E5AEB9, '来源', '1,2,3', '1');
INSERT INTO `cms_article_data` VALUES ('3', 0xE69687E7ABA0E58685E5AEB9E58685E5AEB9E58685E5AEB9E58685E5AEB9, '来源', '1,2,3', '1');
INSERT INTO `cms_article_data` VALUES ('4', 0xE69687E7ABA0E58685E5AEB9E58685E5AEB9E58685E5AEB9E58685E5AEB9, '来源', '1,2,3', '1');
INSERT INTO `cms_article_data` VALUES ('5', 0xE69687E7ABA0E58685E5AEB9E58685E5AEB9E58685E5AEB9E58685E5AEB9, '来源', '1,2,3', '1');
INSERT INTO `cms_article_data` VALUES ('6', 0xE69687E7ABA0E58685E5AEB9E58685E5AEB9E58685E5AEB9E58685E5AEB9, '来源', '1,2,3', '1');
INSERT INTO `cms_article_data` VALUES ('7', 0x3C703E0D0A09E69687E7ABA0E58685E5AEB9E58685E5AEB9E58685E5AEB9E58685E5AEB93C2F703E, '来源', '1,2,3,', '1');
INSERT INTO `cms_article_data` VALUES ('8', 0x3C703E0D0A09E69687E7ABA0E58685E5AEB9E58685E5AEB9E58685E5AEB9E58685E5AEB93C2F703E, '来源', '1,2,3,', '1');
INSERT INTO `cms_article_data` VALUES ('9', 0x3C703E0D0A09E69687E7ABA0E58685E5AEB9E58685E5AEB9E58685E5AEB9E58685E5AEB93C2F703E, '来源', '1,2,3,', '1');
INSERT INTO `cms_article_data` VALUES ('10', 0x3C703E0D0A093C6120687265663D222F6A6565736974652F7573657266696C65732F33303338613837386631353434656339613931396338663463663933353833322F696D616765732F636D732F61727469636C652F323031362F30322F4261696475536875727566615F323031362D322D345F31322D31382D332E6A7067223E3C6F626A65637420636C61737369643D22636C7369643A64323763646236652D616536642D313163662D393662382D3434343535333534303030302220636F6465626173653D22687474703A2F2F646F776E6C6F61642E6D6163726F6D656469612E636F6D2F7075622F73686F636B776176652F636162732F666C6173682F7377666C6173682E6361622376657273696F6E3D362C302C34302C3022206865696768743D22353030222077696474683D22383030223E3C706172616D206E616D653D227175616C697479222076616C75653D226869676822202F3E3C706172616D206E616D653D226D6F766965222076616C75653D222F6A6565736974652F7573657266696C65732F312F666C6173682F2545342542382539412545352538412541312545352538442539352545362539462541352545382541462541322E73776622202F3E3C656D626564206865696768743D223530302220706C7567696E73706167653D22687474703A2F2F7777772E6D6163726F6D656469612E636F6D2F676F2F676574666C617368706C6179657222207175616C6974793D226869676822207372633D222F6A6565736974652F7573657266696C65732F312F666C6173682F2545342542382539412545352538412541312545352538442539352545362539462541352545382541462541322E7377662220747970653D226170706C69636174696F6E2F782D73686F636B776176652D666C617368222077696474683D22383030223E3C2F656D6265643E3C2F6F626A6563743E3C2F613E3C2F703E0D0A3C703E0D0A093C696D6720616C743D22E7BE8EE5A5B322207372633D222F6A6565736974652F7573657266696C65732F312F696D616765732F61332E6A706722207374796C653D2277696474683A2036303070783B206865696768743A2036303070783B20626F726465722D77696474683A203270783B20626F726465722D7374796C653A20736F6C69643B22202F3E3C2F703E, '来源', '1,2,3,', '1');
INSERT INTO `cms_article_data` VALUES ('11', 0x3C703E0D0A09E69687E7ABA0E58685E5AEB9E58685E5AEB9E58685E5AEB9E58685E5AEB93C2F703E, '来源', '1,2,3,', '1');
INSERT INTO `cms_article_data` VALUES ('12', 0x3C703E0D0A09E69687E7ABA0E58685E5AEB9E58685E5AEB9E58685E5AEB9E58685E5AEB93C2F703E, '来源', '1,2,3,', '1');
INSERT INTO `cms_article_data` VALUES ('13', 0x3C703E0D0A09E69687E7ABA0E58685E5AEB9E58685E5AEB9E58685E5AEB9E58685E5AEB93C2F703E, '来源', '1,2,3,', '1');
INSERT INTO `cms_article_data` VALUES ('14', 0xE69687E7ABA0E58685E5AEB9E58685E5AEB9E58685E5AEB9E58685E5AEB9, '来源', '1,2,3', '1');
INSERT INTO `cms_article_data` VALUES ('15', 0xE69687E7ABA0E58685E5AEB9E58685E5AEB9E58685E5AEB9E58685E5AEB9, '来源', '1,2,3', '1');
INSERT INTO `cms_article_data` VALUES ('16', 0xE69687E7ABA0E58685E5AEB9E58685E5AEB9E58685E5AEB9E58685E5AEB9, '来源', '1,2,3', '1');
INSERT INTO `cms_article_data` VALUES ('17', 0xE69687E7ABA0E58685E5AEB9E58685E5AEB9E58685E5AEB9E58685E5AEB9, '来源', '1,2,3', '1');
INSERT INTO `cms_article_data` VALUES ('18', 0xE69687E7ABA0E58685E5AEB9E58685E5AEB9E58685E5AEB9E58685E5AEB9, '来源', '1,2,3', '1');
INSERT INTO `cms_article_data` VALUES ('19', 0xE69687E7ABA0E58685E5AEB9E58685E5AEB9E58685E5AEB9E58685E5AEB9, '来源', '1,2,3', '1');
INSERT INTO `cms_article_data` VALUES ('20', 0xE69687E7ABA0E58685E5AEB9E58685E5AEB9E58685E5AEB9E58685E5AEB9, '来源', '1,2,3', '1');
INSERT INTO `cms_article_data` VALUES ('21', 0xE69687E7ABA0E58685E5AEB9E58685E5AEB9E58685E5AEB9E58685E5AEB9, '来源', '1,2,3', '1');
INSERT INTO `cms_article_data` VALUES ('22', 0xE69687E7ABA0E58685E5AEB9E58685E5AEB9E58685E5AEB9E58685E5AEB9, '来源', '1,2,3', '1');
INSERT INTO `cms_article_data` VALUES ('23', 0xE69687E7ABA0E58685E5AEB9E58685E5AEB9E58685E5AEB9E58685E5AEB9, '来源', '1,2,3', '1');
INSERT INTO `cms_article_data` VALUES ('24', 0xE69687E7ABA0E58685E5AEB9E58685E5AEB9E58685E5AEB9E58685E5AEB9, '来源', '1,2,3', '1');
INSERT INTO `cms_article_data` VALUES ('25', 0xE69687E7ABA0E58685E5AEB9E58685E5AEB9E58685E5AEB9E58685E5AEB9, '来源', '1,2,3', '1');
INSERT INTO `cms_article_data` VALUES ('26', 0xE69687E7ABA0E58685E5AEB9E58685E5AEB9E58685E5AEB9E58685E5AEB9, '来源', '1,2,3', '1');
INSERT INTO `cms_article_data` VALUES ('27', 0x3C703E0D0A09E4B88BE8BDBD3C753E3C6120687265663D222F6A6565736974652F7573657266696C65732F312F66696C65732F3131325F313630335F313630355F302E637278223E3C7370616E207374796C653D22636F6C6F723A236666303030303B223E476F6F676C65E6B58FE8A788E599A8E68F92E4BBB63C2F7370616E3E3C2F613E3C2F753EEFBC8CE9809AE8BF87E68B96E68BBDE588B0E6B58FE8A788E599A8E79A84E696B9E5BC8FE5AE8CE68890E68F92E4BBB6E79A84E5AE89E8A385E380823C2F703E0D0A3C703E0D0A09E68F92E4BBB6E5AE89E8A385E68890E58A9FE6B58BE8AF95EFBC9AE59CA8E68891E79A84E7BD91E79B98E4B8ADE782B9E587BB6F6666696365E69687E4BBB6EFBC8CE587BAE78EB0E59CA8E7BABFE7BC96E8BE91EFBC8CE6B58FE8A788E8A1A8E7A4BA3C753E3C6120687265663D222F6A6565736974652F7573657266696C65732F312F66696C65732F3131325F313630335F313630355F302E637278223E3C7370616E207374796C653D22636F6C6F723A236666303030303B223E476F6F676C65E6B58FE8A788E599A8E68F92E4BBB63C2F7370616E3E3C2F613E3C2F753EE68F92E4BBB6E5AE89E8A385E68890E58A9FE380823C2F703E0D0A3C626C6F636B71756F74653E0D0A093C703E0D0A0909E69588E69E9CE9A284E8A788E59BBEEFBC9A266E6273703B3C696D6720616C743D2262726F6B656E20686561727422206865696768743D22323022207372633D22687474703A2F2F6C6F63616C686F73742F6A6565736974652F7374617469632F636B656469746F722F706C7567696E732F736D696C65792F696D616765732F62726F6B656E5F68656172742E67696622207469746C653D2262726F6B656E206865617274222077696474683D22323022202F3E3C696D6720616C743D22646576696C22206865696768743D22323022207372633D22687474703A2F2F6C6F63616C686F73742F6A6565736974652F7374617469632F636B656469746F722F706C7567696E732F736D696C65792F696D616765732F646576696C5F736D696C652E67696622207469746C653D22646576696C222077696474683D22323022202F3E3C2F703E0D0A3C2F626C6F636B71756F74653E0D0A3C6872202F3E0D0A3C646976207374796C653D22706167652D627265616B2D61667465723A20616C776179733B223E0D0A093C7370616E207374796C653D22646973706C61793A206E6F6E653B223E266E6273703B3C2F7370616E3E3C2F6469763E0D0A3C703E0D0A093C696D6720616C743D2222207372633D222F6A6565736974652F7573657266696C65732F312F696D616765732F2545362539372541302545362541302538372545392541322539382E706E6722207374796C653D2277696474683A203130323470783B206865696768743A2035353770783B22202F3E3C2F703E, '来源', '1,2,3,', '1');
INSERT INTO `cms_article_data` VALUES ('28', 0xE69687E7ABA0E58685E5AEB9E58685E5AEB9E58685E5AEB9E58685E5AEB9, '来源', '1,2,3', '1');
INSERT INTO `cms_article_data` VALUES ('29', 0xE69687E7ABA0E58685E5AEB9E58685E5AEB9E58685E5AEB9E58685E5AEB9, '来源', '1,2,3', '1');
INSERT INTO `cms_article_data` VALUES ('30', 0xE69687E7ABA0E58685E5AEB9E58685E5AEB9E58685E5AEB9E58685E5AEB9, '来源', '1,2,3', '1');
INSERT INTO `cms_article_data` VALUES ('31', 0xE69687E7ABA0E58685E5AEB9E58685E5AEB9E58685E5AEB9E58685E5AEB9, '来源', '1,2,3', '1');
INSERT INTO `cms_article_data` VALUES ('32', 0xE69687E7ABA0E58685E5AEB9E58685E5AEB9E58685E5AEB9E58685E5AEB9, '来源', '1,2,3', '1');
INSERT INTO `cms_article_data` VALUES ('33', 0xE69687E7ABA0E58685E5AEB9E58685E5AEB9E58685E5AEB9E58685E5AEB9, '来源', '1,2,3', '1');
INSERT INTO `cms_article_data` VALUES ('34', 0xE69687E7ABA0E58685E5AEB9E58685E5AEB9E58685E5AEB9E58685E5AEB9, '来源', '1,2,3', '1');
INSERT INTO `cms_article_data` VALUES ('35', 0xE69687E7ABA0E58685E5AEB9E58685E5AEB9E58685E5AEB9E58685E5AEB9, '来源', '1,2,3', '1');
INSERT INTO `cms_article_data` VALUES ('36', 0xE69687E7ABA0E58685E5AEB9E58685E5AEB9E58685E5AEB9E58685E5AEB9, '来源', '1,2,3', '1');
INSERT INTO `cms_article_data` VALUES ('37', 0xE69687E7ABA0E58685E5AEB9E58685E5AEB9E58685E5AEB9E58685E5AEB9, '来源', '1,2,3', '1');
INSERT INTO `cms_article_data` VALUES ('38', 0xE69687E7ABA0E58685E5AEB9E58685E5AEB9E58685E5AEB9E58685E5AEB9, '来源', '1,2,3', '1');
INSERT INTO `cms_article_data` VALUES ('39', 0xE69687E7ABA0E58685E5AEB9E58685E5AEB9E58685E5AEB9E58685E5AEB9, '来源', '1,2,3', '1');
INSERT INTO `cms_article_data` VALUES ('40', 0xE69687E7ABA0E58685E5AEB9E58685E5AEB9E58685E5AEB9E58685E5AEB9, '来源', '1,2,3', '1');
INSERT INTO `cms_article_data` VALUES ('41', 0xE69687E7ABA0E58685E5AEB9E58685E5AEB9E58685E5AEB9E58685E5AEB9, '来源', '1,2,3', '1');
INSERT INTO `cms_article_data` VALUES ('42', 0xE69687E7ABA0E58685E5AEB9E58685E5AEB9E58685E5AEB9E58685E5AEB9, '来源', '1,2,3', '1');
INSERT INTO `cms_article_data` VALUES ('43', 0xE69687E7ABA0E58685E5AEB9E58685E5AEB9E58685E5AEB9E58685E5AEB9, '来源', '1,2,3', '1');
INSERT INTO `cms_article_data` VALUES ('44', 0xE69687E7ABA0E58685E5AEB9E58685E5AEB9E58685E5AEB9E58685E5AEB9, '来源', '1,2,3', '1');
INSERT INTO `cms_article_data` VALUES ('45', 0xE69687E7ABA0E58685E5AEB9E58685E5AEB9E58685E5AEB9E58685E5AEB9, '来源', '1,2,3', '1');
INSERT INTO `cms_article_data` VALUES ('46', 0xE69687E7ABA0E58685E5AEB9E58685E5AEB9E58685E5AEB9E58685E5AEB9, '来源', '1,2,3', '1');
INSERT INTO `cms_article_data` VALUES ('47', 0xE69687E7ABA0E58685E5AEB9E58685E5AEB9E58685E5AEB9E58685E5AEB9, '来源', '1,2,3', '1');
INSERT INTO `cms_article_data` VALUES ('48', 0xE69687E7ABA0E58685E5AEB9E58685E5AEB9E58685E5AEB9E58685E5AEB9, '来源', '1,2,3', '1');
INSERT INTO `cms_article_data` VALUES ('49', 0xE69687E7ABA0E58685E5AEB9E58685E5AEB9E58685E5AEB9E58685E5AEB9, '来源', '1,2,3', '1');
INSERT INTO `cms_article_data` VALUES ('50', 0xE69687E7ABA0E58685E5AEB9E58685E5AEB9E58685E5AEB9E58685E5AEB9, '来源', '1,2,3', '1');
INSERT INTO `cms_article_data` VALUES ('51', 0xE69687E7ABA0E58685E5AEB9E58685E5AEB9E58685E5AEB9E58685E5AEB9, '来源', '1,2,3', '1');
INSERT INTO `cms_article_data` VALUES ('52', 0xE69687E7ABA0E58685E5AEB9E58685E5AEB9E58685E5AEB9E58685E5AEB9, '来源', '1,2,3', '1');
INSERT INTO `cms_article_data` VALUES ('53', 0xE69687E7ABA0E58685E5AEB9E58685E5AEB9E58685E5AEB9E58685E5AEB9, '来源', '1,2,3', '1');
INSERT INTO `cms_article_data` VALUES ('71de704c62ed4b1fa0d874c9260fc41c', 0x3C703E0D0A093C696D6720616C743D2277696E6B22206865696768743D22323022207372633D22687474703A2F2F6C6F63616C686F73742F6A6565736974652F7374617469632F636B656469746F722F706C7567696E732F736D696C65792F696D616765732F77696E6B5F736D696C652E67696622207469746C653D2277696E6B222077696474683D22323022202F3E3C2F703E0D0A3C7461626C6520626F726465723D2231222063656C6C70616464696E673D2231222063656C6C73706163696E673D223122207374796C653D2277696474683A2035303070783B223E0D0A093C74626F64793E0D0A09093C74723E0D0A0909093C74643E0D0A09090909266E6273703B3C2F74643E0D0A0909093C74643E0D0A09090909266E6273703B3C2F74643E0D0A09093C2F74723E0D0A09093C74723E0D0A0909093C74643E0D0A09090909266E6273703B3C2F74643E0D0A0909093C74643E0D0A09090909266E6273703B3C2F74643E0D0A09093C2F74723E0D0A09093C74723E0D0A0909093C74643E0D0A09090909266E6273703B3C2F74643E0D0A0909093C74643E0D0A09090909266E6273703B3C2F74643E0D0A09093C2F74723E0D0A093C2F74626F64793E0D0A3C2F7461626C653E0D0A3C703E0D0A093C6120687265663D222F6A6565736974652F7573657266696C65732F312F66696C65732F57595F54433230485F42313230355F70617274312E726172223E57595F54433230485F42313230355F70617274312E7261723C2F613E3C2F703E0D0A3C703E0D0A093C6120687265663D222F6A6565736974652F7573657266696C65732F312F66696C65732F57595F54433230485F42313230355F70617274322E726172223E57595F54433230485F42313230355F70617274322E7261723C2F613E3C2F703E0D0A3C703E0D0A093C6120687265663D222F6A6565736974652F7573657266696C65732F312F66696C65732F57595F54433230485F42313230355F70617274332E726172223E57595F54433230485F42313230355F70617274332E7261723C2F613E3C2F703E0D0A3C703E0D0A093C6120687265663D222F6A6565736974652F7573657266696C65732F312F66696C65732F636D732F61727469636C652F323031362F30322F57595F54433230485F42313230355F70617274342E726172223E57595F54433230485F42313230355F70617274342E7261723C2F613E3C2F703E, '', '', '1');

-- ----------------------------
-- Table structure for cms_category
-- ----------------------------
DROP TABLE IF EXISTS `cms_category`;
CREATE TABLE `cms_category` (
  `id` varchar(64) COLLATE utf8_bin NOT NULL COMMENT '编号',
  `site_id` varchar(64) COLLATE utf8_bin DEFAULT '1' COMMENT '站点编号',
  `office_id` varchar(64) COLLATE utf8_bin DEFAULT NULL COMMENT '归属机构',
  `parent_id` varchar(64) COLLATE utf8_bin NOT NULL COMMENT '父级编号',
  `parent_ids` varchar(2000) COLLATE utf8_bin NOT NULL COMMENT '所有父级编号',
  `module` varchar(20) COLLATE utf8_bin DEFAULT NULL COMMENT '栏目模块',
  `name` varchar(100) COLLATE utf8_bin NOT NULL COMMENT '栏目名称',
  `image` varchar(255) COLLATE utf8_bin DEFAULT NULL COMMENT '栏目图片',
  `href` varchar(255) COLLATE utf8_bin DEFAULT NULL COMMENT '链接',
  `target` varchar(20) COLLATE utf8_bin DEFAULT NULL COMMENT '目标',
  `description` varchar(255) COLLATE utf8_bin DEFAULT NULL COMMENT '描述',
  `keywords` varchar(255) COLLATE utf8_bin DEFAULT NULL COMMENT '关键字',
  `sort` int(11) DEFAULT '30' COMMENT '排序（升序）',
  `in_menu` char(1) COLLATE utf8_bin DEFAULT '1' COMMENT '是否在导航中显示',
  `in_list` char(1) COLLATE utf8_bin DEFAULT '1' COMMENT '是否在分类页中显示列表',
  `show_modes` char(1) COLLATE utf8_bin DEFAULT '0' COMMENT '展现方式',
  `allow_comment` char(1) COLLATE utf8_bin DEFAULT NULL COMMENT '是否允许评论',
  `is_audit` char(1) COLLATE utf8_bin DEFAULT NULL COMMENT '是否需要审核',
  `custom_list_view` varchar(255) COLLATE utf8_bin DEFAULT NULL COMMENT '自定义列表视图',
  `custom_content_view` varchar(255) COLLATE utf8_bin DEFAULT NULL COMMENT '自定义内容视图',
  `create_by` varchar(64) COLLATE utf8_bin DEFAULT NULL COMMENT '创建者',
  `create_date` datetime DEFAULT NULL COMMENT '创建时间',
  `update_by` varchar(64) COLLATE utf8_bin DEFAULT NULL COMMENT '更新者',
  `update_date` datetime DEFAULT NULL COMMENT '更新时间',
  `remarks` varchar(255) COLLATE utf8_bin DEFAULT NULL COMMENT '备注信息',
  `del_flag` char(1) COLLATE utf8_bin NOT NULL DEFAULT '0' COMMENT '删除标记',
  `view_config` text COLLATE utf8_bin COMMENT '视图配置',
  PRIMARY KEY (`id`),
  KEY `cms_category_parent_id` (`parent_id`),
  KEY `cms_category_parent_ids` (`parent_ids`(333)),
  KEY `cms_category_module` (`module`),
  KEY `cms_category_name` (`name`),
  KEY `cms_category_sort` (`sort`),
  KEY `cms_category_del_flag` (`del_flag`),
  KEY `cms_category_office_id` (`office_id`),
  KEY `cms_category_site_id` (`site_id`),
  KEY `cms_category_id` (`id`),
  KEY `FK2478CF34E18EEA67` (`create_by`),
  KEY `FK2478CF3449B6237A` (`update_by`),
  KEY `FK2478CF3445EC47DC` (`office_id`),
  KEY `FK2478CF345CA9776C` (`parent_id`),
  KEY `FK2478CF346F2E0F8` (`site_id`)
) ENGINE=MyISAM DEFAULT CHARSET=utf8 COLLATE=utf8_bin COMMENT='栏目表';

-- ----------------------------
-- Records of cms_category
-- ----------------------------
INSERT INTO `cms_category` VALUES ('1', '0', '1', '0', '0,', null, '顶级栏目', null, null, null, null, null, '0', '1', '1', '0', '0', '1', null, null, '1', '2013-05-27 08:00:00', '1', '2013-05-27 08:00:00', null, '0', null);
INSERT INTO `cms_category` VALUES ('2', '1', 'ea6b66efc5fb4d68a368a10a5ec2dfbd', '1', '0,1,', 'article', '组织机构', '', '', '', '', '', '10', '1', '1', '0', '0', '1', '', '', '1', '2013-05-27 08:00:00', '1', '2016-02-26 16:05:15', null, '0', '');
INSERT INTO `cms_category` VALUES ('3', '1', 'ea6b66efc5fb4d68a368a10a5ec2dfbd', '2', '0,1,2,', 'article', '网站简介', '', '', '', '', '', '30', '1', '1', '0', '1', '1', '', '', '1', '2013-05-27 08:00:00', '1', '2016-02-26 16:05:43', null, '0', '');
INSERT INTO `cms_category` VALUES ('4', '1', 'ea6b66efc5fb4d68a368a10a5ec2dfbd', '2', '0,1,2,', 'article', '内部机构', '', '', '', '', '', '40', '1', '1', '0', '0', '1', '', '', '1', '2013-05-27 08:00:00', '1', '2016-02-26 16:05:55', null, '0', '');
INSERT INTO `cms_category` VALUES ('5', '1', 'ea6b66efc5fb4d68a368a10a5ec2dfbd', '2', '0,1,2,', 'article', '地方机构', '', '', '', '', '', '50', '1', '1', '0', '0', '1', '', '', '1', '2013-05-27 08:00:00', '1', '2016-02-26 16:06:11', null, '0', '');
INSERT INTO `cms_category` VALUES ('6', '1', 'ea6b66efc5fb4d68a368a10a5ec2dfbd', '1', '0,1,', 'article', '质量检验', '', '', '', '', '', '20', '1', '1', '1', '1', '0', '', '', '1', '2013-05-27 08:00:00', '1', '2016-02-26 16:06:35', null, '0', '');
INSERT INTO `cms_category` VALUES ('7', '1', 'ea6b66efc5fb4d68a368a10a5ec2dfbd', '6', '0,1,6,', 'article', '产品质量', '', '', '', '', '', '30', '1', '1', '0', '1', '0', '', '', '1', '2013-05-27 08:00:00', '1', '2016-02-26 16:06:47', null, '0', '');
INSERT INTO `cms_category` VALUES ('8', '1', 'ea6b66efc5fb4d68a368a10a5ec2dfbd', '6', '0,1,6,', 'article', '技术质量', '', '', '', '', '', '40', '1', '1', '0', '1', '0', '', '', '1', '2013-05-27 08:00:00', '1', '2016-02-26 16:06:57', null, '0', '');
INSERT INTO `cms_category` VALUES ('9', '1', 'ea6b66efc5fb4d68a368a10a5ec2dfbd', '6', '0,1,6,', 'article', '工程质量', '', '', '', '', '', '50', '1', '1', '0', '1', '0', '', '', '1', '2013-05-27 08:00:00', '1', '2016-02-26 16:10:43', null, '0', '');
INSERT INTO `cms_category` VALUES ('10', '1', 'ea6b66efc5fb4d68a368a10a5ec2dfbd', '1', '0,1,', 'article', '软件介绍', '', '', '', '', '', '20', '1', '1', '0', '1', '0', '', '', '1', '2013-05-27 08:00:00', '1', '2016-02-26 16:14:00', null, '0', '');
INSERT INTO `cms_category` VALUES ('11', '1', 'ea6b66efc5fb4d68a368a10a5ec2dfbd', '10', '0,1,10,', 'article', '网络工具', '', '', '', '', '', '30', '1', '1', '0', '1', '0', '', '', '1', '2013-05-27 08:00:00', '1', '2016-02-26 16:14:46', null, '0', '');
INSERT INTO `cms_category` VALUES ('12', '1', 'ea6b66efc5fb4d68a368a10a5ec2dfbd', '10', '0,1,10,', 'article', '浏览工具', '', '', '', '', '', '40', '1', '1', '0', '1', '0', '', '', '1', '2013-05-27 08:00:00', '1', '2016-02-26 16:15:05', null, '0', '');
INSERT INTO `cms_category` VALUES ('13', '1', 'ea6b66efc5fb4d68a368a10a5ec2dfbd', '10', '0,1,10,', 'article', '浏览辅助', '', '', '', '', '', '50', '1', '1', '0', '1', '0', '', '', '1', '2013-05-27 08:00:00', '1', '2016-02-26 16:14:54', null, '0', '');
INSERT INTO `cms_category` VALUES ('14', '1', 'ea6b66efc5fb4d68a368a10a5ec2dfbd', '10', '0,1,10,', 'article', '网络优化', '', '', '', '', '', '50', '1', '1', '0', '1', '0', '', '', '1', '2013-05-27 08:00:00', '1', '2016-02-26 16:15:14', null, '0', '');
INSERT INTO `cms_category` VALUES ('15', '1', 'ea6b66efc5fb4d68a368a10a5ec2dfbd', '10', '0,1,10,', 'article', '邮件处理', '', '', '', '', '', '50', '1', '1', '0', '1', '0', '', '', '1', '2013-05-27 08:00:00', '1', '2016-02-26 16:15:23', null, '0', '');
INSERT INTO `cms_category` VALUES ('16', '1', 'ea6b66efc5fb4d68a368a10a5ec2dfbd', '10', '0,1,10,', 'article', '下载工具', '', '', '', '', '', '50', '1', '1', '0', '1', '0', '', '', '1', '2013-05-27 08:00:00', '1', '2016-02-26 16:16:28', null, '0', '');
INSERT INTO `cms_category` VALUES ('17', '1', 'ea6b66efc5fb4d68a368a10a5ec2dfbd', '10', '0,1,10,', 'article', '搜索工具', '', '', '', '', '', '50', '1', '1', '2', '1', '0', '', '', '1', '2013-05-27 08:00:00', '1', '2016-02-26 16:16:39', null, '0', '');
INSERT INTO `cms_category` VALUES ('18', '1', '5', '1', '0,1,', 'link', '友情链接', null, null, null, null, null, '90', '1', '1', '0', '1', '0', null, null, '1', '2013-05-27 08:00:00', '1', '2013-05-27 08:00:00', null, '0', null);
INSERT INTO `cms_category` VALUES ('19', '1', '5', '18', '0,1,18,', 'link', '常用网站', null, null, null, null, null, '50', '1', '1', '0', '1', '0', null, null, '1', '2013-05-27 08:00:00', '1', '2013-05-27 08:00:00', null, '0', null);
INSERT INTO `cms_category` VALUES ('20', '1', '5', '18', '0,1,18,', 'link', '门户网站', null, null, null, null, null, '50', '1', '1', '0', '1', '0', null, null, '1', '2013-05-27 08:00:00', '1', '2013-05-27 08:00:00', null, '0', null);
INSERT INTO `cms_category` VALUES ('21', '1', '5', '18', '0,1,18,', 'link', '购物网站', null, null, null, null, null, '50', '1', '1', '0', '1', '0', null, null, '1', '2013-05-27 08:00:00', '1', '2013-05-27 08:00:00', null, '0', null);
INSERT INTO `cms_category` VALUES ('22', '1', '5', '18', '0,1,18,', 'link', '交友社区', null, null, null, null, null, '50', '1', '1', '0', '1', '0', null, null, '1', '2013-05-27 08:00:00', '1', '2013-05-27 08:00:00', null, '0', null);
INSERT INTO `cms_category` VALUES ('23', '1', '5', '18', '0,1,18,', 'link', '音乐视频', null, null, null, null, null, '50', '1', '1', '0', '1', '0', null, null, '1', '2013-05-27 08:00:00', '1', '2013-05-27 08:00:00', null, '0', null);
INSERT INTO `cms_category` VALUES ('24', '1', '6', '1', '0,1,', '', '论坛', '', 'http://www.baidu.com', '', '', '', '90', '1', '1', '0', '0', '1', '', '', '1', '2013-05-27 08:00:00', '1', '2016-02-26 16:12:02', null, '0', '');
INSERT INTO `cms_category` VALUES ('25', '1', '6', '1', '0,1,', null, '全文检索', null, '/search', null, null, null, '90', '0', '1', '0', '1', '0', null, null, '1', '2013-05-27 08:00:00', '1', '2013-05-27 08:00:00', null, '0', null);
INSERT INTO `cms_category` VALUES ('26', '2', '6', '1', '0,1,', 'article', '测试栏目', null, null, null, null, null, '90', '1', '1', '0', '1', '0', null, null, '1', '2013-05-27 08:00:00', '1', '2013-05-27 08:00:00', null, '0', null);
INSERT INTO `cms_category` VALUES ('27', '1', '6', '1', '0,1,', null, '公共留言', null, '/guestbook', null, null, null, '90', '1', '1', '0', '1', '0', null, null, '1', '2013-05-27 08:00:00', '1', '2013-05-27 08:00:00', null, '0', null);

-- ----------------------------
-- Table structure for cms_comment
-- ----------------------------
DROP TABLE IF EXISTS `cms_comment`;
CREATE TABLE `cms_comment` (
  `id` varchar(64) COLLATE utf8_bin NOT NULL COMMENT '编号',
  `category_id` varchar(64) COLLATE utf8_bin NOT NULL COMMENT '栏目编号',
  `content_id` varchar(64) COLLATE utf8_bin NOT NULL COMMENT '栏目内容的编号',
  `title` varchar(255) COLLATE utf8_bin DEFAULT NULL COMMENT '栏目内容的标题',
  `content` varchar(255) COLLATE utf8_bin DEFAULT NULL COMMENT '评论内容',
  `name` varchar(100) COLLATE utf8_bin DEFAULT NULL COMMENT '评论姓名',
  `ip` varchar(100) COLLATE utf8_bin DEFAULT NULL COMMENT '评论IP',
  `create_date` datetime NOT NULL COMMENT '评论时间',
  `audit_user_id` varchar(64) COLLATE utf8_bin DEFAULT NULL COMMENT '审核人',
  `audit_date` datetime DEFAULT NULL COMMENT '审核时间',
  `del_flag` char(1) COLLATE utf8_bin NOT NULL DEFAULT '0' COMMENT '删除标记',
  PRIMARY KEY (`id`),
  KEY `cms_comment_category_id` (`category_id`),
  KEY `cms_comment_content_id` (`content_id`),
  KEY `cms_comment_status` (`del_flag`),
  KEY `cms_comment_id` (`id`),
  KEY `FKF7A9BD69AFFCB198` (`audit_user_id`),
  KEY `FKF7A9BD693CEB7298` (`category_id`)
) ENGINE=MyISAM DEFAULT CHARSET=utf8 COLLATE=utf8_bin COMMENT='评论表';

-- ----------------------------
-- Records of cms_comment
-- ----------------------------
INSERT INTO `cms_comment` VALUES ('356e1c7bacca44fb85918ba39fdadb33', '7', '14', '文章标题标题标题标题', '大家好', '匿名', '0:0:0:0:0:0:0:1', '2016-02-03 22:12:27', '3038a878f1544ec9a919c8f4cf935832', '2016-02-03 22:12:38', '0');
INSERT INTO `cms_comment` VALUES ('f17b5c09df92459fa054017a5105b663', '7', '14', '文章标题标题标题标题', '<div class=\"reply\">匿名:<br/>大家好</div>asdadasd', '匿名', '0:0:0:0:0:0:0:1', '2016-02-03 22:45:49', '3038a878f1544ec9a919c8f4cf935832', '2016-02-03 22:46:04', '0');
INSERT INTO `cms_comment` VALUES ('4ff12380fd5d473d84fd885bd9cb144c', '7', '14', '文章标题标题标题标题', '<div class=\"reply\">匿名:<br/><div class=\"reply\">匿名:<br/>大家好</div>asdadasd</div>asdasdsd', '匿名', '0:0:0:0:0:0:0:1', '2016-02-03 22:46:35', '3038a878f1544ec9a919c8f4cf935832', '2016-02-03 22:46:44', '0');
INSERT INTO `cms_comment` VALUES ('31b6922792d043b2833eb28f93c1dfb8', '7', '14', '文章标题标题标题标题', 'asdasdasd', '匿名', '0:0:0:0:0:0:0:1', '2016-02-03 22:59:01', '3038a878f1544ec9a919c8f4cf935832', '2016-02-03 23:02:12', '0');
INSERT INTO `cms_comment` VALUES ('08b6e9f638c74a8c93f79ce135e14421', '7', '14', '文章标题标题标题标题', '<div class=\"reply\">匿名:<br/><div class=\"reply\">匿名:<br/><div class=\"reply\">匿名:<br/>大家好</div>asdadasd</div>asdasdsd</div>asdasdasdasdasdsa', '匿名', '0:0:0:0:0:0:0:1', '2016-02-03 22:59:36', '3038a878f1544ec9a919c8f4cf935832', '2016-02-03 23:02:02', '0');
INSERT INTO `cms_comment` VALUES ('9eb3cdbcd2d344f6816f7a3da9b332d5', '7', '14', '文章标题标题标题标题', '<div class=\"reply\">匿名:<br/><div class=\"reply\">匿名:<br/><div class=\"reply\">匿名:<br/>大家好</div>asdadasd</div>asdasdsd</div>阿瑟大时代', '匿名', '0:0:0:0:0:0:0:1', '2016-02-03 23:00:14', '3038a878f1544ec9a919c8f4cf935832', '2016-02-03 23:02:02', '0');
INSERT INTO `cms_comment` VALUES ('75f7b6792ce145c6b93d26f21112f7c7', '7', '14', '文章标题标题标题标题', '<div class=\"reply\">匿名:<br/><div class=\"reply\">匿名:<br/><div class=\"reply\">匿名:<br/><div class=\"reply\">匿名:<br/>大家好</div>asdadasd</div>asdasdsd</div>阿瑟大时代</div>【表情】', '匿名', '0:0:0:0:0:0:0:1', '2016-02-03 23:02:53', '3038a878f1544ec9a919c8f4cf935832', '2016-02-03 23:35:02', '0');
INSERT INTO `cms_comment` VALUES ('f34902a1c7f74939b6275f892990e5c8', '7', '14', '文章标题标题标题标题', '<div class=\"reply\">匿名:<br/><div class=\"reply\">匿名:<br/><div class=\"reply\">匿名:<br/>大家好</div>asdadasd</div>asdasdsd</div>asdsad', '匿名', '0:0:0:0:0:0:0:1', '2016-02-03 23:03:43', '3038a878f1544ec9a919c8f4cf935832', '2016-02-03 23:34:59', '1');
INSERT INTO `cms_comment` VALUES ('ed97843a5e5d482e9b90520e6710ae93', '7', '14', '文章标题标题标题标题', '<div class=\"reply\">匿名:<br/><div class=\"reply\">匿名:<br/><div class=\"reply\">匿名:<br/>大家好</div>asdadasd</div>asdasdsd</div>asdsad', '匿名', '0:0:0:0:0:0:0:1', '2016-02-03 23:12:03', '3038a878f1544ec9a919c8f4cf935832', '2016-02-03 23:35:00', '0');
INSERT INTO `cms_comment` VALUES ('997b3c74e9114a07971f3ca6e242cb65', '7', '14', '文章标题标题标题标题', 'adadasd', '匿名', '0:0:0:0:0:0:0:1', '2016-02-03 23:20:48', '3038a878f1544ec9a919c8f4cf935832', '2016-02-03 23:35:01', '0');
INSERT INTO `cms_comment` VALUES ('180443fa242147509ad5ad0462aa8c0a', '7', '14', '文章标题标题标题标题', '<div class=\"reply\">匿名:<br/><div class=\"reply\">匿名:<br/><div class=\"reply\">匿名:<br/><div class=\"reply\">匿名:<br/>大家好</div>asdadasd</div>asdasdsd</div>asdasdasdasdasdsa</div>aaaaaaaaaaaaaaaa', '匿名', '0:0:0:0:0:0:0:1', '2016-02-03 23:21:10', '3038a878f1544ec9a919c8f4cf935832', '2016-02-03 23:35:04', '0');
INSERT INTO `cms_comment` VALUES ('252fb4825860480ba3c84812930939e7', '7', '14', '文章标题标题标题标题', '<div class=\"reply\">匿名:<br/>大家好</div>adad', '匿名', '0:0:0:0:0:0:0:1', '2016-02-03 23:29:27', '3038a878f1544ec9a919c8f4cf935832', '2016-02-03 23:35:03', '0');
INSERT INTO `cms_comment` VALUES ('5b9700d89dbe494e924ae0532611ffb6', '7', '14', '文章标题标题标题标题', 'asdasdasd', '匿名', '0:0:0:0:0:0:0:1', '2016-02-03 23:34:24', '3038a878f1544ec9a919c8f4cf935832', '2016-02-03 23:35:02', '0');
INSERT INTO `cms_comment` VALUES ('1d62a4a9e46a4f65a262b45b223a1b1b', '7', '14', '文章标题标题标题标题', '<div class=\"reply\">匿名:<br/>大家好</div>adad', '匿名', '0:0:0:0:0:0:0:1', '2016-02-03 23:35:50', '3038a878f1544ec9a919c8f4cf935832', '2016-02-03 23:43:29', '0');
INSERT INTO `cms_comment` VALUES ('3391d9bdf0bb4cc7a3bf7c77cfa78906', '7', '14', '文章标题标题标题标题', '<div class=\"reply\">匿名:<br/>asdasdasd</div>dadasd', '匿名', '0:0:0:0:0:0:0:1', '2016-02-04 00:06:27', '3038a878f1544ec9a919c8f4cf935832', '2016-02-04 12:47:46', '0');
INSERT INTO `cms_comment` VALUES ('ab21abf07c9c493a82a921b69431613b', '7', '14', '文章标题标题标题标题', 'asdddddd', '匿名', '0:0:0:0:0:0:0:1', '2016-02-04 11:13:47', '3038a878f1544ec9a919c8f4cf935832', '2016-02-04 12:47:43', '0');
INSERT INTO `cms_comment` VALUES ('0182f2149001412aa7531f360a4eb6fc', '7', '14', '文章标题标题标题标题', '<div class=\"reply\">匿名:<br/><div class=\"reply\">匿名:<br/><div class=\"reply\">匿名:<br/><div class=\"reply\">匿名:<br/>大家好</div>asdadasd</div>asdasdsd</div>阿瑟大时代</div>asdasdasdasd', '匿名', '127.0.0.1', '2016-02-04 12:45:31', '3038a878f1544ec9a919c8f4cf935832', '2016-02-04 12:47:45', '0');
INSERT INTO `cms_comment` VALUES ('7a316b723a054a06aae59feb0f646535', '7', '14', '文章标题标题标题标题', 'asdasd', '匿名', '127.0.0.1', '2016-02-04 12:47:31', '3038a878f1544ec9a919c8f4cf935832', '2016-02-04 12:47:44', '0');
INSERT INTO `cms_comment` VALUES ('cc5d0b2f51af4ac68470ccf07834c753', '7', '14', '文章标题标题标题标题', '<div class=\"reply\">匿名:<br/><div class=\"reply\">匿名:<br/><div class=\"reply\">匿名:<br/><div class=\"reply\">匿名:<br/>大家好</div>asdadasd</div>asdasdsd</div>asdsad</div>阿瑟大时代', '匿名', '127.0.0.1', '2016-02-11 17:01:38', '1', '2016-02-11 17:02:45', '0');
INSERT INTO `cms_comment` VALUES ('163756cd58b6439b9e4719b3f704f83b', '11', '27', 'Google浏览器优化体验', '这个真的是一个作弊神器啊', '匿名', '127.0.0.1', '2016-02-11 23:31:44', '1', '2016-02-11 23:31:52', '0');
INSERT INTO `cms_comment` VALUES ('adffb54bdb914ffa8f33edba61c0b360', '11', '27', 'Google浏览器优化体验', '<div class=\"reply\">匿名:<br/>这个真的是一个作弊神器啊</div>哈哈哈，说的对啊！', '匿名', '127.0.0.1', '2016-02-11 23:32:31', '1', '2016-02-11 23:32:38', '0');

-- ----------------------------
-- Table structure for cms_guestbook
-- ----------------------------
DROP TABLE IF EXISTS `cms_guestbook`;
CREATE TABLE `cms_guestbook` (
  `id` varchar(64) COLLATE utf8_bin NOT NULL COMMENT '编号',
  `type` char(1) COLLATE utf8_bin NOT NULL COMMENT '留言分类',
  `content` varchar(255) COLLATE utf8_bin NOT NULL COMMENT '留言内容',
  `name` varchar(100) COLLATE utf8_bin NOT NULL COMMENT '姓名',
  `email` varchar(100) COLLATE utf8_bin NOT NULL COMMENT '邮箱',
  `phone` varchar(100) COLLATE utf8_bin NOT NULL COMMENT '电话',
  `workunit` varchar(100) COLLATE utf8_bin NOT NULL COMMENT '单位',
  `ip` varchar(100) COLLATE utf8_bin NOT NULL COMMENT 'IP',
  `create_date` datetime NOT NULL COMMENT '留言时间',
  `re_user_id` varchar(64) COLLATE utf8_bin DEFAULT NULL COMMENT '回复人',
  `re_date` datetime DEFAULT NULL COMMENT '回复时间',
  `re_content` varchar(100) COLLATE utf8_bin DEFAULT NULL COMMENT '回复内容',
  `del_flag` char(1) COLLATE utf8_bin NOT NULL DEFAULT '0' COMMENT '删除标记',
  PRIMARY KEY (`id`),
  KEY `cms_guestbook_del_flag` (`del_flag`),
  KEY `cms_site_id` (`id`),
  KEY `FKD861F14B89634BF0` (`re_user_id`)
) ENGINE=MyISAM DEFAULT CHARSET=utf8 COLLATE=utf8_bin COMMENT='留言板';

-- ----------------------------
-- Records of cms_guestbook
-- ----------------------------
INSERT INTO `cms_guestbook` VALUES ('1e10aef4455e4b9abbc8c8f201574c74', '1', '将Hibernate Search集成进已有项目中，实现全文检索功能\r\n将Hibernate Search集成进已有项目中，实现全文检索功能\r\n将Hibernate Search集成进已有项目中，实现全文检索功能将Hibernate Search集成进已有项目中，实现全文检索功能', '文章', '1064198870@qq.com', '18744233362', '东北电力学院', '0:0:0:0:0:0:0:1', '2016-01-31 21:11:47', '1', '2016-01-31 21:12:51', '将Hibernate Search集成进已有项目中，实现全文检索功能', '0');

-- ----------------------------
-- Table structure for cms_link
-- ----------------------------
DROP TABLE IF EXISTS `cms_link`;
CREATE TABLE `cms_link` (
  `id` varchar(64) COLLATE utf8_bin NOT NULL COMMENT '编号',
  `category_id` varchar(64) COLLATE utf8_bin NOT NULL COMMENT '栏目编号',
  `title` varchar(255) COLLATE utf8_bin NOT NULL COMMENT '链接名称',
  `color` varchar(50) COLLATE utf8_bin DEFAULT NULL COMMENT '标题颜色',
  `image` varchar(255) COLLATE utf8_bin DEFAULT NULL COMMENT '链接图片',
  `href` varchar(255) COLLATE utf8_bin DEFAULT NULL COMMENT '链接地址',
  `weight` int(11) DEFAULT '0' COMMENT '权重，越大越靠前',
  `weight_date` datetime DEFAULT NULL COMMENT '权重期限',
  `create_by` varchar(64) COLLATE utf8_bin DEFAULT NULL COMMENT '创建者',
  `create_date` datetime DEFAULT NULL COMMENT '创建时间',
  `update_by` varchar(64) COLLATE utf8_bin DEFAULT NULL COMMENT '更新者',
  `update_date` datetime DEFAULT NULL COMMENT '更新时间',
  `remarks` varchar(255) COLLATE utf8_bin DEFAULT NULL COMMENT '备注信息',
  `del_flag` char(1) COLLATE utf8_bin NOT NULL DEFAULT '0' COMMENT '删除标记',
  PRIMARY KEY (`id`),
  KEY `cms_link_category_id` (`category_id`),
  KEY `cms_link_title` (`title`),
  KEY `cms_link_del_flag` (`del_flag`),
  KEY `cms_link_weight` (`weight`),
  KEY `cms_link_create_by` (`create_by`),
  KEY `cms_link_update_date` (`update_date`),
  KEY `cms_link_id` (`id`),
  KEY `FK7BC64D30E18EEA67` (`create_by`),
  KEY `FK7BC64D3049B6237A` (`update_by`),
  KEY `FK7BC64D303CEB7298` (`category_id`)
) ENGINE=MyISAM DEFAULT CHARSET=utf8 COLLATE=utf8_bin COMMENT='友情链接';

-- ----------------------------
-- Records of cms_link
-- ----------------------------
INSERT INTO `cms_link` VALUES ('1', '19', 'JeeSite', null, null, 'http://thinkgem.github.com/jeesite', '0', null, '1', '2013-05-27 08:00:00', '1', '2013-05-27 08:00:00', null, '0');
INSERT INTO `cms_link` VALUES ('2', '19', 'ThinkGem', null, null, 'http://thinkgem.iteye.com/', '0', null, '1', '2013-05-27 08:00:00', '1', '2013-05-27 08:00:00', null, '0');
INSERT INTO `cms_link` VALUES ('3', '19', '百度一下', null, null, 'http://www.baidu.com', '0', null, '1', '2013-05-27 08:00:00', '1', '2013-05-27 08:00:00', null, '0');
INSERT INTO `cms_link` VALUES ('4', '19', '谷歌搜索', null, null, 'http://www.google.com', '0', null, '1', '2013-05-27 08:00:00', '1', '2013-05-27 08:00:00', null, '0');
INSERT INTO `cms_link` VALUES ('5', '20', '新浪网', null, null, 'http://www.sina.com.cn', '0', null, '1', '2013-05-27 08:00:00', '1', '2013-05-27 08:00:00', null, '0');
INSERT INTO `cms_link` VALUES ('6', '20', '腾讯网', null, null, 'http://www.qq.com/', '0', null, '1', '2013-05-27 08:00:00', '1', '2013-05-27 08:00:00', null, '0');
INSERT INTO `cms_link` VALUES ('7', '21', '淘宝网', null, null, 'http://www.taobao.com/', '0', null, '1', '2013-05-27 08:00:00', '1', '2013-05-27 08:00:00', null, '0');
INSERT INTO `cms_link` VALUES ('8', '21', '新华网', null, null, 'http://www.xinhuanet.com/', '0', null, '1', '2013-05-27 08:00:00', '1', '2013-05-27 08:00:00', null, '0');
INSERT INTO `cms_link` VALUES ('9', '22', '赶集网', null, null, 'http://www.ganji.com/', '0', null, '1', '2013-05-27 08:00:00', '1', '2013-05-27 08:00:00', null, '0');
INSERT INTO `cms_link` VALUES ('10', '22', '58同城', null, null, 'http://www.58.com/', '0', null, '1', '2013-05-27 08:00:00', '1', '2013-05-27 08:00:00', null, '0');
INSERT INTO `cms_link` VALUES ('11', '23', '视频大全', null, null, 'http://v.360.cn/', '0', null, '1', '2013-05-27 08:00:00', '1', '2013-05-27 08:00:00', null, '0');
INSERT INTO `cms_link` VALUES ('12', '23', '凤凰网', null, null, 'http://www.ifeng.com/', '0', null, '1', '2013-05-27 08:00:00', '1', '2013-05-27 08:00:00', null, '0');

-- ----------------------------
-- Table structure for cms_site
-- ----------------------------
DROP TABLE IF EXISTS `cms_site`;
CREATE TABLE `cms_site` (
  `id` varchar(64) COLLATE utf8_bin NOT NULL COMMENT '编号',
  `name` varchar(100) COLLATE utf8_bin NOT NULL COMMENT '站点名称',
  `title` varchar(100) COLLATE utf8_bin NOT NULL COMMENT '站点标题',
  `logo` varchar(255) COLLATE utf8_bin DEFAULT NULL COMMENT '站点Logo',
  `domain` varchar(255) COLLATE utf8_bin DEFAULT NULL COMMENT '站点域名',
  `description` varchar(255) COLLATE utf8_bin DEFAULT NULL COMMENT '描述',
  `keywords` varchar(255) COLLATE utf8_bin DEFAULT NULL COMMENT '关键字',
  `theme` varchar(255) COLLATE utf8_bin DEFAULT 'default' COMMENT '主题',
  `copyright` text COLLATE utf8_bin COMMENT '版权信息',
  `custom_index_view` varchar(255) COLLATE utf8_bin DEFAULT NULL COMMENT '自定义站点首页视图',
  `create_by` varchar(64) COLLATE utf8_bin DEFAULT NULL COMMENT '创建者',
  `create_date` datetime DEFAULT NULL COMMENT '创建时间',
  `update_by` varchar(64) COLLATE utf8_bin DEFAULT NULL COMMENT '更新者',
  `update_date` datetime DEFAULT NULL COMMENT '更新时间',
  `remarks` varchar(255) COLLATE utf8_bin DEFAULT NULL COMMENT '备注信息',
  `del_flag` char(1) COLLATE utf8_bin NOT NULL DEFAULT '0' COMMENT '删除标记',
  PRIMARY KEY (`id`),
  KEY `cms_site_del_flag` (`del_flag`),
  KEY `cms_site_id` (`id`),
  KEY `FK7BC97C7DE18EEA67` (`create_by`),
  KEY `FK7BC97C7D49B6237A` (`update_by`)
) ENGINE=MyISAM DEFAULT CHARSET=utf8 COLLATE=utf8_bin COMMENT='站点表';

-- ----------------------------
-- Records of cms_site
-- ----------------------------
INSERT INTO `cms_site` VALUES ('1', '默认站点', '计算机网络', '', null, 'JeeSite', 'JeeSite', 'basic', 0x3C703E0D0A09436F707972696768742026636F70793B20323031322D32303133203C6120687265663D22687474703A2F2F7468696E6B67656D2E69746579652E636F6D22207461726765743D225F626C616E6B223E5468696E6B47656D3C2F613E202D20506F7765726564204279203C6120687265663D2268747470733A2F2F6769746875622E636F6D2F7468696E6B67656D2F6A65657369746522207461726765743D225F626C616E6B223E4A6565536974653C2F613E2056312E303C2F703E, '', '1', '2013-05-27 08:00:00', '3038a878f1544ec9a919c8f4cf935832', '2016-02-03 21:24:26', null, '0');
INSERT INTO `cms_site` VALUES ('2', '计算机网络', '计算机网络', '', null, '计算机网络', '计算机网络', 'basic', 0x3C703E0D0A09436F707972696768742026636F70793B20323031352D32303135203C6120687265663D22687474703A2F2F7468696E6B67656D2E69746579652E636F6D22207461726765743D225F626C616E6B223E5468696E6B47656D3C2F613E202D20506F7765726564204279203C6120687265663D2268747470733A2F2F6769746875622E636F6D2F7468696E6B67656D2F6A65657369746522207461726765743D225F626C616E6B223E4A6565536974653C2F613E2056312E303C2F703E, '', '1', '2013-05-27 08:00:00', '1', '2016-01-30 12:38:50', null, '1');
INSERT INTO `cms_site` VALUES ('1ae6535a09a242dfbe95d35253b7f689', '计算机网络', '计算机网络', '', null, '计算机网络', '计算机网络', 'basic', '', '', '1', '2016-01-30 12:36:58', '1', '2016-01-30 12:36:58', null, '1');

-- ----------------------------
-- Table structure for exam_examine
-- ----------------------------
DROP TABLE IF EXISTS `exam_examine`;
CREATE TABLE `exam_examine` (
  `id` varchar(255) NOT NULL,
  `title` longtext,
  `image` varchar(255) DEFAULT NULL,
  `answer` longtext,
  `classify` varchar(4) DEFAULT NULL,
  `create_date` datetime DEFAULT NULL,
  `description` varchar(255) DEFAULT NULL,
  `del_flag` varchar(1) DEFAULT NULL,
  `remarks` varchar(255) DEFAULT NULL,
  `update_date` datetime DEFAULT NULL,
  `create_by` varchar(255) DEFAULT NULL,
  `update_by` varchar(255) DEFAULT NULL,
  PRIMARY KEY (`id`),
  KEY `FKC2F5C741E18EEA67` (`create_by`),
  KEY `FKC2F5C74149B6237A` (`update_by`)
) ENGINE=InnoDB DEFAULT CHARSET=utf8;

-- ----------------------------
-- Records of exam_examine
-- ----------------------------
INSERT INTO `exam_examine` VALUES ('004ed7eece254c998b4f2120b83f9e04', '什么样的孩子是好孩子？ A：爱学习的 B：爱劳动的 C：讨人喜欢的 D：漂亮的', '/userfiles/1/_thumbs/images/cms/article/2016/02/B/userfiles/1/_thumbs/images/cms/article/2016/02/BaiduShurufa_2016-2-4_12-18-61.jpga', 'A', '1', '2016-02-26 12:40:01', '这是一个测试题目。', '0', null, '2016-02-26 12:40:01', '1', '1');
INSERT INTO `exam_examine` VALUES ('02f8a3df61f34a6bbddce761285582d1', '话说西游记？', '/userfiles/1/_thumbs/images/cms/article/2016/02/B/userfiles/1/_thumbs/images/cms/article/2016/02/BaiduShurufa_2016-2-4_12-18-50.jpga', '西游记是一个经典传奇。', '3', '2016-02-26 12:39:31', '测试简答题', '0', null, '2016-02-26 12:39:31', '1', '1');
INSERT INTO `exam_examine` VALUES ('049b188542e14ab1bdc54af4217b7875', '杨丽鋆是一个好孩子吗？', '/userfiles/1/_thumbs/images/cms/article/2016/02/B/userfiles/1/_thumbs/images/cms/article/2016/02/BaiduShurufa_2016-2-4_12-18-89.jpga', 'X', '2', '2016-02-26 12:35:12', '测试判断题', '0', null, '2016-02-26 12:35:12', '1', '1');
INSERT INTO `exam_examine` VALUES ('05c80fb7ab2b4c4d8980e8b7db488cc0', '杨丽鋆是一个好孩子吗？', '/userfiles/1/_thumbs/images/cms/article/2016/02/B/userfiles/1/_thumbs/images/cms/article/2016/02/BaiduShurufa_2016-2-4_12-18-102.jpga', 'X', '2', '2016-02-26 12:39:55', '测试判断题', '0', null, '2016-02-26 12:39:55', '1', '1');
INSERT INTO `exam_examine` VALUES ('0640fd9538d5454cb138fb1014c76121', '什么样的孩子是好孩子？ A：爱学习的 B：爱劳动的 C：讨人喜欢的 D：漂亮的', '/userfiles/1/_thumbs/images/cms/article/2016/02/B/userfiles/1/_thumbs/images/cms/article/2016/02/BaiduShurufa_2016-2-4_12-18-51.jpga', 'A', '1', '2016-02-26 12:39:50', '这是一个测试题目。', '0', null, '2016-02-26 12:39:50', '1', '1');
INSERT INTO `exam_examine` VALUES ('066e8786fd5448558f7d99e3b4f6f02e', '话说西游记？', '/userfiles/1/_thumbs/images/cms/article/2016/02/B/userfiles/1/_thumbs/images/cms/article/2016/02/BaiduShurufa_2016-2-4_12-18-97.jpga', '西游记是一个经典传奇。', '3', '2016-02-26 12:39:52', '测试简答题', '0', null, '2016-02-26 12:39:52', '1', '1');
INSERT INTO `exam_examine` VALUES ('07aae5700c62444da96fd1ec13efc9aa', '杨丽鋆是一个好孩子吗？', '/userfiles/1/_thumbs/images/cms/article/2016/02/B/userfiles/1/_thumbs/images/cms/article/2016/02/BaiduShurufa_2016-2-4_12-18-9.jpga', 'X', '2', '2016-02-26 12:35:01', '测试判断题', '0', null, '2016-02-26 12:35:01', '1', '1');
INSERT INTO `exam_examine` VALUES ('0844274f3f174b63b21d1a4f0141314a', '杨丽鋆是一个好孩子吗？', '/userfiles/1/_thumbs/images/cms/article/2016/02/B/userfiles/1/_thumbs/images/cms/article/2016/02/BaiduShurufa_2016-2-4_12-18-182.jpga', 'X', '2', '2016-02-26 12:29:15', '测试判断题', '0', null, '2016-02-26 12:29:15', '1', '1');
INSERT INTO `exam_examine` VALUES ('0887c00152a84db19cb1448078de7813', '什么样的孩子是好孩子？ A：爱学习的 B：爱劳动的 C：讨人喜欢的 D：漂亮的', '/userfiles/1/_thumbs/images/cms/article/2016/02/B/userfiles/1/_thumbs/images/cms/article/2016/02/BaiduShurufa_2016-2-4_12-18-65.jpga', 'A', '1', '2016-02-26 12:39:39', '这是一个测试题目。', '0', null, '2016-02-26 12:39:39', '1', '1');
INSERT INTO `exam_examine` VALUES ('0888bf4fd4e34841b7e4ca28e1bed831', '话说西游记？', '/userfiles/1/_thumbs/images/cms/article/2016/02/B/userfiles/1/_thumbs/images/cms/article/2016/02/BaiduShurufa_2016-2-4_12-18-24.jpga', '西游记是一个经典传奇。', '3', '2016-02-26 12:35:06', '测试简答题', '0', null, '2016-02-26 12:35:06', '1', '1');
INSERT INTO `exam_examine` VALUES ('0ac45379ad644073b859376f0075c786', '杨丽鋆是一个好孩子吗？', '/userfiles/1/_thumbs/images/cms/article/2016/02/B/userfiles/1/_thumbs/images/cms/article/2016/02/BaiduShurufa_2016-2-4_12-18-69.jpga', 'X', '2', '2016-02-26 12:39:40', '测试判断题', '0', null, '2016-02-26 12:39:40', '1', '1');
INSERT INTO `exam_examine` VALUES ('0b74caa55a554514920b3d98ccb00f96', '话说西游记？', '/userfiles/1/_thumbs/images/cms/article/2016/02/B/userfiles/1/_thumbs/images/cms/article/2016/02/BaiduShurufa_2016-2-4_12-18-187.jpga', '西游记是一个经典传奇。', '3', '2016-02-26 12:35:09', '测试简答题', '0', null, '2016-02-26 12:35:09', '1', '1');
INSERT INTO `exam_examine` VALUES ('0bac6e99abd84495a983273671e39cd5', '话说西游记？', '/userfiles/1/_thumbs/images/cms/article/2016/02/B/userfiles/1/_thumbs/images/cms/article/2016/02/BaiduShurufa_2016-2-4_12-18-127.jpga', '西游记是一个经典传奇。', '3', '2016-02-26 12:39:31', '测试简答题', '0', null, '2016-02-26 12:39:31', '1', '1');
INSERT INTO `exam_examine` VALUES ('0daf070ba4594f83b56bc78e3d0a5497', '杨丽鋆是一个好孩子吗？', '/userfiles/1/_thumbs/images/cms/article/2016/02/B/userfiles/1/_thumbs/images/cms/article/2016/02/BaiduShurufa_2016-2-4_12-18-9.jpga', 'X', '2', '2016-02-26 12:29:28', '测试判断题', '0', null, '2016-02-26 12:29:28', '1', '1');
INSERT INTO `exam_examine` VALUES ('0e2c31cd96dd4431a40ba56223f0be32', '杨丽鋆是一个好孩子吗？', '/userfiles/1/_thumbs/images/cms/article/2016/02/B/userfiles/1/_thumbs/images/cms/article/2016/02/BaiduShurufa_2016-2-4_12-18-202.jpga', 'X', '2', '2016-02-26 12:35:12', '测试判断题', '0', null, '2016-02-26 12:35:12', '1', '1');
INSERT INTO `exam_examine` VALUES ('0ea1ec5dec0b4515bab8544efb14b5e1', '什么样的孩子是好孩子？ A：爱学习的 B：爱劳动的 C：讨人喜欢的 D：漂亮的', '/userfiles/1/_thumbs/images/cms/article/2016/02/B/userfiles/1/_thumbs/images/cms/article/2016/02/BaiduShurufa_2016-2-4_12-18-198.jpga', 'A', '1', '2016-02-26 12:35:11', '这是一个测试题目。', '0', null, '2016-02-26 12:35:11', '1', '1');
INSERT INTO `exam_examine` VALUES ('0ffc22eb1cad4849b0aa6312c70f1a4d', '杨丽鋆是一个好孩子吗？', '/userfiles/1/_thumbs/images/cms/article/2016/02/B/userfiles/1/_thumbs/images/cms/article/2016/02/BaiduShurufa_2016-2-4_12-18-66.jpga', 'X', '2', '2016-02-26 12:29:29', '测试判断题', '0', null, '2016-02-26 12:29:29', '1', '1');
INSERT INTO `exam_examine` VALUES ('100', '话说西游记？', '/userfiles/1/_thumbs/images/Ubuntu-default%20(4).jpg', '西游记是一个经典传奇。', '3', '2016-02-11 14:28:06', '测试简答题', '0', '', '2016-02-24 11:24:13', '1', '1');
INSERT INTO `exam_examine` VALUES ('100598c9d6734b1c9fe669442e209edf', '话说西游记？', '/userfiles/1/_thumbs/images/cms/article/2016/02/B/userfiles/1/_thumbs/images/cms/article/2016/02/BaiduShurufa_2016-2-4_12-18-20.jpga', '西游记是一个经典传奇。', '3', '2016-02-26 12:29:13', '测试简答题', '0', null, '2016-02-26 12:29:13', '1', '1');
INSERT INTO `exam_examine` VALUES ('104', '话说西游记？', '/userfiles/1/_thumbs/images/cms/article/2016/02/B/userfiles/1/_thumbs/images/cms/article/2016/02/BaiduShurufa_2016-2-4_12-18-107.jpga', '西游记是一个经典传奇。', '3', '2016-02-11 14:28:06', '测试简答题', '0', '', '2016-02-11 14:47:20', '1', '1');
INSERT INTO `exam_examine` VALUES ('1119c1d923d94ee88f2efef8117e297b', '杨丽鋆是一个好孩子吗？', '/userfiles/1/_thumbs/images/cms/article/2016/02/B/userfiles/1/_thumbs/images/cms/article/2016/02/BaiduShurufa_2016-2-4_12-18-6.jpga', 'X', '2', '2016-02-26 12:40:07', '测试判断题', '0', null, '2016-02-26 12:40:07', '1', '1');
INSERT INTO `exam_examine` VALUES ('112994f91f8d415496b0219f8ee82770', '话说西游记？', '/userfiles/1/_thumbs/images/cms/article/2016/02/B/userfiles/1/_thumbs/images/cms/article/2016/02/BaiduShurufa_2016-2-4_12-18-163.jpga', '西游记是一个经典传奇。', '3', '2016-02-26 12:39:41', '测试简答题', '0', null, '2016-02-26 12:39:41', '1', '1');
INSERT INTO `exam_examine` VALUES ('118c5cfb01174b0e8e4e34e69b960a72', '话说西游记？', '/userfiles/1/_thumbs/images/cms/article/2016/02/B/userfiles/1/_thumbs/images/cms/article/2016/02/BaiduShurufa_2016-2-4_12-18-64.jpga', '西游记是一个经典传奇。', '3', '2016-02-26 12:39:39', '测试简答题', '0', null, '2016-02-26 12:39:39', '1', '1');
INSERT INTO `exam_examine` VALUES ('120', '话说西游记？', '/userfiles/1/_thumbs/images/cms/article/2016/02/B/userfiles/1/_thumbs/images/cms/article/2016/02/BaiduShurufa_2016-2-4_12-18-123.jpga', '西游记是一个经典传奇。', '3', '2016-02-11 14:28:06', '测试简答题', '0', '', '2016-02-11 14:47:20', '1', '1');
INSERT INTO `exam_examine` VALUES ('121645b2a3c849dc9b3a14029ceeff89', '话说西游记？', '/userfiles/1/_thumbs/images/cms/article/2016/02/B/userfiles/1/_thumbs/images/cms/article/2016/02/BaiduShurufa_2016-2-4_12-18-193.jpga', '西游记是一个经典传奇。', '3', '2016-02-26 12:35:10', '测试简答题', '0', null, '2016-02-26 12:35:10', '1', '1');
INSERT INTO `exam_examine` VALUES ('124', '话说西游记？', '/userfiles/1/_thumbs/images/cms/article/2016/02/B/userfiles/1/_thumbs/images/cms/article/2016/02/BaiduShurufa_2016-2-4_12-18-127.jpga', '西游记是一个经典传奇。', '3', '2016-02-11 14:28:06', '测试简答题', '0', '', '2016-02-11 14:47:20', '1', '1');
INSERT INTO `exam_examine` VALUES ('127cab891d33493e8a6b731f18b6e9ef', '什么样的孩子是好孩子？ A：爱学习的 B：爱劳动的 C：讨人喜欢的 D：漂亮的', '/userfiles/1/_thumbs/images/cms/article/2016/02/B/userfiles/1/_thumbs/images/cms/article/2016/02/BaiduShurufa_2016-2-4_12-18-58.jpga', 'A', '1', '2016-02-26 12:29:27', '这是一个测试题目。', '0', null, '2016-02-26 12:29:27', '1', '1');
INSERT INTO `exam_examine` VALUES ('12b6ece9ca6d4710a74d5e26d7d3eeec', '话说西游记？', '/userfiles/1/_thumbs/images/cms/article/2016/02/B/userfiles/1/_thumbs/images/cms/article/2016/02/BaiduShurufa_2016-2-4_12-18-154.jpga', '西游记是一个经典传奇。', '3', '2016-02-26 12:35:05', '测试简答题', '0', null, '2016-02-26 12:35:05', '1', '1');
INSERT INTO `exam_examine` VALUES ('13d89b3bfd7c4d8381d66173f8ea9475', '话说西游记？', '/userfiles/1/_thumbs/images/cms/article/2016/02/B/userfiles/1/_thumbs/images/cms/article/2016/02/BaiduShurufa_2016-2-4_12-18-107.jpga', '西游记是一个经典传奇。', '3', '2016-02-26 12:35:02', '测试简答题', '0', null, '2016-02-26 12:35:02', '1', '1');
INSERT INTO `exam_examine` VALUES ('140', '话说西游记？', '/userfiles/1/_thumbs/images/cms/article/2016/02/B/userfiles/1/_thumbs/images/cms/article/2016/02/BaiduShurufa_2016-2-4_12-18-143.jpga', '西游记是一个经典传奇。', '3', '2016-02-11 14:28:06', '测试简答题', '0', '', '2016-02-11 14:47:20', '1', '1');
INSERT INTO `exam_examine` VALUES ('141', '话说西游记？', '/userfiles/1/_thumbs/images/cms/article/2016/02/B/userfiles/1/_thumbs/images/cms/article/2016/02/BaiduShurufa_2016-2-4_12-18-144.jpga', '西游记是一个经典传奇。', '3', '2016-02-11 14:28:06', '测试简答题', '0', '', '2016-02-11 14:47:20', '1', '1');
INSERT INTO `exam_examine` VALUES ('144', '话说西游记？', '/userfiles/1/_thumbs/images/cms/article/2016/02/B/userfiles/1/_thumbs/images/cms/article/2016/02/BaiduShurufa_2016-2-4_12-18-147.jpga', '西游记是一个经典传奇。', '3', '2016-02-11 14:28:06', '测试简答题', '0', '', '2016-02-11 14:47:20', '1', '1');
INSERT INTO `exam_examine` VALUES ('1442b69cfe13484586566a6bd8850959', '什么样的孩子是好孩子？ A：爱学习的 B：爱劳动的 C：讨人喜欢的 D：漂亮的', '/userfiles/1/_thumbs/images/cms/article/2016/02/B/userfiles/1/_thumbs/images/cms/article/2016/02/BaiduShurufa_2016-2-4_12-18-28.jpga', 'A', '1', '2016-02-26 12:29:21', '这是一个测试题目。', '0', null, '2016-02-26 12:29:21', '1', '1');
INSERT INTO `exam_examine` VALUES ('147', '话说西游记？', '/userfiles/1/_thumbs/images/cms/article/2016/02/B/userfiles/1/_thumbs/images/cms/article/2016/02/BaiduShurufa_2016-2-4_12-18-150.jpga', '西游记是一个经典传奇。', '3', '2016-02-11 14:28:06', '测试简答题', '0', '', '2016-02-11 14:47:20', '1', '1');
INSERT INTO `exam_examine` VALUES ('150', '话说西游记？', '/userfiles/1/_thumbs/images/cms/article/2016/02/B/userfiles/1/_thumbs/images/cms/article/2016/02/BaiduShurufa_2016-2-4_12-18-153.jpga', '西游记是一个经典传奇。', '3', '2016-02-11 14:28:06', '测试简答题', '0', '', '2016-02-11 14:47:20', '1', '1');
INSERT INTO `exam_examine` VALUES ('151', '话说西游记？', '/userfiles/1/_thumbs/images/cms/article/2016/02/B/userfiles/1/_thumbs/images/cms/article/2016/02/BaiduShurufa_2016-2-4_12-18-154.jpga', '西游记是一个经典传奇。', '3', '2016-02-11 14:28:06', '测试简答题', '0', '', '2016-02-11 14:47:20', '1', '1');
INSERT INTO `exam_examine` VALUES ('154', '话说西游记？', '/userfiles/1/_thumbs/images/cms/article/2016/02/B/userfiles/1/_thumbs/images/cms/article/2016/02/BaiduShurufa_2016-2-4_12-18-157.jpga', '西游记是一个经典传奇。', '3', '2016-02-11 14:28:06', '测试简答题', '0', '', '2016-02-11 14:47:20', '1', '1');
INSERT INTO `exam_examine` VALUES ('157', '话说西游记？', '/userfiles/1/_thumbs/images/cms/article/2016/02/B/userfiles/1/_thumbs/images/cms/article/2016/02/BaiduShurufa_2016-2-4_12-18-160.jpga', '西游记是一个经典传奇。', '3', '2016-02-11 14:28:06', '测试简答题', '0', '', '2016-02-11 14:47:20', '1', '1');
INSERT INTO `exam_examine` VALUES ('15f3cb44d2e74561b6515dc7396d6e7f', '话说西游记？', '/userfiles/1/_thumbs/images/cms/article/2016/02/B/userfiles/1/_thumbs/images/cms/article/2016/02/BaiduShurufa_2016-2-4_12-18-197.jpga', '西游记是一个经典传奇。', '3', '2016-02-26 12:29:17', '测试简答题', '0', null, '2016-02-26 12:29:17', '1', '1');
INSERT INTO `exam_examine` VALUES ('160', '话说西游记？', '/userfiles/1/_thumbs/images/cms/article/2016/02/B/userfiles/1/_thumbs/images/cms/article/2016/02/BaiduShurufa_2016-2-4_12-18-163.jpga', '西游记是一个经典传奇。', '3', '2016-02-11 14:28:06', '测试简答题', '0', '', '2016-02-11 14:47:20', '1', '1');
INSERT INTO `exam_examine` VALUES ('161', '话说西游记？', '/userfiles/1/_thumbs/images/cms/article/2016/02/B/userfiles/1/_thumbs/images/cms/article/2016/02/BaiduShurufa_2016-2-4_12-18-164.jpga', '西游记是一个经典传奇。', '3', '2016-02-11 14:28:06', '测试简答题', '0', '', '2016-02-11 14:47:20', '1', '1');
INSERT INTO `exam_examine` VALUES ('16204e28a9794ff68b3063376ab242a8', '话说西游记？', '/userfiles/1/_thumbs/images/cms/article/2016/02/B/userfiles/1/_thumbs/images/cms/article/2016/02/BaiduShurufa_2016-2-4_12-18-23.jpga', '西游记是一个经典传奇。', '3', '2016-02-26 12:35:13', '测试简答题', '0', null, '2016-02-26 12:35:13', '1', '1');
INSERT INTO `exam_examine` VALUES ('1622af9785c440cf9fcddfeaf4c3c39e', '话说西游记？', '/userfiles/1/_thumbs/images/cms/article/2016/02/B/userfiles/1/_thumbs/images/cms/article/2016/02/BaiduShurufa_2016-2-4_12-18-24.jpga', '西游记是一个经典传奇。', '3', '2016-02-26 12:29:19', '测试简答题', '0', null, '2016-02-26 12:29:19', '1', '1');
INSERT INTO `exam_examine` VALUES ('164', '话说西游记？', '/userfiles/1/_thumbs/images/cms/article/2016/02/B/userfiles/1/_thumbs/images/cms/article/2016/02/BaiduShurufa_2016-2-4_12-18-167.jpga', '西游记是一个经典传奇。', '3', '2016-02-11 14:28:06', '测试简答题', '0', '', '2016-02-11 14:47:20', '1', '1');
INSERT INTO `exam_examine` VALUES ('166', '是一个好孩子吗？杨丽鋆', '/userfiles/1/_thumbs/images/cms/article/2016/02/B/userfiles/1/_thumbs/images/cms/article/2016/02/BaiduShurufa_2016-2-4_12-18-169.jpga', 'X', '2', '2016-02-11 14:28:06', '测试判断题', '1', '', '2016-02-11 14:47:20', '2', '1');
INSERT INTO `exam_examine` VALUES ('167', '话说西游记？', '/userfiles/1/_thumbs/images/cms/article/2016/02/B/userfiles/1/_thumbs/images/cms/article/2016/02/BaiduShurufa_2016-2-4_12-18-170.jpga', '西游记是一个经典传奇。', '3', '2016-02-11 14:28:06', '测试简答题', '0', '', '2016-02-11 14:47:20', '1', '1');
INSERT INTO `exam_examine` VALUES ('16b70dcddd124e308604267e65112283', '话说西游记？', '/userfiles/1/_thumbs/images/cms/article/2016/02/B/userfiles/1/_thumbs/images/cms/article/2016/02/BaiduShurufa_2016-2-4_12-18-70.jpga', '西游记是一个经典传奇。', '3', '2016-02-26 12:29:30', '测试简答题', '0', null, '2016-02-26 12:29:30', '1', '1');
INSERT INTO `exam_examine` VALUES ('17', '话说西游记？', '/userfiles/1/_thumbs/images/cms/article/2016/02/B/userfiles/1/_thumbs/images/cms/article/2016/02/BaiduShurufa_2016-2-4_12-18-20.jpga', '西游记是一个经典传奇。', '3', '2016-02-11 14:28:06', '测试简答题', '0', '', '2016-02-11 14:47:20', '1', '1');
INSERT INTO `exam_examine` VALUES ('170', '话说西游记？', '/userfiles/1/_thumbs/images/cms/article/2016/02/B/userfiles/1/_thumbs/images/cms/article/2016/02/BaiduShurufa_2016-2-4_12-18-173.jpga', '西游记是一个经典传奇。', '3', '2016-02-11 14:28:06', '测试简答题', '0', '', '2016-02-11 14:47:20', '1', '1');
INSERT INTO `exam_examine` VALUES ('171', '话说西游记？', '/userfiles/1/_thumbs/images/cms/article/2016/02/B/userfiles/1/_thumbs/images/cms/article/2016/02/BaiduShurufa_2016-2-4_12-18-174.jpga', '西游记是一个经典传奇。', '3', '2016-02-11 14:28:06', '测试简答题', '0', '', '2016-02-11 14:47:20', '1', '1');
INSERT INTO `exam_examine` VALUES ('173', '杨丽鋆是一个好孩子吗？', '/userfiles/1/_thumbs/images/cms/article/2016/02/B/userfiles/1/_thumbs/images/cms/article/2016/02/BaiduShurufa_2016-2-4_12-18-176.jpga', 'X', '2', '2016-02-11 14:28:06', '测试判断题', '0', '', '2016-02-11 14:47:20', '2', '1');
INSERT INTO `exam_examine` VALUES ('174', '话说西游记？', '/userfiles/1/_thumbs/images/cms/article/2016/02/B/userfiles/1/_thumbs/images/cms/article/2016/02/BaiduShurufa_2016-2-4_12-18-177.jpga', '西游记是一个经典传奇。', '3', '2016-02-11 14:28:06', '测试简答题', '0', '', '2016-02-11 14:47:20', '1', '1');
INSERT INTO `exam_examine` VALUES ('176', '杨丽鋆是一个好孩子吗？', '/userfiles/1/_thumbs/images/cms/article/2016/02/B/userfiles/1/_thumbs/images/cms/article/2016/02/BaiduShurufa_2016-2-4_12-18-179.jpga', 'X', '2', '2016-02-11 14:28:06', '测试判断题', '0', '', '2016-02-11 14:47:20', '2', '1');
INSERT INTO `exam_examine` VALUES ('177', '话说西游记？', '/userfiles/1/_thumbs/images/cms/article/2016/02/B/userfiles/1/_thumbs/images/cms/article/2016/02/BaiduShurufa_2016-2-4_12-18-180.jpga', '西游记是一个经典传奇。', '3', '2016-02-11 14:28:06', '测试简答题', '0', '', '2016-02-11 14:47:20', '1', '1');
INSERT INTO `exam_examine` VALUES ('179', '杨丽鋆是一个好孩子吗？', '/userfiles/1/_thumbs/images/cms/article/2016/02/B/userfiles/1/_thumbs/images/cms/article/2016/02/BaiduShurufa_2016-2-4_12-18-182.jpga', 'X', '2', '2016-02-11 14:28:06', '测试判断题', '0', '', '2016-02-11 14:47:20', '2', '1');
INSERT INTO `exam_examine` VALUES ('17c22d4420ce4f40b313ce4995862801', '杨丽鋆是一个好孩子吗？', '/userfiles/1/_thumbs/images/cms/article/2016/02/B/userfiles/1/_thumbs/images/cms/article/2016/02/BaiduShurufa_2016-2-4_12-18-56.jpga', 'X', '2', '2016-02-26 12:40:03', '测试判断题', '0', null, '2016-02-26 12:40:03', '1', '1');
INSERT INTO `exam_examine` VALUES ('180', '话说西游记？', '/userfiles/1/_thumbs/images/cms/article/2016/02/B/userfiles/1/_thumbs/images/cms/article/2016/02/BaiduShurufa_2016-2-4_12-18-183.jpga', '西游记是一个经典传奇。', '3', '2016-02-11 14:28:06', '测试简答题', '0', '', '2016-02-11 14:47:20', '1', '1');
INSERT INTO `exam_examine` VALUES ('181', '话说西游记？', '/userfiles/1/_thumbs/images/cms/article/2016/02/B/userfiles/1/_thumbs/images/cms/article/2016/02/BaiduShurufa_2016-2-4_12-18-184.jpga', '西游记是一个经典传奇。', '3', '2016-02-11 14:28:06', '测试简答题', '0', '', '2016-02-11 14:47:20', '1', '1');
INSERT INTO `exam_examine` VALUES ('184', '话说西游记？', '/userfiles/1/_thumbs/images/cms/article/2016/02/B/userfiles/1/_thumbs/images/cms/article/2016/02/BaiduShurufa_2016-2-4_12-18-187.jpga', '西游记是一个经典传奇。', '3', '2016-02-11 14:28:06', '测试简答题', '0', '', '2016-02-11 14:47:20', '1', '1');
INSERT INTO `exam_examine` VALUES ('186', '杨丽鋆是一个好孩子吗？', '/userfiles/1/_thumbs/images/cms/article/2016/02/B/userfiles/1/_thumbs/images/cms/article/2016/02/BaiduShurufa_2016-2-4_12-18-189.jpga', 'X', '2', '2016-02-11 14:28:06', '测试判断题', '0', '', '2016-02-11 14:47:20', '2', '1');
INSERT INTO `exam_examine` VALUES ('187', '话说西游记？', '/userfiles/1/_thumbs/images/cms/article/2016/02/B/userfiles/1/_thumbs/images/cms/article/2016/02/BaiduShurufa_2016-2-4_12-18-190.jpga', '西游记是一个经典传奇。', '3', '2016-02-11 14:28:06', '测试简答题', '0', '', '2016-02-11 14:47:20', '1', '1');
INSERT INTO `exam_examine` VALUES ('18d77f712d514b5a800468e6fda41d38', '话说西游记？', '/userfiles/1/_thumbs/images/cms/article/2016/02/B/userfiles/1/_thumbs/images/cms/article/2016/02/BaiduShurufa_2016-2-4_12-18-157.jpga', '西游记是一个经典传奇。', '3', '2016-02-26 12:35:05', '测试简答题', '0', null, '2016-02-26 12:35:05', '1', '1');
INSERT INTO `exam_examine` VALUES ('19', '杨丽鋆是一个好孩子吗？', '/userfiles/1/_thumbs/images/cms/article/2016/02/B/userfiles/1/_thumbs/images/cms/article/2016/02/BaiduShurufa_2016-2-4_12-18-22.jpga', 'X', '2', '2016-02-11 14:28:06', '测试判断题', '0', '', '2016-02-11 14:47:20', '2', '1');
INSERT INTO `exam_examine` VALUES ('190', '话说西游记？', '/userfiles/1/_thumbs/images/cms/article/2016/02/B/userfiles/1/_thumbs/images/cms/article/2016/02/BaiduShurufa_2016-2-4_12-18-193.jpga', '西游记是一个经典传奇。', '3', '2016-02-11 14:28:06', '测试简答题', '0', '', '2016-02-11 14:47:20', '1', '1');
INSERT INTO `exam_examine` VALUES ('191', '话说西游记？', '/userfiles/1/_thumbs/images/cms/article/2016/02/B/userfiles/1/_thumbs/images/cms/article/2016/02/BaiduShurufa_2016-2-4_12-18-194.jpga', '西游记是一个经典传奇。', '3', '2016-02-11 14:28:06', '测试简答题', '0', '', '2016-02-11 14:47:20', '1', '1');
INSERT INTO `exam_examine` VALUES ('192', '什么样的孩子是好孩子？ A：爱学习的 B：爱劳动的 C：讨人喜欢的 D：漂亮的', '/userfiles/1/_thumbs/images/cms/article/2016/02/B/userfiles/1/_thumbs/images/cms/article/2016/02/BaiduShurufa_2016-2-4_12-18-195.jpga', 'A', '1', '2016-02-11 14:28:06', '这是一个测试题目。', '0', '', '2016-02-11 14:47:20', '2', '1');
INSERT INTO `exam_examine` VALUES ('194', '话说西游记？', '/userfiles/1/_thumbs/images/cms/article/2016/02/B/userfiles/1/_thumbs/images/cms/article/2016/02/BaiduShurufa_2016-2-4_12-18-197.jpga', '西游记是一个经典传奇。', '3', '2016-02-11 14:28:06', '测试简答题', '0', '', '2016-02-11 14:47:20', '1', '1');
INSERT INTO `exam_examine` VALUES ('195', '什么样的孩子是好孩子？ A：爱学习的 B：爱劳动的 C：讨人喜欢的 D：漂亮的', '/userfiles/1/_thumbs/images/cms/article/2016/02/B/userfiles/1/_thumbs/images/cms/article/2016/02/BaiduShurufa_2016-2-4_12-18-198.jpga', 'A', '1', '2016-02-11 14:28:06', '这是一个测试题目。', '0', '', '2016-02-11 14:47:20', '2', '1');
INSERT INTO `exam_examine` VALUES ('196', '杨丽鋆是一个好孩子吗？', '/userfiles/1/_thumbs/images/cms/article/2016/02/B/userfiles/1/_thumbs/images/cms/article/2016/02/BaiduShurufa_2016-2-4_12-18-199.jpga', 'X', '2', '2016-02-11 14:28:06', '测试判断题', '0', '', '2016-02-11 14:47:20', '2', '1');
INSERT INTO `exam_examine` VALUES ('197', '话说西游记？', '/userfiles/1/_thumbs/images/cms/article/2016/02/B/userfiles/1/_thumbs/images/cms/article/2016/02/BaiduShurufa_2016-2-4_12-18-200.jpga', '西游记是一个经典传奇。', '3', '2016-02-11 14:28:06', '测试简答题', '0', '', '2016-02-11 14:47:20', '1', '1');
INSERT INTO `exam_examine` VALUES ('199', '杨丽鋆是一个好孩子吗？', '/userfiles/1/_thumbs/images/cms/article/2016/02/B/userfiles/1/_thumbs/images/cms/article/2016/02/BaiduShurufa_2016-2-4_12-18-202.jpga', 'X', '2', '2016-02-11 14:28:06', '测试判断题', '0', '', '2016-02-11 14:47:20', '2', '1');
INSERT INTO `exam_examine` VALUES ('19db9aff2e844100bd2cdee80031298f', '杨丽鋆是一个好孩子吗？', '/userfiles/1/_thumbs/images/cms/article/2016/02/B/userfiles/1/_thumbs/images/cms/article/2016/02/BaiduShurufa_2016-2-4_12-18-12.jpga', 'X', '2', '2016-02-26 12:39:51', '测试判断题', '0', null, '2016-02-26 12:39:51', '1', '1');
INSERT INTO `exam_examine` VALUES ('1a5af347b2ca4c1c8e2c461c53c5b108', '话说西游记？', '/userfiles/1/_thumbs/images/cms/article/2016/02/B/userfiles/1/_thumbs/images/cms/article/2016/02/BaiduShurufa_2016-2-4_12-18-10.jpga', '西游记是一个经典传奇。', '3', '2016-02-26 12:29:31', '测试简答题', '0', null, '2016-02-26 12:29:31', '1', '1');
INSERT INTO `exam_examine` VALUES ('1a790330852344efbfe99812ef8c5913', '杨丽鋆是一个好孩子吗？', '/userfiles/1/_thumbs/images/cms/article/2016/02/B/userfiles/1/_thumbs/images/cms/article/2016/02/BaiduShurufa_2016-2-4_12-18-89.jpga', 'X', '2', '2016-02-26 12:29:34', '测试判断题', '0', null, '2016-02-26 12:29:34', '1', '1');
INSERT INTO `exam_examine` VALUES ('1b983a96286a4b038e2ad6accf65c8ce', '什么样的孩子是好孩子？ A：爱学习的 B：爱劳动的 C：讨人喜欢的 D：漂亮的', '/userfiles/1/_thumbs/images/cms/article/2016/02/B/userfiles/1/_thumbs/images/cms/article/2016/02/BaiduShurufa_2016-2-4_12-18-68.jpga', 'A', '1', '2016-02-26 12:29:30', '这是一个测试题目。', '0', null, '2016-02-26 12:29:30', '1', '1');
INSERT INTO `exam_examine` VALUES ('1d0be4790402423ea86189cef78311ed', '话说西游记？', '/userfiles/1/_thumbs/images/cms/article/2016/02/B/userfiles/1/_thumbs/images/cms/article/2016/02/BaiduShurufa_2016-2-4_12-18-43.jpga', '西游记是一个经典传奇。', '3', '2016-02-26 12:40:03', '测试简答题', '0', null, '2016-02-26 12:40:03', '1', '1');
INSERT INTO `exam_examine` VALUES ('1d96004935954262943792bc74483293', '话说西游记？', '/userfiles/1/_thumbs/images/cms/article/2016/02/B/userfiles/1/_thumbs/images/cms/article/2016/02/BaiduShurufa_2016-2-4_12-18-100.jpga', '西游记是一个经典传奇。', '3', '2016-02-26 12:39:54', '测试简答题', '0', null, '2016-02-26 12:39:54', '1', '1');
INSERT INTO `exam_examine` VALUES ('1dce45dddd3d48fdbdbef65f7d72ac1a', '话说西游记？', '/userfiles/1/_thumbs/images/cms/article/2016/02/B/userfiles/1/_thumbs/images/cms/article/2016/02/BaiduShurufa_2016-2-4_12-18-47.jpga', '西游记是一个经典传奇。', '3', '2016-02-26 12:39:41', '测试简答题', '0', null, '2016-02-26 12:39:41', '1', '1');
INSERT INTO `exam_examine` VALUES ('1e24ef73ee3040f89456aaca6aa66e6b', '杨丽鋆是一个好孩子吗？', '/userfiles/1/_thumbs/images/cms/article/2016/02/B/userfiles/1/_thumbs/images/cms/article/2016/02/BaiduShurufa_2016-2-4_12-18-42.jpga', 'X', '2', '2016-02-26 12:29:23', '测试判断题', '0', null, '2016-02-26 12:29:23', '1', '1');
INSERT INTO `exam_examine` VALUES ('1fe2c04f6ef54e8db7f87e67f9d60019', '杨丽鋆是一个好孩子吗？', '/userfiles/1/_thumbs/images/cms/article/2016/02/B/userfiles/1/_thumbs/images/cms/article/2016/02/BaiduShurufa_2016-2-4_12-18-82.jpga', 'X', '2', '2016-02-26 12:39:45', '测试判断题', '0', null, '2016-02-26 12:39:45', '1', '1');
INSERT INTO `exam_examine` VALUES ('2', '什么样的孩子是好孩子？ A：爱学习的 B：爱劳动的 C：讨人喜欢的 D：漂亮的', '/userfiles/1/_thumbs/images/a2.jpg', 'A', '1', '2016-02-11 13:55:02', '这是一个测试题目。', '0', '', '2016-02-11 16:49:20', '2', '1');
INSERT INTO `exam_examine` VALUES ('20', '话说西游记？', '/userfiles/1/_thumbs/images/cms/article/2016/02/B/userfiles/1/_thumbs/images/cms/article/2016/02/BaiduShurufa_2016-2-4_12-18-23.jpga', '西游记是一个经典传奇。', '3', '2016-02-11 14:28:06', '测试简答题', '0', '', '2016-02-11 14:47:20', '1', '1');
INSERT INTO `exam_examine` VALUES ('200', '话说西游记？', '/userfiles/1/_thumbs/images/cms/article/2016/02/B/userfiles/1/_thumbs/images/cms/article/2016/02/BaiduShurufa_2016-2-4_12-18-203.jpga', '西游记是一个经典传奇。', '3', '2016-02-11 14:28:06', '测试简答题', '0', '', '2016-02-11 14:47:20', '1', '1');
INSERT INTO `exam_examine` VALUES ('201', '话说西游记？', '/userfiles/1/_thumbs/images/cms/article/2016/02/B/userfiles/1/_thumbs/images/cms/article/2016/02/BaiduShurufa_2016-2-4_12-18-204.jpga', '西游记是一个经典传奇。', '3', '2016-02-11 14:28:06', '测试简答题', '0', '', '2016-02-11 14:47:20', '1', '1');
INSERT INTO `exam_examine` VALUES ('21', '话说西游记？', '/userfiles/1/_thumbs/images/cms/article/2016/02/B/userfiles/1/_thumbs/images/cms/article/2016/02/BaiduShurufa_2016-2-4_12-18-24.jpga', '西游记是一个经典传奇。', '3', '2016-02-11 14:28:06', '测试简答题', '0', '', '2016-02-11 14:47:20', '1', '1');
INSERT INTO `exam_examine` VALUES ('21136fb5754c4174936fdb82e094cfa4', '话说西游记？', '/userfiles/1/_thumbs/images/cms/article/2016/02/B/userfiles/1/_thumbs/images/cms/article/2016/02/BaiduShurufa_2016-2-4_12-18-154.jpga', '西游记是一个经典传奇。', '3', '2016-02-26 12:39:36', '测试简答题', '0', null, '2016-02-26 12:39:36', '1', '1');
INSERT INTO `exam_examine` VALUES ('2170806635254430b663432d51d0e3aa', '话说西游记？', '/userfiles/1/_thumbs/images/cms/article/2016/02/B/userfiles/1/_thumbs/images/cms/article/2016/02/BaiduShurufa_2016-2-4_12-18-194.jpga', '西游记是一个经典传奇。', '3', '2016-02-26 12:29:17', '测试简答题', '0', null, '2016-02-26 12:29:17', '1', '1');
INSERT INTO `exam_examine` VALUES ('21f1d49f8c444f32a9c5bae19412e4d7', '杨丽鋆是一个好孩子吗？', '/userfiles/1/_thumbs/images/cms/article/2016/02/B/userfiles/1/_thumbs/images/cms/article/2016/02/BaiduShurufa_2016-2-4_12-18-99.jpga', 'X', '2', '2016-02-26 12:39:42', '测试判断题', '0', null, '2016-02-26 12:39:42', '1', '1');
INSERT INTO `exam_examine` VALUES ('22', '什么样的孩子是好孩子？ A：爱学习的 B：爱劳动的 C：讨人喜欢的 D：漂亮的', '/userfiles/1/_thumbs/images/cms/article/2016/02/B/userfiles/1/_thumbs/images/cms/article/2016/02/BaiduShurufa_2016-2-4_12-18-25.jpga', 'A', '1', '2016-02-11 14:28:06', '这是一个测试题目。', '0', '', '2016-02-11 14:47:20', '2', '1');
INSERT INTO `exam_examine` VALUES ('229ab0722ca64eb29393374e961f6678', '杨丽鋆是一个好孩子吗？', '/userfiles/1/_thumbs/images/cms/article/2016/02/B/userfiles/1/_thumbs/images/cms/article/2016/02/BaiduShurufa_2016-2-4_12-18-29.jpga', 'X', '2', '2016-02-26 12:29:21', '测试判断题', '0', null, '2016-02-26 12:29:21', '1', '1');
INSERT INTO `exam_examine` VALUES ('23', '杨丽鋆是一个好孩子吗？', '/userfiles/1/_thumbs/images/cms/article/2016/02/B/userfiles/1/_thumbs/images/cms/article/2016/02/BaiduShurufa_2016-2-4_12-18-26.jpga', 'X', '2', '2016-02-11 14:28:06', '测试判断题', '0', '', '2016-02-11 14:47:20', '2', '1');
INSERT INTO `exam_examine` VALUES ('236ac738f13e47f3af698b7d2b934b8d', '杨丽鋆是一个好孩子吗？', '/userfiles/1/_thumbs/images/cms/article/2016/02/B/userfiles/1/_thumbs/images/cms/article/2016/02/BaiduShurufa_2016-2-4_12-18-179.jpga', 'X', '2', '2016-02-26 12:29:15', '测试判断题', '0', null, '2016-02-26 12:29:15', '1', '1');
INSERT INTO `exam_examine` VALUES ('24', '话说西游记？', '/userfiles/1/_thumbs/images/cms/article/2016/02/B/userfiles/1/_thumbs/images/cms/article/2016/02/BaiduShurufa_2016-2-4_12-18-27.jpga', '西游记是一个经典传奇。', '3', '2016-02-11 14:28:06', '测试简答题', '0', '', '2016-02-11 14:47:20', '1', '1');
INSERT INTO `exam_examine` VALUES ('249effd475a64357889c84718ad8ee35', '杨丽鋆是一个好孩子吗？', '/userfiles/1/_thumbs/images/cms/article/2016/02/B/userfiles/1/_thumbs/images/cms/article/2016/02/BaiduShurufa_2016-2-4_12-18-22.jpga', 'X', '2', '2016-02-26 12:39:54', '测试判断题', '0', null, '2016-02-26 12:39:54', '1', '1');
INSERT INTO `exam_examine` VALUES ('25', '什么样的孩子是好孩子？ A：爱学习的 B：爱劳动的 C：讨人喜欢的 D：漂亮的', '/userfiles/1/_thumbs/images/cms/article/2016/02/B/userfiles/1/_thumbs/images/cms/article/2016/02/BaiduShurufa_2016-2-4_12-18-28.jpga', 'A', '1', '2016-02-11 14:28:06', '这是一个测试题目。', '0', '', '2016-02-11 14:47:20', '2', '1');
INSERT INTO `exam_examine` VALUES ('26', '杨丽鋆是一个好孩子吗？', '/userfiles/1/_thumbs/images/cms/article/2016/02/B/userfiles/1/_thumbs/images/cms/article/2016/02/BaiduShurufa_2016-2-4_12-18-29.jpga', 'X', '2', '2016-02-11 14:28:06', '测试判断题', '0', '', '2016-02-11 14:47:20', '2', '1');
INSERT INTO `exam_examine` VALUES ('26161f25082d4d5d8105971af7eeeba4', '话说西游记？', '/userfiles/1/_thumbs/images/cms/article/2016/02/B/userfiles/1/_thumbs/images/cms/article/2016/02/BaiduShurufa_2016-2-4_12-18-204.jpga', '西游记是一个经典传奇。', '3', '2016-02-26 12:35:13', '测试简答题', '0', null, '2016-02-26 12:35:13', '1', '1');
INSERT INTO `exam_examine` VALUES ('2688ce12148f4fe889b31a8e1336e911', '话说西游记？', '/userfiles/1/_thumbs/images/cms/article/2016/02/B/userfiles/1/_thumbs/images/cms/article/2016/02/BaiduShurufa_2016-2-4_12-18-74.jpga', '西游记是一个经典传奇。', '3', '2016-02-26 12:39:43', '测试简答题', '0', null, '2016-02-26 12:39:43', '1', '1');
INSERT INTO `exam_examine` VALUES ('26de0bf924794da89a408b23563b9e36', '话说西游记？', '/userfiles/1/_thumbs/images/cms/article/2016/02/B/userfiles/1/_thumbs/images/cms/article/2016/02/BaiduShurufa_2016-2-4_12-18-44.jpga', '西游记是一个经典传奇。', '3', '2016-02-26 12:39:47', '测试简答题', '0', null, '2016-02-26 12:39:47', '1', '1');
INSERT INTO `exam_examine` VALUES ('27', '话说西游记？', '/userfiles/1/_thumbs/images/cms/article/2016/02/B/userfiles/1/_thumbs/images/cms/article/2016/02/BaiduShurufa_2016-2-4_12-18-30.jpga', '西游记是一个经典传奇。', '3', '2016-02-11 14:28:06', '测试简答题', '0', '', '2016-02-11 14:47:20', '1', '1');
INSERT INTO `exam_examine` VALUES ('2805b872841644c482349e67213563bb', '什么样的孩子是好孩子？ A：爱学习的 B：爱劳动的 C：讨人喜欢的 D：漂亮的', '/userfiles/1/_thumbs/images/cms/article/2016/02/B/userfiles/1/_thumbs/images/cms/article/2016/02/BaiduShurufa_2016-2-4_12-18-195.jpga', 'A', '1', '2016-02-26 12:39:26', '这是一个测试题目。', '0', null, '2016-02-26 12:39:26', '1', '1');
INSERT INTO `exam_examine` VALUES ('2889cedef03845b584e08fa703529326', '杨丽鋆是一个好孩子吗？', '/userfiles/1/_thumbs/images/cms/article/2016/02/B/userfiles/1/_thumbs/images/cms/article/2016/02/BaiduShurufa_2016-2-4_12-18-79.jpga', 'X', '2', '2016-02-26 12:40:01', '测试判断题', '0', null, '2016-02-26 12:40:01', '1', '1');
INSERT INTO `exam_examine` VALUES ('29', '杨丽鋆是一个好孩子吗？', '/userfiles/1/_thumbs/images/cms/article/2016/02/B/userfiles/1/_thumbs/images/cms/article/2016/02/BaiduShurufa_2016-2-4_12-18-32.jpga', 'X', '2', '2016-02-11 14:28:06', '测试判断题', '0', '', '2016-02-11 14:47:20', '2', '1');
INSERT INTO `exam_examine` VALUES ('295e600616484792a4b87a47d45e3604', '话说西游记？', '/userfiles/1/_thumbs/images/cms/article/2016/02/B/userfiles/1/_thumbs/images/cms/article/2016/02/BaiduShurufa_2016-2-4_12-18-67.jpga', '西游记是一个经典传奇。', '3', '2016-02-26 12:29:29', '测试简答题', '0', null, '2016-02-26 12:29:29', '1', '1');
INSERT INTO `exam_examine` VALUES ('297ea3f6e8424d5297283081f3a3e023', '杨丽鋆是一个好孩子吗？', '/userfiles/1/_thumbs/images/cms/article/2016/02/B/userfiles/1/_thumbs/images/cms/article/2016/02/BaiduShurufa_2016-2-4_12-18-179.jpga', 'X', '2', '2016-02-26 12:35:15', '测试判断题', '0', null, '2016-02-26 12:35:15', '1', '1');
INSERT INTO `exam_examine` VALUES ('298f124cc9784f5c901c5a583b18dc84', '话说西游记？', '/userfiles/1/_thumbs/images/Ubuntu-default%20(4).jpg', '西游记是一个经典传奇。', '3', '2016-02-26 12:28:11', '测试简答题', '0', null, '2016-02-26 12:28:11', '1', '1');
INSERT INTO `exam_examine` VALUES ('29d56eea9a02411f8c45f08af76f5650', '什么样的孩子是好孩子？ A：爱学习的 B：爱劳动的 C：讨人喜欢的 D：漂亮的', '/userfiles/1/_thumbs/images/cms/article/2016/02/B/userfiles/1/_thumbs/images/cms/article/2016/02/BaiduShurufa_2016-2-4_12-18-48.jpga', 'A', '1', '2016-02-26 12:39:32', '这是一个测试题目。', '0', null, '2016-02-26 12:39:32', '1', '1');
INSERT INTO `exam_examine` VALUES ('2c446ff59f034ec2a694688aadb1fc72', '话说西游记？', '/userfiles/1/_thumbs/images/cms/article/2016/02/B/userfiles/1/_thumbs/images/cms/article/2016/02/BaiduShurufa_2016-2-4_12-18-40.jpga', '西游记是一个经典传奇。', '3', '2016-02-26 12:40:02', '测试简答题', '0', null, '2016-02-26 12:40:02', '1', '1');
INSERT INTO `exam_examine` VALUES ('2d44eb49ddea4effb0b7af863977d8c4', '话说西游记？', '/userfiles/1/_thumbs/images/cms/article/2016/02/B/userfiles/1/_thumbs/images/cms/article/2016/02/BaiduShurufa_2016-2-4_12-18-180.jpga', '西游记是一个经典传奇。', '3', '2016-02-26 12:29:15', '测试简答题', '0', null, '2016-02-26 12:29:15', '1', '1');
INSERT INTO `exam_examine` VALUES ('2e01158da27240cd9d3c203d921e3249', '话说西游记？', '/userfiles/1/_thumbs/images/cms/article/2016/02/B/userfiles/1/_thumbs/images/cms/article/2016/02/BaiduShurufa_2016-2-4_12-18-123.jpga', '西游记是一个经典传奇。', '3', '2016-02-26 12:35:02', '测试简答题', '0', null, '2016-02-26 12:35:02', '1', '1');
INSERT INTO `exam_examine` VALUES ('2e6faa95a23f4b13a064b367da44b212', '什么样的孩子是好孩子？ A：爱学习的 B：爱劳动的 C：讨人喜欢的 D：漂亮的', '/userfiles/1/_thumbs/images/cms/article/2016/02/B/userfiles/1/_thumbs/images/cms/article/2016/02/BaiduShurufa_2016-2-4_12-18-195.jpga', 'A', '1', '2016-02-26 12:29:17', '这是一个测试题目。', '0', null, '2016-02-26 12:29:17', '1', '1');
INSERT INTO `exam_examine` VALUES ('2ec9244cddb144b8a2eae3d363dbe07a', '什么样的孩子是好孩子？ A：爱学习的 B：爱劳动的 C：讨人喜欢的 D：漂亮的', '/userfiles/1/_thumbs/images/cms/article/2016/02/B/userfiles/1/_thumbs/images/cms/article/2016/02/BaiduShurufa_2016-2-4_12-18-55.jpga', 'A', '1', '2016-02-26 12:29:27', '这是一个测试题目。', '0', null, '2016-02-26 12:29:27', '1', '1');
INSERT INTO `exam_examine` VALUES ('2ed235cadd6d4fbe8cbff19fb80ce5d5', '什么样的孩子是好孩子？ A：爱学习的 B：爱劳动的 C：讨人喜欢的 D：漂亮的', '/userfiles/1/_thumbs/images/cms/article/2016/02/B/userfiles/1/_thumbs/images/cms/article/2016/02/BaiduShurufa_2016-2-4_12-18-71.jpga', 'A', '1', '2016-02-26 12:39:41', '这是一个测试题目。', '0', null, '2016-02-26 12:39:41', '1', '1');
INSERT INTO `exam_examine` VALUES ('2f35a083990e409bb9742a403466012b', '话说西游记？', '/userfiles/1/_thumbs/images/cms/article/2016/02/B/userfiles/1/_thumbs/images/cms/article/2016/02/BaiduShurufa_2016-2-4_12-18-177.jpga', '西游记是一个经典传奇。', '3', '2016-02-26 12:29:15', '测试简答题', '0', null, '2016-02-26 12:29:15', '1', '1');
INSERT INTO `exam_examine` VALUES ('2fa66506b4684e188bce295b88cf3125', '杨丽鋆是一个好孩子吗？', '/userfiles/1/_thumbs/images/cms/article/2016/02/B/userfiles/1/_thumbs/images/cms/article/2016/02/BaiduShurufa_2016-2-4_12-18-49.jpga', 'X', '2', '2016-02-26 12:39:31', '测试判断题', '0', null, '2016-02-26 12:39:31', '1', '1');
INSERT INTO `exam_examine` VALUES ('3', '杨丽鋆是一个好孩子吗？', '/userfiles/1/_thumbs/images/cms/article/2016/02/B/userfiles/1/_thumbs/images/cms/article/2016/02/BaiduShurufa_2016-2-4_12-18-6.jpga', 'X', '2', '2016-02-11 14:19:10', '测试判断题', '0', '', '2016-02-11 14:47:56', '2', '1');
INSERT INTO `exam_examine` VALUES ('30', '话说西游记？', '/userfiles/1/_thumbs/images/cms/article/2016/02/B/userfiles/1/_thumbs/images/cms/article/2016/02/BaiduShurufa_2016-2-4_12-18-33.jpga', '西游记是一个经典传奇。', '3', '2016-02-11 14:28:06', '测试简答题', '0', '', '2016-02-11 14:47:20', '1', '1');
INSERT INTO `exam_examine` VALUES ('309e0d9116a148c1ae576e8eab53b90e', '话说西游记？', '/userfiles/1/_thumbs/images/cms/article/2016/02/B/userfiles/1/_thumbs/images/cms/article/2016/02/BaiduShurufa_2016-2-4_12-18-123.jpga', '西游记是一个经典传奇。', '3', '2016-02-26 12:39:55', '测试简答题', '0', null, '2016-02-26 12:39:55', '1', '1');
INSERT INTO `exam_examine` VALUES ('31', '话说西游记？', '/userfiles/1/_thumbs/images/cms/article/2016/02/B/userfiles/1/_thumbs/images/cms/article/2016/02/BaiduShurufa_2016-2-4_12-18-34.jpga', '西游记是一个经典传奇。', '3', '2016-02-11 14:28:06', '测试简答题', '0', '', '2016-02-11 14:47:20', '1', '1');
INSERT INTO `exam_examine` VALUES ('3200b496d9f74073a49d890d66307277', '杨丽鋆是一个好孩子吗？', '/userfiles/1/_thumbs/images/cms/article/2016/02/B/userfiles/1/_thumbs/images/cms/article/2016/02/BaiduShurufa_2016-2-4_12-18-66.jpga', 'X', '2', '2016-02-26 12:39:39', '测试判断题', '0', null, '2016-02-26 12:39:39', '1', '1');
INSERT INTO `exam_examine` VALUES ('33', '杨丽鋆是一个好孩子吗？', '/userfiles/1/_thumbs/images/cms/article/2016/02/B/userfiles/1/_thumbs/images/cms/article/2016/02/BaiduShurufa_2016-2-4_12-18-36.jpga', 'X', '2', '2016-02-11 14:28:06', '测试判断题', '0', '', '2016-02-11 14:47:20', '2', '1');
INSERT INTO `exam_examine` VALUES ('3302cd718594443f88284e9fc1d4244f', '话说西游记？', '/userfiles/1/_thumbs/images/cms/article/2016/02/B/userfiles/1/_thumbs/images/cms/article/2016/02/BaiduShurufa_2016-2-4_12-18-74.jpga', '西游记是一个经典传奇。', '3', '2016-02-26 12:29:31', '测试简答题', '0', null, '2016-02-26 12:29:31', '1', '1');
INSERT INTO `exam_examine` VALUES ('330efc56a949480581cbaab434bbdb11', '杨丽鋆是一个好孩子吗？', '/userfiles/1/_thumbs/images/cms/article/2016/02/B/userfiles/1/_thumbs/images/cms/article/2016/02/BaiduShurufa_2016-2-4_12-18-39.jpga', 'X', '2', '2016-02-26 12:39:28', '测试判断题', '0', null, '2016-02-26 12:39:28', '1', '1');
INSERT INTO `exam_examine` VALUES ('33dbc3b6f0cd4f62b6eb20eb36459b82', '话说西游记？', '/userfiles/1/_thumbs/images/cms/article/2016/02/B/userfiles/1/_thumbs/images/cms/article/2016/02/BaiduShurufa_2016-2-4_12-18-147.jpga', '西游记是一个经典传奇。', '3', '2016-02-26 12:35:03', '测试简答题', '0', null, '2016-02-26 12:35:03', '1', '1');
INSERT INTO `exam_examine` VALUES ('34', '话说西游记？', '/userfiles/1/_thumbs/images/cms/article/2016/02/B/userfiles/1/_thumbs/images/cms/article/2016/02/BaiduShurufa_2016-2-4_12-18-37.jpga', '西游记是一个经典传奇。', '3', '2016-02-11 14:28:06', '测试简答题', '0', '', '2016-02-11 14:47:20', '1', '1');
INSERT INTO `exam_examine` VALUES ('340e732ed4b9432a92de87311011e9f5', '话说西游记？', '/userfiles/1/_thumbs/images/cms/article/2016/02/B/userfiles/1/_thumbs/images/cms/article/2016/02/BaiduShurufa_2016-2-4_12-18-150.jpga', '西游记是一个经典传奇。', '3', '2016-02-26 12:39:46', '测试简答题', '0', null, '2016-02-26 12:39:46', '1', '1');
INSERT INTO `exam_examine` VALUES ('346a3530654f496988aaa5ed97bfb2bf', '杨丽鋆是一个好孩子吗？', '/userfiles/1/_thumbs/images/cms/article/2016/02/B/userfiles/1/_thumbs/images/cms/article/2016/02/BaiduShurufa_2016-2-4_12-18-66.jpga', 'X', '2', '2016-02-26 12:35:01', '测试判断题', '0', null, '2016-02-26 12:35:01', '1', '1');
INSERT INTO `exam_examine` VALUES ('34700abb03e94e26b313168c64087eca', '什么样的孩子是好孩子？ A：爱学习的 B：爱劳动的 C：讨人喜欢的 D：漂亮的', '/userfiles/1/_thumbs/images/cms/article/2016/02/B/userfiles/1/_thumbs/images/cms/article/2016/02/BaiduShurufa_2016-2-4_12-18-41.jpga', 'A', '1', '2016-02-26 12:39:42', '这是一个测试题目。', '0', null, '2016-02-26 12:39:42', '1', '1');
INSERT INTO `exam_examine` VALUES ('35', '什么样的孩子是好孩子？ A：爱学习的 B：爱劳动的 C：讨人喜欢的 D：漂亮的', '/userfiles/1/_thumbs/images/cms/article/2016/02/B/userfiles/1/_thumbs/images/cms/article/2016/02/BaiduShurufa_2016-2-4_12-18-38.jpga', 'A', '1', '2016-02-11 14:28:06', '这是一个测试题目。', '0', '', '2016-02-11 14:47:20', '2', '1');
INSERT INTO `exam_examine` VALUES ('35b110e7134c4b5cb682c0ab0eea6da1', '什么样的孩子是好孩子？ A：爱学习的 B：爱劳动的 C：讨人喜欢的 D：漂亮的', '/userfiles/1/_thumbs/images/cms/article/2016/02/B/userfiles/1/_thumbs/images/cms/article/2016/02/BaiduShurufa_2016-2-4_12-18-95.jpga', 'A', '1', '2016-02-26 12:39:52', '这是一个测试题目。', '0', null, '2016-02-26 12:39:52', '1', '1');
INSERT INTO `exam_examine` VALUES ('36', '杨丽鋆是一个好孩子吗？', '/userfiles/1/_thumbs/images/cms/article/2016/02/B/userfiles/1/_thumbs/images/cms/article/2016/02/BaiduShurufa_2016-2-4_12-18-39.jpga', 'X', '2', '2016-02-11 14:28:06', '测试判断题', '0', '', '2016-02-11 14:47:20', '2', '1');
INSERT INTO `exam_examine` VALUES ('37', '话说西游记？', '/userfiles/1/_thumbs/images/cms/article/2016/02/B/userfiles/1/_thumbs/images/cms/article/2016/02/BaiduShurufa_2016-2-4_12-18-40.jpga', '西游记是一个经典传奇。', '3', '2016-02-11 14:28:06', '测试简答题', '0', '', '2016-02-11 14:47:20', '1', '1');
INSERT INTO `exam_examine` VALUES ('38', '什么样的孩子是好孩子？ A：爱学习的 B：爱劳动的 C：讨人喜欢的 D：漂亮的', '/userfiles/1/_thumbs/images/cms/article/2016/02/B/userfiles/1/_thumbs/images/cms/article/2016/02/BaiduShurufa_2016-2-4_12-18-41.jpga', 'A', '1', '2016-02-11 14:28:06', '这是一个测试题目。', '0', '', '2016-02-11 14:47:20', '2', '1');
INSERT INTO `exam_examine` VALUES ('39', '杨丽鋆是一个好孩子吗？', '/userfiles/1/_thumbs/images/cms/article/2016/02/B/userfiles/1/_thumbs/images/cms/article/2016/02/BaiduShurufa_2016-2-4_12-18-42.jpga', 'X', '2', '2016-02-11 14:28:06', '测试判断题', '0', '', '2016-02-11 14:47:20', '2', '1');
INSERT INTO `exam_examine` VALUES ('392cf53b93d94da59efce7304fcdbea1', '杨丽鋆是一个好孩子吗？', '/userfiles/1/_thumbs/images/cms/article/2016/02/B/userfiles/1/_thumbs/images/cms/article/2016/02/BaiduShurufa_2016-2-4_12-18-189.jpga', 'X', '2', '2016-02-26 12:39:45', '测试判断题', '0', null, '2016-02-26 12:39:45', '1', '1');
INSERT INTO `exam_examine` VALUES ('3aad2c2901aa43a38dbff3736c141086', '话说西游记？', '/userfiles/1/_thumbs/images/cms/article/2016/02/B/userfiles/1/_thumbs/images/cms/article/2016/02/BaiduShurufa_2016-2-4_12-18-27.jpga', '西游记是一个经典传奇。', '3', '2016-02-26 12:40:00', '测试简答题', '0', null, '2016-02-26 12:40:00', '1', '1');
INSERT INTO `exam_examine` VALUES ('3ada4ed399bb4eeda848cd7d6d57aee6', '话说西游记？', '/userfiles/1/_thumbs/images/cms/article/2016/02/B/userfiles/1/_thumbs/images/cms/article/2016/02/BaiduShurufa_2016-2-4_12-18-30.jpga', '西游记是一个经典传奇。', '3', '2016-02-26 12:29:21', '测试简答题', '0', null, '2016-02-26 12:29:21', '1', '1');
INSERT INTO `exam_examine` VALUES ('3bd8442bb2324abdaae328dfcf37d4e8', '什么样的孩子是好孩子？ A：爱学习的 B：爱劳动的 C：讨人喜欢的 D：漂亮的', '/userfiles/1/_thumbs/images/cms/article/2016/02/B/userfiles/1/_thumbs/images/cms/article/2016/02/BaiduShurufa_2016-2-4_12-18-58.jpga', 'A', '1', '2016-02-26 12:35:03', '这是一个测试题目。', '0', null, '2016-02-26 12:35:03', '1', '1');
INSERT INTO `exam_examine` VALUES ('3cf0e7c2c6b146dcb7415aa4791bb5e3', '杨丽鋆是一个好孩子吗？', '/userfiles/1/_thumbs/images/cms/article/2016/02/B/userfiles/1/_thumbs/images/cms/article/2016/02/BaiduShurufa_2016-2-4_12-18-26.jpga', 'X', '2', '2016-02-26 12:35:14', '测试判断题', '0', null, '2016-02-26 12:35:14', '1', '1');
INSERT INTO `exam_examine` VALUES ('3d53c28b920a4f4f86d6873d2dd92897', '杨丽鋆是一个好孩子吗？', '/userfiles/1/_thumbs/images/cms/article/2016/02/B/userfiles/1/_thumbs/images/cms/article/2016/02/BaiduShurufa_2016-2-4_12-18-96.jpga', 'X', '2', '2016-02-26 12:39:53', '测试判断题', '0', null, '2016-02-26 12:39:53', '1', '1');
INSERT INTO `exam_examine` VALUES ('3f544cf5c3994e708c9c665905e87b94', '话说西游记？', '/userfiles/1/_thumbs/images/cms/article/2016/02/B/userfiles/1/_thumbs/images/cms/article/2016/02/BaiduShurufa_2016-2-4_12-18-153.jpga', '西游记是一个经典传奇。', '3', '2016-02-26 12:35:04', '测试简答题', '0', null, '2016-02-26 12:35:04', '1', '1');
INSERT INTO `exam_examine` VALUES ('4', '话说西游记？', '/userfiles/1/_thumbs/images/cms/article/2016/02/B/userfiles/1/_thumbs/images/cms/article/2016/02/BaiduShurufa_2016-2-4_12-18-7.jpga', '西游记是一个经典传奇。', '3', '2016-02-11 14:28:06', '测试简答题', '0', '', '2016-02-11 14:47:20', '1', '1');
INSERT INTO `exam_examine` VALUES ('40', '话说西游记？', '/userfiles/1/_thumbs/images/cms/article/2016/02/B/userfiles/1/_thumbs/images/cms/article/2016/02/BaiduShurufa_2016-2-4_12-18-43.jpga', '西游记是一个经典传奇。', '3', '2016-02-11 14:28:06', '测试简答题', '0', '', '2016-02-11 14:47:20', '1', '1');
INSERT INTO `exam_examine` VALUES ('401ece8c6a79452e9b77ac22a358c86f', '什么样的孩子是好孩子？ A：爱学习的 B：爱劳动的 C：讨人喜欢的 D：漂亮的', '/userfiles/1/_thumbs/images/cms/article/2016/02/B/userfiles/1/_thumbs/images/cms/article/2016/02/BaiduShurufa_2016-2-4_12-18-58.jpga', 'A', '1', '2016-02-26 12:39:35', '这是一个测试题目。', '0', null, '2016-02-26 12:39:35', '1', '1');
INSERT INTO `exam_examine` VALUES ('41', '话说西游记？', '/userfiles/1/_thumbs/images/cms/article/2016/02/B/userfiles/1/_thumbs/images/cms/article/2016/02/BaiduShurufa_2016-2-4_12-18-44.jpga', '西游记是一个经典传奇。', '3', '2016-02-11 14:28:06', '测试简答题', '0', '', '2016-02-11 14:47:20', '1', '1');
INSERT INTO `exam_examine` VALUES ('415263f5367c4923a9de8fecd6d9b7e1', '杨丽鋆是一个好孩子吗？', '/userfiles/1/_thumbs/images/cms/article/2016/02/B/userfiles/1/_thumbs/images/cms/article/2016/02/BaiduShurufa_2016-2-4_12-18-76.jpga', 'X', '2', '2016-02-26 12:39:43', '测试判断题', '0', null, '2016-02-26 12:39:43', '1', '1');
INSERT INTO `exam_examine` VALUES ('42', '什么样的孩子是好孩子？ A：爱学习的 B：爱劳动的 C：讨人喜欢的 D：漂亮的', '/userfiles/1/_thumbs/images/cms/article/2016/02/B/userfiles/1/_thumbs/images/cms/article/2016/02/BaiduShurufa_2016-2-4_12-18-45.jpga', 'A', '1', '2016-02-11 14:28:06', '这是一个测试题目。', '0', '', '2016-02-11 14:47:20', '2', '1');
INSERT INTO `exam_examine` VALUES ('43', '杨丽鋆是一个好孩子吗？', '/userfiles/1/_thumbs/images/cms/article/2016/02/B/userfiles/1/_thumbs/images/cms/article/2016/02/BaiduShurufa_2016-2-4_12-18-46.jpga', 'X', '2', '2016-02-11 14:28:06', '测试判断题', '0', '', '2016-02-11 14:47:20', '2', '1');
INSERT INTO `exam_examine` VALUES ('431300394c804b429d35db09178e2ed4', '话说西游记？', '/userfiles/1/_thumbs/images/cms/article/2016/02/B/userfiles/1/_thumbs/images/cms/article/2016/02/BaiduShurufa_2016-2-4_12-18-57.jpga', '西游记是一个经典传奇。', '3', '2016-02-26 12:40:00', '测试简答题', '0', null, '2016-02-26 12:40:00', '1', '1');
INSERT INTO `exam_examine` VALUES ('44', '话说西游记？', '/userfiles/1/_thumbs/images/cms/article/2016/02/B/userfiles/1/_thumbs/images/cms/article/2016/02/BaiduShurufa_2016-2-4_12-18-47.jpga', '西游记是一个经典传奇。', '3', '2016-02-11 14:28:06', '测试简答题', '0', '', '2016-02-11 14:47:20', '1', '1');
INSERT INTO `exam_examine` VALUES ('441f357571d84a03b0e0bdb476fc6212', '杨丽鋆是一个好孩子吗？', '/userfiles/1/_thumbs/images/cms/article/2016/02/B/userfiles/1/_thumbs/images/cms/article/2016/02/BaiduShurufa_2016-2-4_12-18-202.jpga', 'X', '2', '2016-02-26 12:29:18', '测试判断题', '0', null, '2016-02-26 12:29:18', '1', '1');
INSERT INTO `exam_examine` VALUES ('445dcff086c64067996452107a2496ad', '话说西游记？', '/userfiles/1/_thumbs/images/cms/article/2016/02/B/userfiles/1/_thumbs/images/cms/article/2016/02/BaiduShurufa_2016-2-4_12-18-63.jpga', '西游记是一个经典传奇。', '3', '2016-02-26 12:29:29', '测试简答题', '0', null, '2016-02-26 12:29:29', '1', '1');
INSERT INTO `exam_examine` VALUES ('45', '什么样的孩子是好孩子？ A：爱学习的 B：爱劳动的 C：讨人喜欢的 D：漂亮的', '/userfiles/1/_thumbs/images/cms/article/2016/02/B/userfiles/1/_thumbs/images/cms/article/2016/02/BaiduShurufa_2016-2-4_12-18-48.jpga', 'A', '1', '2016-02-11 14:28:06', '这是一个测试题目。', '0', '', '2016-02-11 14:47:20', '2', '1');
INSERT INTO `exam_examine` VALUES ('46', '杨丽鋆是一个好孩子吗？', '/userfiles/1/_thumbs/images/cms/article/2016/02/B/userfiles/1/_thumbs/images/cms/article/2016/02/BaiduShurufa_2016-2-4_12-18-49.jpga', 'X', '2', '2016-02-11 14:28:06', '测试判断题', '0', '', '2016-02-11 14:47:20', '2', '1');
INSERT INTO `exam_examine` VALUES ('4679c0a47f674c6c96e1334dc54abc89', '话说西游记？', '/userfiles/1/_thumbs/images/cms/article/2016/02/B/userfiles/1/_thumbs/images/cms/article/2016/02/BaiduShurufa_2016-2-4_12-18-170.jpga', '西游记是一个经典传奇。', '3', '2016-02-26 12:39:58', '测试简答题', '0', null, '2016-02-26 12:39:58', '1', '1');
INSERT INTO `exam_examine` VALUES ('47', '话说西游记？', '/userfiles/1/_thumbs/images/cms/article/2016/02/B/userfiles/1/_thumbs/images/cms/article/2016/02/BaiduShurufa_2016-2-4_12-18-50.jpga', '西游记是一个经典传奇。', '3', '2016-02-11 14:28:06', '测试简答题', '0', '', '2016-02-11 14:47:20', '1', '1');
INSERT INTO `exam_examine` VALUES ('477cc001ff4f478bb89c081818a39ed2', '什么样的孩子是好孩子？ A：爱学习的 B：爱劳动的 C：讨人喜欢的 D：漂亮的', '/userfiles/1/_thumbs/images/cms/article/2016/02/B/userfiles/1/_thumbs/images/cms/article/2016/02/BaiduShurufa_2016-2-4_12-18-25.jpga', 'A', '1', '2016-02-26 12:39:32', '这是一个测试题目。', '0', null, '2016-02-26 12:39:32', '1', '1');
INSERT INTO `exam_examine` VALUES ('479285d203de44b3a96e7a2f27005c9a', '话说西游记？', '/userfiles/1/_thumbs/images/cms/article/2016/02/B/userfiles/1/_thumbs/images/cms/article/2016/02/BaiduShurufa_2016-2-4_12-18-127.jpga', '西游记是一个经典传奇。', '3', '2016-02-26 12:29:10', '测试简答题', '0', null, '2016-02-26 12:29:10', '1', '1');
INSERT INTO `exam_examine` VALUES ('47a88df107344fa39f8d0cb1b717d7ad', '什么样的孩子是好孩子？ A：爱学习的 B：爱劳动的 C：讨人喜欢的 D：漂亮的', '/userfiles/1/_thumbs/images/cms/article/2016/02/B/userfiles/1/_thumbs/images/cms/article/2016/02/BaiduShurufa_2016-2-4_12-18-48.jpga', 'A', '1', '2016-02-26 12:29:25', '这是一个测试题目。', '0', null, '2016-02-26 12:29:25', '1', '1');
INSERT INTO `exam_examine` VALUES ('47d66de3d4f0485f8de3dcd137f77479', '什么样的孩子是好孩子？ A：爱学习的 B：爱劳动的 C：讨人喜欢的 D：漂亮的', '/userfiles/1/_thumbs/images/cms/article/2016/02/B/userfiles/1/_thumbs/images/cms/article/2016/02/BaiduShurufa_2016-2-4_12-18-25.jpga', 'A', '1', '2016-02-26 12:29:20', '这是一个测试题目。', '0', null, '2016-02-26 12:29:20', '1', '1');
INSERT INTO `exam_examine` VALUES ('47f11ecbbdd74856b3dd210dcf285e7f', '话说西游记？', '/userfiles/1/_thumbs/images/cms/article/2016/02/B/userfiles/1/_thumbs/images/cms/article/2016/02/BaiduShurufa_2016-2-4_12-18-84.jpga', '西游记是一个经典传奇。', '3', '2016-02-26 12:39:47', '测试简答题', '0', null, '2016-02-26 12:39:47', '1', '1');
INSERT INTO `exam_examine` VALUES ('48', '什么样的孩子是好孩子？ A：爱学习的 B：爱劳动的 C：讨人喜欢的 D：漂亮的', '/userfiles/1/_thumbs/images/cms/article/2016/02/B/userfiles/1/_thumbs/images/cms/article/2016/02/BaiduShurufa_2016-2-4_12-18-51.jpga', 'A', '1', '2016-02-11 14:28:06', '这是一个测试题目。', '0', '', '2016-02-11 14:47:20', '2', '1');
INSERT INTO `exam_examine` VALUES ('48d77f487e5d4968966ffaede92c4c8a', '话说西游记？', '/userfiles/1/_thumbs/images/cms/article/2016/02/B/userfiles/1/_thumbs/images/cms/article/2016/02/BaiduShurufa_2016-2-4_12-18-190.jpga', '西游记是一个经典传奇。', '3', '2016-02-26 12:35:09', '测试简答题', '0', null, '2016-02-26 12:35:09', '1', '1');
INSERT INTO `exam_examine` VALUES ('49', '杨丽鋆是一个好孩子吗？', '/userfiles/1/_thumbs/images/cms/article/2016/02/B/userfiles/1/_thumbs/images/cms/article/2016/02/BaiduShurufa_2016-2-4_12-18-52.jpga', 'X', '2', '2016-02-11 14:28:06', '测试判断题', '0', '', '2016-02-11 14:47:20', '2', '1');
INSERT INTO `exam_examine` VALUES ('49abd6552c6d48caab1435c114bd1bb2', '话说西游记？', '/userfiles/1/_thumbs/images/cms/article/2016/02/B/userfiles/1/_thumbs/images/cms/article/2016/02/BaiduShurufa_2016-2-4_12-18-77.jpga', '西游记是一个经典传奇。', '3', '2016-02-26 12:40:04', '测试简答题', '0', null, '2016-02-26 12:40:04', '1', '1');
INSERT INTO `exam_examine` VALUES ('49cfc5bc93f640fca3e1d2ca6574e326', '杨丽鋆是一个好孩子吗？', '/userfiles/1/_thumbs/images/cms/article/2016/02/B/userfiles/1/_thumbs/images/cms/article/2016/02/BaiduShurufa_2016-2-4_12-18-52.jpga', 'X', '2', '2016-02-26 12:29:26', '测试判断题', '0', null, '2016-02-26 12:29:26', '1', '1');
INSERT INTO `exam_examine` VALUES ('4adeb37c95f2439fb141e3cb4cb8ca76', '什么样的孩子是好孩子？ A：爱学习的 B：爱劳动的 C：讨人喜欢的 D：漂亮的', '/userfiles/1/_thumbs/images/a2.jpg', 'A', '1', '2016-02-26 12:29:19', '这是一个测试题目。', '0', null, '2016-02-26 12:29:19', '1', '1');
INSERT INTO `exam_examine` VALUES ('4aea675443b94826a9c75bd7a8f006dd', '话说西游记？', '/userfiles/1/_thumbs/images/cms/article/2016/02/B/userfiles/1/_thumbs/images/cms/article/2016/02/BaiduShurufa_2016-2-4_12-18-177.jpga', '西游记是一个经典传奇。', '3', '2016-02-26 12:35:08', '测试简答题', '0', null, '2016-02-26 12:35:08', '1', '1');
INSERT INTO `exam_examine` VALUES ('4b466190d7bc4be7b91bcc9f43182917', '话说西游记？', '/userfiles/1/_thumbs/images/cms/article/2016/02/B/userfiles/1/_thumbs/images/cms/article/2016/02/BaiduShurufa_2016-2-4_12-18-7.jpga', '西游记是一个经典传奇。', '3', '2016-02-26 12:39:29', '测试简答题', '0', null, '2016-02-26 12:39:29', '1', '1');
INSERT INTO `exam_examine` VALUES ('4bad5872f6a344e5ad829d0adfcab29c', '话说西游记？', '/userfiles/1/_thumbs/images/cms/article/2016/02/B/userfiles/1/_thumbs/images/cms/article/2016/02/BaiduShurufa_2016-2-4_12-18-164.jpga', '西游记是一个经典传奇。', '3', '2016-02-26 12:39:57', '测试简答题', '0', null, '2016-02-26 12:39:57', '1', '1');
INSERT INTO `exam_examine` VALUES ('4be71ab1ca1e4f42be27383dd7592f0c', '话说西游记？', '/userfiles/1/_thumbs/images/cms/article/2016/02/B/userfiles/1/_thumbs/images/cms/article/2016/02/BaiduShurufa_2016-2-4_12-18-174.jpga', '西游记是一个经典传奇。', '3', '2016-02-26 12:29:14', '测试简答题', '0', null, '2016-02-26 12:29:14', '1', '1');
INSERT INTO `exam_examine` VALUES ('4c79cff2da46496a980b2aa6beb44445', '话说西游记？', '/userfiles/1/_thumbs/images/cms/article/2016/02/B/userfiles/1/_thumbs/images/cms/article/2016/02/BaiduShurufa_2016-2-4_12-18-80.jpga', '西游记是一个经典传奇。', '3', '2016-02-26 12:39:58', '测试简答题', '0', null, '2016-02-26 12:39:58', '1', '1');
INSERT INTO `exam_examine` VALUES ('4d2788e04e314e6390091756178b9843', '话说西游记？', '/userfiles/1/_thumbs/images/cms/article/2016/02/B/userfiles/1/_thumbs/images/cms/article/2016/02/BaiduShurufa_2016-2-4_12-18-30.jpga', '西游记是一个经典传奇。', '3', '2016-02-26 12:39:25', '测试简答题', '0', null, '2016-02-26 12:39:25', '1', '1');
INSERT INTO `exam_examine` VALUES ('4ddbeaeb763649b7964422556b6c2dcd', '话说西游记？', '/userfiles/1/_thumbs/images/cms/article/2016/02/B/userfiles/1/_thumbs/images/cms/article/2016/02/BaiduShurufa_2016-2-4_12-18-94.jpga', '西游记是一个经典传奇。', '3', '2016-02-26 12:39:51', '测试简答题', '0', null, '2016-02-26 12:39:51', '1', '1');
INSERT INTO `exam_examine` VALUES ('4e4f57c1f0254f259812a5501bdcbb5d', '话说西游记？', '/userfiles/1/_thumbs/images/cms/article/2016/02/B/userfiles/1/_thumbs/images/cms/article/2016/02/BaiduShurufa_2016-2-4_12-18-60.jpga', '西游记是一个经典传奇。', '3', '2016-02-26 12:39:36', '测试简答题', '0', null, '2016-02-26 12:39:36', '1', '1');
INSERT INTO `exam_examine` VALUES ('4e5c3d39e313413fa171fee7f4223c71', '话说西游记？', '/userfiles/1/_thumbs/images/cms/article/2016/02/B/userfiles/1/_thumbs/images/cms/article/2016/02/BaiduShurufa_2016-2-4_12-18-87.jpga', '西游记是一个经典传奇。', '3', '2016-02-26 12:29:34', '测试简答题', '0', null, '2016-02-26 12:29:34', '1', '1');
INSERT INTO `exam_examine` VALUES ('4e96d97dbf454a1cba864fa4b77335a2', '杨丽鋆是一个好孩子吗？', '/userfiles/1/_thumbs/images/cms/article/2016/02/B/userfiles/1/_thumbs/images/cms/article/2016/02/BaiduShurufa_2016-2-4_12-18-96.jpga', 'X', '2', '2016-02-26 12:39:58', '测试判断题', '0', null, '2016-02-26 12:39:58', '1', '1');
INSERT INTO `exam_examine` VALUES ('4edb3f43f1854bee938f7e57b194955e', '话说西游记？', '/userfiles/1/_thumbs/images/cms/article/2016/02/B/userfiles/1/_thumbs/images/cms/article/2016/02/BaiduShurufa_2016-2-4_12-18-143.jpga', '西游记是一个经典传奇。', '3', '2016-02-26 12:29:10', '测试简答题', '0', null, '2016-02-26 12:29:10', '1', '1');
INSERT INTO `exam_examine` VALUES ('4f0410fcbea2493a851e380745651c50', '话说西游记？', '/userfiles/1/_thumbs/images/cms/article/2016/02/B/userfiles/1/_thumbs/images/cms/article/2016/02/BaiduShurufa_2016-2-4_12-18-180.jpga', '西游记是一个经典传奇。', '3', '2016-02-26 12:39:26', '测试简答题', '0', null, '2016-02-26 12:39:26', '1', '1');
INSERT INTO `exam_examine` VALUES ('4f66df7bf41045b893b4aa621e1c8418', '话说西游记？', '/userfiles/1/_thumbs/images/cms/article/2016/02/B/userfiles/1/_thumbs/images/cms/article/2016/02/BaiduShurufa_2016-2-4_12-18-33.jpga', '西游记是一个经典传奇。', '3', '2016-02-26 12:39:38', '测试简答题', '0', null, '2016-02-26 12:39:38', '1', '1');
INSERT INTO `exam_examine` VALUES ('5', '什么样的孩子是好孩子？ A：爱学习的 B：爱劳动的 C：讨人喜欢的 D：漂亮的', '/userfiles/1/_thumbs/images/cms/article/2016/02/B/userfiles/1/_thumbs/images/cms/article/2016/02/BaiduShurufa_2016-2-4_12-18-8.jpga', 'A', '1', '2016-02-11 14:28:06', '这是一个测试题目。', '0', '', '2016-02-11 14:47:20', '2', '1');
INSERT INTO `exam_examine` VALUES ('50', '话说西游记？', '/userfiles/1/_thumbs/images/cms/article/2016/02/B/userfiles/1/_thumbs/images/cms/article/2016/02/BaiduShurufa_2016-2-4_12-18-53.jpga', '西游记是一个经典传奇。', '3', '2016-02-11 14:28:06', '测试简答题', '0', '', '2016-02-11 14:47:20', '1', '1');
INSERT INTO `exam_examine` VALUES ('50e4ae2dd4e34a5b95bd09d6dd879957', '什么样的孩子是好孩子？ A：爱学习的 B：爱劳动的 C：讨人喜欢的 D：漂亮的', '/userfiles/1/_thumbs/images/cms/article/2016/02/B/userfiles/1/_thumbs/images/cms/article/2016/02/BaiduShurufa_2016-2-4_12-18-8.jpga', 'A', '1', '2016-02-26 12:29:26', '这是一个测试题目。', '0', null, '2016-02-26 12:29:26', '1', '1');
INSERT INTO `exam_examine` VALUES ('51', '话说西游记？', '/userfiles/1/_thumbs/images/cms/article/2016/02/B/userfiles/1/_thumbs/images/cms/article/2016/02/BaiduShurufa_2016-2-4_12-18-54.jpga', '西游记是一个经典传奇。', '3', '2016-02-11 14:28:06', '测试简答题', '0', '', '2016-02-11 14:47:20', '1', '1');
INSERT INTO `exam_examine` VALUES ('51a0887607fe4736b3ee6a6ca688352f', '杨丽鋆是一个好孩子吗？', '/userfiles/1/_thumbs/images/cms/article/2016/02/B/userfiles/1/_thumbs/images/cms/article/2016/02/BaiduShurufa_2016-2-4_12-18-182.jpga', 'X', '2', '2016-02-26 12:35:08', '测试判断题', '0', null, '2016-02-26 12:35:08', '1', '1');
INSERT INTO `exam_examine` VALUES ('52', '什么样的孩子是好孩子？ A：爱学习的 B：爱劳动的 C：讨人喜欢的 D：漂亮的', '/userfiles/1/_thumbs/images/cms/article/2016/02/B/userfiles/1/_thumbs/images/cms/article/2016/02/BaiduShurufa_2016-2-4_12-18-55.jpga', 'A', '1', '2016-02-11 14:28:06', '这是一个测试题目。', '0', '', '2016-02-11 14:47:20', '2', '1');
INSERT INTO `exam_examine` VALUES ('5228609c6fc8460fa62e24df56e3907d', '话说西游记？', '/userfiles/1/_thumbs/images/cms/article/2016/02/B/userfiles/1/_thumbs/images/cms/article/2016/02/BaiduShurufa_2016-2-4_12-18-54.jpga', '西游记是一个经典传奇。', '3', '2016-02-26 12:39:34', '测试简答题', '0', null, '2016-02-26 12:39:34', '1', '1');
INSERT INTO `exam_examine` VALUES ('527738864df4443abc0cf6e7608cea43', '杨丽鋆是一个好孩子吗？', '/userfiles/1/_thumbs/images/cms/article/2016/02/B/userfiles/1/_thumbs/images/cms/article/2016/02/BaiduShurufa_2016-2-4_12-18-39.jpga', 'X', '2', '2016-02-26 12:29:23', '测试判断题', '0', null, '2016-02-26 12:29:23', '1', '1');
INSERT INTO `exam_examine` VALUES ('52e2d2f098874c468ac6266f19764a18', '话说西游记？', '/userfiles/1/_thumbs/images/cms/article/2016/02/B/userfiles/1/_thumbs/images/cms/article/2016/02/BaiduShurufa_2016-2-4_12-18-74.jpga', '西游记是一个经典传奇。', '3', '2016-02-26 12:39:28', '测试简答题', '0', null, '2016-02-26 12:39:28', '1', '1');
INSERT INTO `exam_examine` VALUES ('53', '杨丽鋆是一个好孩子吗？', '/userfiles/1/_thumbs/images/cms/article/2016/02/B/userfiles/1/_thumbs/images/cms/article/2016/02/BaiduShurufa_2016-2-4_12-18-56.jpga', 'X', '2', '2016-02-11 14:28:06', '测试判断题', '0', '', '2016-02-11 14:47:20', '2', '1');
INSERT INTO `exam_examine` VALUES ('53ea021c04ac4f99b29dbbbe9dd71aef', '什么样的孩子是好孩子？ A：爱学习的 B：爱劳动的 C：讨人喜欢的 D：漂亮的', '/userfiles/1/_thumbs/images/cms/article/2016/02/B/userfiles/1/_thumbs/images/cms/article/2016/02/BaiduShurufa_2016-2-4_12-18-8.jpga', 'A', '1', '2016-02-26 12:39:34', '这是一个测试题目。', '0', null, '2016-02-26 12:39:34', '1', '1');
INSERT INTO `exam_examine` VALUES ('54', '话说西游记？', '/userfiles/1/_thumbs/images/cms/article/2016/02/B/userfiles/1/_thumbs/images/cms/article/2016/02/BaiduShurufa_2016-2-4_12-18-57.jpga', '西游记是一个经典传奇。', '3', '2016-02-11 14:28:06', '测试简答题', '0', '', '2016-02-11 14:47:20', '1', '1');
INSERT INTO `exam_examine` VALUES ('548af7a13e954b59ba42011d53f6697f', '床前明月光，疑是地上霜？', '', 'X', '2', '2016-02-26 12:39:37', '静夜思', '0', null, '2016-02-26 12:39:37', '1', '1');
INSERT INTO `exam_examine` VALUES ('55', '什么样的孩子是好孩子？ A：爱学习的 B：爱劳动的 C：讨人喜欢的 D：漂亮的', '/userfiles/1/_thumbs/images/cms/article/2016/02/B/userfiles/1/_thumbs/images/cms/article/2016/02/BaiduShurufa_2016-2-4_12-18-58.jpga', 'A', '1', '2016-02-11 14:28:06', '这是一个测试题目。', '0', '', '2016-02-11 14:47:20', '2', '1');
INSERT INTO `exam_examine` VALUES ('5515997ca279491aa13ddddfc31bff63', '话说西游记？', '/userfiles/1/_thumbs/images/cms/article/2016/02/B/userfiles/1/_thumbs/images/cms/article/2016/02/BaiduShurufa_2016-2-4_12-18-67.jpga', '西游记是一个经典传奇。', '3', '2016-02-26 12:39:40', '测试简答题', '0', null, '2016-02-26 12:39:40', '1', '1');
INSERT INTO `exam_examine` VALUES ('5545e7a6c2e8410aba22e519c03ab5f1', '话说西游记？', '/userfiles/1/_thumbs/images/cms/article/2016/02/B/userfiles/1/_thumbs/images/cms/article/2016/02/BaiduShurufa_2016-2-4_12-18-203.jpga', '西游记是一个经典传奇。', '3', '2016-02-26 12:35:13', '测试简答题', '0', null, '2016-02-26 12:35:13', '1', '1');
INSERT INTO `exam_examine` VALUES ('5577411b837e4dda8a63d41c15911467', '话说西游记？', '/userfiles/1/_thumbs/images/cms/article/2016/02/B/userfiles/1/_thumbs/images/cms/article/2016/02/BaiduShurufa_2016-2-4_12-18-174.jpga', '西游记是一个经典传奇。', '3', '2016-02-26 12:39:33', '测试简答题', '0', null, '2016-02-26 12:39:33', '1', '1');
INSERT INTO `exam_examine` VALUES ('56', '杨丽鋆是一个好孩子吗？', '/userfiles/1/_thumbs/images/cms/article/2016/02/B/userfiles/1/_thumbs/images/cms/article/2016/02/BaiduShurufa_2016-2-4_12-18-59.jpga', 'X', '2', '2016-02-11 14:28:06', '测试判断题', '0', '', '2016-02-11 14:47:20', '2', '1');
INSERT INTO `exam_examine` VALUES ('5623908792cf4e738f1b8914843fa80b', '话说西游记？', '/userfiles/1/_thumbs/images/cms/article/2016/02/B/userfiles/1/_thumbs/images/cms/article/2016/02/BaiduShurufa_2016-2-4_12-18-53.jpga', '西游记是一个经典传奇。', '3', '2016-02-26 12:29:26', '测试简答题', '0', null, '2016-02-26 12:29:26', '1', '1');
INSERT INTO `exam_examine` VALUES ('57', '话说西游记？', '/userfiles/1/_thumbs/images/cms/article/2016/02/B/userfiles/1/_thumbs/images/cms/article/2016/02/BaiduShurufa_2016-2-4_12-18-60.jpga', '西游记是一个经典传奇。', '3', '2016-02-11 14:28:06', '测试简答题', '0', '', '2016-02-11 14:47:20', '1', '1');
INSERT INTO `exam_examine` VALUES ('57746868b36145b19a12bae159efa629', '话说西游记？', '/userfiles/1/_thumbs/images/cms/article/2016/02/B/userfiles/1/_thumbs/images/cms/article/2016/02/BaiduShurufa_2016-2-4_12-18-154.jpga', '西游记是一个经典传奇。', '3', '2016-02-26 12:29:11', '测试简答题', '0', null, '2016-02-26 12:29:11', '1', '1');
INSERT INTO `exam_examine` VALUES ('58', '什么样的孩子是好孩子？ A：爱学习的 B：爱劳动的 C：讨人喜欢的 D：漂亮的', '/userfiles/1/_thumbs/images/cms/article/2016/02/B/userfiles/1/_thumbs/images/cms/article/2016/02/BaiduShurufa_2016-2-4_12-18-61.jpga', 'A', '1', '2016-02-11 14:28:06', '这是一个测试题目。', '0', '', '2016-02-11 14:47:20', '2', '1');
INSERT INTO `exam_examine` VALUES ('5886e4e6cbf1462b9eebfe0f520622b3', '话说西游记？', '/userfiles/1/_thumbs/images/cms/article/2016/02/B/userfiles/1/_thumbs/images/cms/article/2016/02/BaiduShurufa_2016-2-4_12-18-53.jpga', '西游记是一个经典传奇。', '3', '2016-02-26 12:39:36', '测试简答题', '0', null, '2016-02-26 12:39:36', '1', '1');
INSERT INTO `exam_examine` VALUES ('589ee46f5ec64f86869e47e4e69f5146', '杨丽鋆是一个好孩子吗？', '/userfiles/1/_thumbs/images/cms/article/2016/02/B/userfiles/1/_thumbs/images/cms/article/2016/02/BaiduShurufa_2016-2-4_12-18-59.jpga', 'X', '2', '2016-02-26 12:29:28', '测试判断题', '0', null, '2016-02-26 12:29:28', '1', '1');
INSERT INTO `exam_examine` VALUES ('58b7efa7218a4f35ab775e64aa436ed2', '床前明月光，疑是地上霜？', '', 'X', '2', '2016-02-26 12:29:38', '静夜思', '0', null, '2016-02-26 12:29:38', '1', '1');
INSERT INTO `exam_examine` VALUES ('58fc013e670b4af79acb82a4010e8091', '杨丽鋆是一个好孩子吗？', '/userfiles/1/_thumbs/images/cms/article/2016/02/B/userfiles/1/_thumbs/images/cms/article/2016/02/BaiduShurufa_2016-2-4_12-18-62.jpga', 'X', '2', '2016-02-26 12:29:28', '测试判断题', '0', null, '2016-02-26 12:29:28', '1', '1');
INSERT INTO `exam_examine` VALUES ('59', '杨丽鋆是一个好孩子吗？', '/userfiles/1/_thumbs/images/cms/article/2016/02/B/userfiles/1/_thumbs/images/cms/article/2016/02/BaiduShurufa_2016-2-4_12-18-62.jpga', 'X', '2', '2016-02-11 14:28:06', '测试判断题', '0', '', '2016-02-11 14:47:20', '2', '1');
INSERT INTO `exam_examine` VALUES ('59abba3c24f34ba0b6b2d08361089808', '杨丽鋆是一个好孩子吗？', '/userfiles/1/_thumbs/images/cms/article/2016/02/B/userfiles/1/_thumbs/images/cms/article/2016/02/BaiduShurufa_2016-2-4_12-18-102.jpga', 'X', '2', '2016-02-26 12:29:37', '测试判断题', '0', null, '2016-02-26 12:29:37', '1', '1');
INSERT INTO `exam_examine` VALUES ('59bf0cbc71f94324a8f3e31d8f5aee62', '话说西游记？', '/userfiles/1/_thumbs/images/cms/article/2016/02/B/userfiles/1/_thumbs/images/cms/article/2016/02/BaiduShurufa_2016-2-4_12-18-184.jpga', '西游记是一个经典传奇。', '3', '2016-02-26 12:35:09', '测试简答题', '0', null, '2016-02-26 12:35:09', '1', '1');
INSERT INTO `exam_examine` VALUES ('5a27ad4a608948d786c8f32b37d61dc3', '杨丽鋆是一个好孩子吗？', '/userfiles/1/_thumbs/images/cms/article/2016/02/B/userfiles/1/_thumbs/images/cms/article/2016/02/BaiduShurufa_2016-2-4_12-18-199.jpga', 'X', '2', '2016-02-26 12:29:18', '测试判断题', '0', null, '2016-02-26 12:29:18', '1', '1');
INSERT INTO `exam_examine` VALUES ('5a6f8a6fb66c435bbeaf47a316064750', '杨丽鋆是一个好孩子吗？', '/userfiles/1/_thumbs/images/cms/article/2016/02/B/userfiles/1/_thumbs/images/cms/article/2016/02/BaiduShurufa_2016-2-4_12-18-9.jpga', 'X', '2', '2016-02-26 12:39:39', '测试判断题', '0', null, '2016-02-26 12:39:39', '1', '1');
INSERT INTO `exam_examine` VALUES ('5ac1dc93aad24647ad14dcd1809f1252', '话说西游记？', '/userfiles/1/_thumbs/images/cms/article/2016/02/B/userfiles/1/_thumbs/images/cms/article/2016/02/BaiduShurufa_2016-2-4_12-18-33.jpga', '西游记是一个经典传奇。', '3', '2016-02-26 12:29:21', '测试简答题', '0', null, '2016-02-26 12:29:21', '1', '1');
INSERT INTO `exam_examine` VALUES ('5afd5073756e423c9ff484cf2448ce12', '话说西游记？', '/userfiles/1/_thumbs/images/cms/article/2016/02/B/userfiles/1/_thumbs/images/cms/article/2016/02/BaiduShurufa_2016-2-4_12-18-87.jpga', '西游记是一个经典传奇。', '3', '2016-02-26 12:39:48', '测试简答题', '0', null, '2016-02-26 12:39:48', '1', '1');
INSERT INTO `exam_examine` VALUES ('5b123f7100654a6faa39d88d25367718', '话说西游记？', '/userfiles/1/_thumbs/images/cms/article/2016/02/B/userfiles/1/_thumbs/images/cms/article/2016/02/BaiduShurufa_2016-2-4_12-18-197.jpga', '西游记是一个经典传奇。', '3', '2016-02-26 12:35:11', '测试简答题', '0', null, '2016-02-26 12:35:11', '1', '1');
INSERT INTO `exam_examine` VALUES ('5d1b5dae91154f59a45782b2f03a2f46', '杨丽鋆是一个好孩子吗？', '/userfiles/1/_thumbs/images/cms/article/2016/02/B/userfiles/1/_thumbs/images/cms/article/2016/02/BaiduShurufa_2016-2-4_12-18-46.jpga', 'X', '2', '2016-02-26 12:29:24', '测试判断题', '0', null, '2016-02-26 12:29:24', '1', '1');
INSERT INTO `exam_examine` VALUES ('5d7e11f66ca24ad49a74ea6b81ddfba5', '什么样的孩子是好孩子？ A：爱学习的 B：爱劳动的 C：讨人喜欢的 D：漂亮的', '/userfiles/1/_thumbs/images/cms/article/2016/02/B/userfiles/1/_thumbs/images/cms/article/2016/02/BaiduShurufa_2016-2-4_12-18-25.jpga', 'A', '1', '2016-02-26 12:35:14', '这是一个测试题目。', '0', null, '2016-02-26 12:35:14', '1', '1');
INSERT INTO `exam_examine` VALUES ('5ed863a2d9434a08a7d8f450d2d902d2', '杨丽鋆是一个好孩子吗？', '/userfiles/1/_thumbs/images/cms/article/2016/02/B/userfiles/1/_thumbs/images/cms/article/2016/02/BaiduShurufa_2016-2-4_12-18-179.jpga', 'X', '2', '2016-02-26 12:35:08', '测试判断题', '0', null, '2016-02-26 12:35:08', '1', '1');
INSERT INTO `exam_examine` VALUES ('6', '杨丽鋆是一个好孩子吗？', '/userfiles/1/_thumbs/images/cms/article/2016/02/B/userfiles/1/_thumbs/images/cms/article/2016/02/BaiduShurufa_2016-2-4_12-18-9.jpga', 'X', '2', '2016-02-11 14:28:06', '测试判断题', '0', '', '2016-02-11 14:47:20', '2', '1');
INSERT INTO `exam_examine` VALUES ('60', '话说西游记？', '/userfiles/1/_thumbs/images/cms/article/2016/02/B/userfiles/1/_thumbs/images/cms/article/2016/02/BaiduShurufa_2016-2-4_12-18-63.jpga', '西游记是一个经典传奇。', '3', '2016-02-11 14:28:06', '测试简答题', '0', '', '2016-02-11 14:47:20', '1', '1');
INSERT INTO `exam_examine` VALUES ('60164a1e7ee746f18e37ae82eeacf865', '什么样的孩子是好孩子？ A：爱学习的 B：爱劳动的 C：讨人喜欢的 D：漂亮的', '/userfiles/1/_thumbs/images/cms/article/2016/02/B/userfiles/1/_thumbs/images/cms/article/2016/02/BaiduShurufa_2016-2-4_12-18-28.jpga', 'A', '1', '2016-02-26 12:37:22', '这是一个测试题目。', '0', null, '2016-02-26 12:37:22', '1', '1');
INSERT INTO `exam_examine` VALUES ('61', '话说西游记？', '/userfiles/1/_thumbs/images/cms/article/2016/02/B/userfiles/1/_thumbs/images/cms/article/2016/02/BaiduShurufa_2016-2-4_12-18-64.jpga', '西游记是一个经典传奇。', '3', '2016-02-11 14:28:06', '测试简答题', '0', '', '2016-02-11 14:47:20', '1', '1');
INSERT INTO `exam_examine` VALUES ('610bad23c5724d8ca5f4e6b1241d4da8', '话说西游记？', '/userfiles/1/_thumbs/images/cms/article/2016/02/B/userfiles/1/_thumbs/images/cms/article/2016/02/BaiduShurufa_2016-2-4_12-18-193.jpga', '西游记是一个经典传奇。', '3', '2016-02-26 12:40:04', '测试简答题', '0', null, '2016-02-26 12:40:04', '1', '1');
INSERT INTO `exam_examine` VALUES ('61210386014e4664ad65f33c8ac387b3', '话说西游记？', '/userfiles/1/_thumbs/images/cms/article/2016/02/B/userfiles/1/_thumbs/images/cms/article/2016/02/BaiduShurufa_2016-2-4_12-18-24.jpga', '西游记是一个经典传奇。', '3', '2016-02-26 12:35:13', '测试简答题', '0', null, '2016-02-26 12:35:13', '1', '1');
INSERT INTO `exam_examine` VALUES ('62', '什么样的孩子是好孩子？ A：爱学习的 B：爱劳动的 C：讨人喜欢的 D：漂亮的', '/userfiles/1/_thumbs/images/cms/article/2016/02/B/userfiles/1/_thumbs/images/cms/article/2016/02/BaiduShurufa_2016-2-4_12-18-65.jpga', 'A', '1', '2016-02-11 14:28:06', '这是一个测试题目。', '0', '', '2016-02-11 14:47:20', '2', '1');
INSERT INTO `exam_examine` VALUES ('63', '杨丽鋆是一个好孩子吗？', '/userfiles/1/_thumbs/images/cms/article/2016/02/B/userfiles/1/_thumbs/images/cms/article/2016/02/BaiduShurufa_2016-2-4_12-18-66.jpga', 'X', '2', '2016-02-11 14:28:06', '测试判断题', '0', '', '2016-02-11 14:47:20', '2', '1');
INSERT INTO `exam_examine` VALUES ('636c0753ee974f3480af94852e065b63', '话说西游记？', '/userfiles/1/_thumbs/images/cms/article/2016/02/B/userfiles/1/_thumbs/images/cms/article/2016/02/BaiduShurufa_2016-2-4_12-18-204.jpga', '西游记是一个经典传奇。', '3', '2016-02-26 12:39:45', '测试简答题', '0', null, '2016-02-26 12:39:45', '1', '1');
INSERT INTO `exam_examine` VALUES ('63e3a150ac394cc99ed0e5243a2c2af5', '话说西游记？', '/userfiles/1/_thumbs/images/cms/article/2016/02/B/userfiles/1/_thumbs/images/cms/article/2016/02/BaiduShurufa_2016-2-4_12-18-184.jpga', '西游记是一个经典传奇。', '3', '2016-02-26 12:40:08', '测试简答题', '0', null, '2016-02-26 12:40:08', '1', '1');
INSERT INTO `exam_examine` VALUES ('64', '话说西游记？', '/userfiles/1/_thumbs/images/cms/article/2016/02/B/userfiles/1/_thumbs/images/cms/article/2016/02/BaiduShurufa_2016-2-4_12-18-67.jpga', '西游记是一个经典传奇。', '3', '2016-02-11 14:28:06', '测试简答题', '0', '', '2016-02-11 14:47:20', '1', '1');
INSERT INTO `exam_examine` VALUES ('640c305b2dc94b888c53c312cb53ba99', '杨丽鋆是一个好孩子吗？', '/userfiles/1/_thumbs/images/cms/article/2016/02/B/userfiles/1/_thumbs/images/cms/article/2016/02/BaiduShurufa_2016-2-4_12-18-69.jpga', 'X', '2', '2016-02-26 12:29:30', '测试判断题', '0', null, '2016-02-26 12:29:30', '1', '1');
INSERT INTO `exam_examine` VALUES ('6424d64511a341a3900ce51de6eb348a', '杨丽鋆是一个好孩子吗？', '/userfiles/1/_thumbs/images/cms/article/2016/02/B/userfiles/1/_thumbs/images/cms/article/2016/02/BaiduShurufa_2016-2-4_12-18-69.jpga', 'X', '2', '2016-02-26 12:39:40', '测试判断题', '0', null, '2016-02-26 12:39:40', '1', '1');
INSERT INTO `exam_examine` VALUES ('65', '什么样的孩子是好孩子？ A：爱学习的 B：爱劳动的 C：讨人喜欢的 D：漂亮的', '/userfiles/1/_thumbs/images/cms/article/2016/02/B/userfiles/1/_thumbs/images/cms/article/2016/02/BaiduShurufa_2016-2-4_12-18-68.jpga', 'A', '1', '2016-02-11 14:28:06', '这是一个测试题目。', '0', '', '2016-02-11 14:47:20', '2', '1');
INSERT INTO `exam_examine` VALUES ('6528e55125444106818631b113c889bf', '话说西游记？', '/userfiles/1/_thumbs/images/cms/article/2016/02/B/userfiles/1/_thumbs/images/cms/article/2016/02/BaiduShurufa_2016-2-4_12-18-163.jpga', '西游记是一个经典传奇。', '3', '2016-02-26 12:35:06', '测试简答题', '0', null, '2016-02-26 12:35:06', '1', '1');
INSERT INTO `exam_examine` VALUES ('657f711763b64b1e9965bf3f0955c982', '话说西游记？', '/userfiles/1/_thumbs/images/cms/article/2016/02/B/userfiles/1/_thumbs/images/cms/article/2016/02/BaiduShurufa_2016-2-4_12-18-7.jpga', '西游记是一个经典传奇。', '3', '2016-02-26 12:29:23', '测试简答题', '0', null, '2016-02-26 12:29:23', '1', '1');
INSERT INTO `exam_examine` VALUES ('66', '杨丽鋆是一个好孩子吗？', '/userfiles/1/_thumbs/images/cms/article/2016/02/B/userfiles/1/_thumbs/images/cms/article/2016/02/BaiduShurufa_2016-2-4_12-18-69.jpga', 'X', '2', '2016-02-11 14:28:06', '测试判断题', '0', '', '2016-02-11 14:47:20', '2', '1');
INSERT INTO `exam_examine` VALUES ('67', '话说西游记？', '/userfiles/1/_thumbs/images/cms/article/2016/02/B/userfiles/1/_thumbs/images/cms/article/2016/02/BaiduShurufa_2016-2-4_12-18-70.jpga', '西游记是一个经典传奇。', '3', '2016-02-11 14:28:06', '测试简答题', '0', '', '2016-02-11 14:47:20', '1', '1');
INSERT INTO `exam_examine` VALUES ('6781bb33243b474ea773f696db282802', '话说西游记？', '/userfiles/1/_thumbs/images/cms/article/2016/02/B/userfiles/1/_thumbs/images/cms/article/2016/02/BaiduShurufa_2016-2-4_12-18-163.jpga', '西游记是一个经典传奇。', '3', '2016-02-26 12:29:12', '测试简答题', '0', null, '2016-02-26 12:29:12', '1', '1');
INSERT INTO `exam_examine` VALUES ('6783dc929ab24293af71692eb9fe6ccf', '杨丽鋆是一个好孩子吗？', '/userfiles/1/_thumbs/images/cms/article/2016/02/B/userfiles/1/_thumbs/images/cms/article/2016/02/BaiduShurufa_2016-2-4_12-18-52.jpga', 'X', '2', '2016-02-26 12:39:32', '测试判断题', '0', null, '2016-02-26 12:39:32', '1', '1');
INSERT INTO `exam_examine` VALUES ('67e4d6a4c58543dca21d09a055b30198', '话说西游记？', '/userfiles/1/_thumbs/images/cms/article/2016/02/B/userfiles/1/_thumbs/images/cms/article/2016/02/BaiduShurufa_2016-2-4_12-18-47.jpga', '西游记是一个经典传奇。', '3', '2016-02-26 12:29:25', '测试简答题', '0', null, '2016-02-26 12:29:25', '1', '1');
INSERT INTO `exam_examine` VALUES ('68', '什么样的孩子是好孩子？ A：爱学习的 B：爱劳动的 C：讨人喜欢的 D：漂亮的', '/userfiles/1/_thumbs/images/cms/article/2016/02/B/userfiles/1/_thumbs/images/cms/article/2016/02/BaiduShurufa_2016-2-4_12-18-71.jpga', 'A', '1', '2016-02-11 14:28:06', '这是一个测试题目。', '0', '', '2016-02-11 14:47:20', '2', '1');
INSERT INTO `exam_examine` VALUES ('6859decb216646b1b3c99fa78146b48c', '话说西游记？', '/userfiles/1/_thumbs/images/cms/article/2016/02/B/userfiles/1/_thumbs/images/cms/article/2016/02/BaiduShurufa_2016-2-4_12-18-64.jpga', '西游记是一个经典传奇。', '3', '2016-02-26 12:29:29', '测试简答题', '0', null, '2016-02-26 12:29:29', '1', '1');
INSERT INTO `exam_examine` VALUES ('6876d21f178b47469762bcbd7aca7f91', '杨丽鋆是一个好孩子吗？', '/userfiles/1/_thumbs/images/cms/article/2016/02/B/userfiles/1/_thumbs/images/cms/article/2016/02/BaiduShurufa_2016-2-4_12-18-99.jpga', 'X', '2', '2016-02-26 12:29:36', '测试判断题', '0', null, '2016-02-26 12:29:36', '1', '1');
INSERT INTO `exam_examine` VALUES ('688706e442eb456db269065a2f287d75', '话说西游记？', '/userfiles/1/_thumbs/images/cms/article/2016/02/B/userfiles/1/_thumbs/images/cms/article/2016/02/BaiduShurufa_2016-2-4_12-18-94.jpga', '西游记是一个经典传奇。', '3', '2016-02-26 12:39:53', '测试简答题', '0', null, '2016-02-26 12:39:53', '1', '1');
INSERT INTO `exam_examine` VALUES ('69e8ee5e6bc24c098801f52614bad6e2', '话说西游记？', '/userfiles/1/_thumbs/images/cms/article/2016/02/B/userfiles/1/_thumbs/images/cms/article/2016/02/BaiduShurufa_2016-2-4_12-18-200.jpga', '西游记是一个经典传奇。', '3', '2016-02-26 12:29:18', '测试简答题', '0', null, '2016-02-26 12:29:18', '1', '1');
INSERT INTO `exam_examine` VALUES ('6a40f27cd837454994edd199ed5bb6c2', '话说西游记？', '/userfiles/1/_thumbs/images/cms/article/2016/02/B/userfiles/1/_thumbs/images/cms/article/2016/02/BaiduShurufa_2016-2-4_12-18-63.jpga', '西游记是一个经典传奇。', '3', '2016-02-26 12:39:39', '测试简答题', '0', null, '2016-02-26 12:39:39', '1', '1');
INSERT INTO `exam_examine` VALUES ('6bf049a53fcd48a585dcd710e48f213c', '什么样的孩子是好孩子？ A：爱学习的 B：爱劳动的 C：讨人喜欢的 D：漂亮的', '/userfiles/1/_thumbs/images/cms/article/2016/02/B/userfiles/1/_thumbs/images/cms/article/2016/02/BaiduShurufa_2016-2-4_12-18-41.jpga', 'A', '1', '2016-02-26 12:29:23', '这是一个测试题目。', '0', null, '2016-02-26 12:29:23', '1', '1');
INSERT INTO `exam_examine` VALUES ('6ff777c65aaa4f87b494c2bb9ef43771', '话说西游记？', '/userfiles/1/_thumbs/images/cms/article/2016/02/B/userfiles/1/_thumbs/images/cms/article/2016/02/BaiduShurufa_2016-2-4_12-18-173.jpga', '西游记是一个经典传奇。', '3', '2016-02-26 12:29:14', '测试简答题', '0', null, '2016-02-26 12:29:14', '1', '1');
INSERT INTO `exam_examine` VALUES ('7', '话说西游记？', '/userfiles/1/_thumbs/images/cms/article/2016/02/B/userfiles/1/_thumbs/images/cms/article/2016/02/BaiduShurufa_2016-2-4_12-18-10.jpga', '西游记是一个经典传奇。', '3', '2016-02-11 14:28:06', '测试简答题', '0', '', '2016-02-11 14:47:20', '1', '1');
INSERT INTO `exam_examine` VALUES ('70', '话说西游记？', '/userfiles/1/_thumbs/images/cms/article/2016/02/B/userfiles/1/_thumbs/images/cms/article/2016/02/BaiduShurufa_2016-2-4_12-18-73.jpga', '西游记是一个经典传奇。', '3', '2016-02-11 14:28:06', '测试简答题', '0', '', '2016-02-11 14:47:20', '1', '1');
INSERT INTO `exam_examine` VALUES ('7036e0502b0a46be84c882d21fa32015', '话说西游记？', '/userfiles/1/_thumbs/images/cms/article/2016/02/B/userfiles/1/_thumbs/images/cms/article/2016/02/BaiduShurufa_2016-2-4_12-18-144.jpga', '西游记是一个经典传奇。', '3', '2016-02-26 12:39:59', '测试简答题', '0', null, '2016-02-26 12:39:59', '1', '1');
INSERT INTO `exam_examine` VALUES ('70fc6a26844643e19996463cefe1f503', '杨丽鋆是一个好孩子吗？', '/userfiles/1/_thumbs/images/cms/article/2016/02/B/userfiles/1/_thumbs/images/cms/article/2016/02/BaiduShurufa_2016-2-4_12-18-6.jpga', 'X', '2', '2016-02-26 12:39:27', '测试判断题', '0', null, '2016-02-26 12:39:27', '1', '1');
INSERT INTO `exam_examine` VALUES ('71', '话说西游记？', '/userfiles/1/_thumbs/images/cms/article/2016/02/B/userfiles/1/_thumbs/images/cms/article/2016/02/BaiduShurufa_2016-2-4_12-18-74.jpga', '西游记是一个经典传奇。', '3', '2016-02-11 14:28:06', '测试简答题', '0', '', '2016-02-11 14:47:20', '1', '1');
INSERT INTO `exam_examine` VALUES ('7132130832b9443caf04386f2704699c', '话说西游记？', '/userfiles/1/_thumbs/images/cms/article/2016/02/B/userfiles/1/_thumbs/images/cms/article/2016/02/BaiduShurufa_2016-2-4_12-18-143.jpga', '西游记是一个经典传奇。', '3', '2016-02-26 12:39:33', '测试简答题', '0', null, '2016-02-26 12:39:33', '1', '1');
INSERT INTO `exam_examine` VALUES ('73', '杨丽鋆是一个好孩子吗？', '/userfiles/1/_thumbs/images/cms/article/2016/02/B/userfiles/1/_thumbs/images/cms/article/2016/02/BaiduShurufa_2016-2-4_12-18-76.jpga', 'X', '2', '2016-02-11 14:28:06', '测试判断题', '0', '', '2016-02-11 14:47:20', '2', '1');
INSERT INTO `exam_examine` VALUES ('734c376306cf44258bb9cc4879a7ab93', '杨丽鋆是一个好孩子吗？', '/userfiles/1/_thumbs/images/cms/article/2016/02/B/userfiles/1/_thumbs/images/cms/article/2016/02/BaiduShurufa_2016-2-4_12-18-29.jpga', 'X', '2', '2016-02-26 12:35:14', '测试判断题', '0', null, '2016-02-26 12:35:14', '1', '1');
INSERT INTO `exam_examine` VALUES ('738ba8fd880941b9bb6d03de559e8459', '话说西游记？', '/userfiles/1/_thumbs/images/cms/article/2016/02/B/userfiles/1/_thumbs/images/cms/article/2016/02/BaiduShurufa_2016-2-4_12-18-30.jpga', '西游记是一个经典传奇。', '3', '2016-02-26 12:39:29', '测试简答题', '0', null, '2016-02-26 12:39:29', '1', '1');
INSERT INTO `exam_examine` VALUES ('74', '话说西游记？', '/userfiles/1/_thumbs/images/cms/article/2016/02/B/userfiles/1/_thumbs/images/cms/article/2016/02/BaiduShurufa_2016-2-4_12-18-77.jpga', '西游记是一个经典传奇。', '3', '2016-02-11 14:28:06', '测试简答题', '0', '', '2016-02-11 14:47:20', '1', '1');
INSERT INTO `exam_examine` VALUES ('7420c8ba3a2d4a1bb1a25fc7b7956d3d', '什么样的孩子是好孩子？ A：爱学习的 B：爱劳动的 C：讨人喜欢的 D：漂亮的', '/userfiles/1/_thumbs/images/cms/article/2016/02/B/userfiles/1/_thumbs/images/cms/article/2016/02/BaiduShurufa_2016-2-4_12-18-95.jpga', 'A', '1', '2016-02-26 12:40:07', '这是一个测试题目。', '0', null, '2016-02-26 12:40:07', '1', '1');
INSERT INTO `exam_examine` VALUES ('74cf179756684a0e9f51a2ecc99d5322', '话说西游记？', '/userfiles/1/_thumbs/images/cms/article/2016/02/B/userfiles/1/_thumbs/images/cms/article/2016/02/BaiduShurufa_2016-2-4_12-18-63.jpga', '西游记是一个经典传奇。', '3', '2016-02-26 12:39:31', '测试简答题', '0', null, '2016-02-26 12:39:31', '1', '1');
INSERT INTO `exam_examine` VALUES ('75', '什么样的孩子是好孩子？ A：爱学习的 B：爱劳动的 C：讨人喜欢的 D：漂亮的', '/userfiles/1/_thumbs/images/cms/article/2016/02/B/userfiles/1/_thumbs/images/cms/article/2016/02/BaiduShurufa_2016-2-4_12-18-78.jpga', 'A', '1', '2016-02-11 14:28:06', '这是一个测试题目。', '0', '', '2016-02-11 14:47:20', '2', '1');
INSERT INTO `exam_examine` VALUES ('7515bb0e40cb4adc8d0b9a5a3974c11e', '什么样的孩子是好孩子？ A：爱学习的 B：爱劳动的 C：讨人喜欢的 D：漂亮的', '/userfiles/1/_thumbs/images/cms/article/2016/02/B/userfiles/1/_thumbs/images/cms/article/2016/02/BaiduShurufa_2016-2-4_12-18-8.jpga', 'A', '1', '2016-02-26 12:39:34', '这是一个测试题目。', '0', null, '2016-02-26 12:39:34', '1', '1');
INSERT INTO `exam_examine` VALUES ('75597536171f4856add0f45cfdc0c79d', '话说西游记？', '/userfiles/1/_thumbs/images/cms/article/2016/02/B/userfiles/1/_thumbs/images/cms/article/2016/02/BaiduShurufa_2016-2-4_12-18-183.jpga', '西游记是一个经典传奇。', '3', '2016-02-26 12:35:09', '测试简答题', '0', null, '2016-02-26 12:35:09', '1', '1');
INSERT INTO `exam_examine` VALUES ('75a433ba6b054c5b9202da068919c151', '话说西游记？', '/userfiles/1/_thumbs/images/cms/article/2016/02/B/userfiles/1/_thumbs/images/cms/article/2016/02/BaiduShurufa_2016-2-4_12-18-127.jpga', '西游记是一个经典传奇。', '3', '2016-02-26 12:35:03', '测试简答题', '0', null, '2016-02-26 12:35:03', '1', '1');
INSERT INTO `exam_examine` VALUES ('76', '杨丽鋆是一个好孩子吗？', '/userfiles/1/_thumbs/images/cms/article/2016/02/B/userfiles/1/_thumbs/images/cms/article/2016/02/BaiduShurufa_2016-2-4_12-18-79.jpga', 'X', '2', '2016-02-11 14:28:06', '测试判断题', '0', '', '2016-02-11 14:47:20', '2', '1');
INSERT INTO `exam_examine` VALUES ('761f553d2c5d4debacfb64ec0baf7e76', '话说西游记？', '/userfiles/1/_thumbs/images/cms/article/2016/02/B/userfiles/1/_thumbs/images/cms/article/2016/02/BaiduShurufa_2016-2-4_12-18-180.jpga', '西游记是一个经典传奇。', '3', '2016-02-26 12:35:08', '测试简答题', '0', null, '2016-02-26 12:35:08', '1', '1');
INSERT INTO `exam_examine` VALUES ('76273b7cd5664469b92ed9dc32d4d5e3', '什么样的孩子是好孩子？ A：爱学习的 B：爱劳动的 C：讨人喜欢的 D：漂亮的', '/userfiles/1/_thumbs/images/cms/article/2016/02/B/userfiles/1/_thumbs/images/cms/article/2016/02/BaiduShurufa_2016-2-4_12-18-198.jpga', 'A', '1', '2016-02-26 12:40:05', '这是一个测试题目。', '0', null, '2016-02-26 12:40:05', '1', '1');
INSERT INTO `exam_examine` VALUES ('77', '话说西游记？', '/userfiles/1/_thumbs/images/cms/article/2016/02/B/userfiles/1/_thumbs/images/cms/article/2016/02/BaiduShurufa_2016-2-4_12-18-80.jpga', '西游记是一个经典传奇。', '3', '2016-02-11 14:28:06', '测试简答题', '0', '', '2016-02-11 14:47:20', '1', '1');
INSERT INTO `exam_examine` VALUES ('773acfa397264cd6ab9a0885cc2dd1c9', '话说西游记？', '/userfiles/1/_thumbs/images/cms/article/2016/02/B/userfiles/1/_thumbs/images/cms/article/2016/02/BaiduShurufa_2016-2-4_12-18-40.jpga', '西游记是一个经典传奇。', '3', '2016-02-26 12:39:28', '测试简答题', '0', null, '2016-02-26 12:39:28', '1', '1');
INSERT INTO `exam_examine` VALUES ('782eb7878f934dbab3ec978668693c05', '杨丽鋆是一个好孩子吗？', '/userfiles/1/_thumbs/images/cms/article/2016/02/B/userfiles/1/_thumbs/images/cms/article/2016/02/BaiduShurufa_2016-2-4_12-18-102.jpga', 'X', '2', '2016-02-26 12:39:38', '测试判断题', '0', null, '2016-02-26 12:39:38', '1', '1');
INSERT INTO `exam_examine` VALUES ('78402c35495642fc83d2c0e863152701', '什么样的孩子是好孩子？ A：爱学习的 B：爱劳动的 C：讨人喜欢的 D：漂亮的', '/userfiles/1/_thumbs/images/cms/article/2016/02/B/userfiles/1/_thumbs/images/cms/article/2016/02/BaiduShurufa_2016-2-4_12-18-71.jpga', 'A', '1', '2016-02-26 12:40:05', '这是一个测试题目。', '0', null, '2016-02-26 12:40:05', '1', '1');
INSERT INTO `exam_examine` VALUES ('789de88c8a384868abae119a0061f195', '话说西游记？', '/userfiles/1/_thumbs/images/cms/article/2016/02/B/userfiles/1/_thumbs/images/cms/article/2016/02/BaiduShurufa_2016-2-4_12-18-204.jpga', '西游记是一个经典传奇。', '3', '2016-02-26 12:29:19', '测试简答题', '0', null, '2016-02-26 12:29:19', '1', '1');
INSERT INTO `exam_examine` VALUES ('78f005221e384ad5aa309f2eeb888fc5', '话说西游记？', '/userfiles/1/_thumbs/images/cms/article/2016/02/B/userfiles/1/_thumbs/images/cms/article/2016/02/BaiduShurufa_2016-2-4_12-18-147.jpga', '西游记是一个经典传奇。', '3', '2016-02-26 12:39:49', '测试简答题', '0', null, '2016-02-26 12:39:49', '1', '1');
INSERT INTO `exam_examine` VALUES ('79', '杨丽鋆是一个好孩子吗？', '/userfiles/1/_thumbs/images/cms/article/2016/02/B/userfiles/1/_thumbs/images/cms/article/2016/02/BaiduShurufa_2016-2-4_12-18-82.jpga', 'X', '2', '2016-02-11 14:28:06', '测试判断题', '0', '', '2016-02-11 14:47:20', '2', '1');
INSERT INTO `exam_examine` VALUES ('794c2ff59a3e4c9fb9e491fe0dc9c335', '杨丽鋆是一个好孩子吗？', '/userfiles/1/_thumbs/images/cms/article/2016/02/B/userfiles/1/_thumbs/images/cms/article/2016/02/BaiduShurufa_2016-2-4_12-18-99.jpga', 'X', '2', '2016-02-26 12:39:54', '测试判断题', '0', null, '2016-02-26 12:39:54', '1', '1');
INSERT INTO `exam_examine` VALUES ('797a7b21e231490b94810662a384bcfa', '什么样的孩子是好孩子？ A：爱学习的 B：爱劳动的 C：讨人喜欢的 D：漂亮的', '/userfiles/1/_thumbs/images/cms/article/2016/02/B/userfiles/1/_thumbs/images/cms/article/2016/02/BaiduShurufa_2016-2-4_12-18-68.jpga', 'A', '1', '2016-02-26 12:39:40', '这是一个测试题目。', '0', null, '2016-02-26 12:39:40', '1', '1');
INSERT INTO `exam_examine` VALUES ('79c9e660c000404fae9bf6f2849911de', '话说西游记？', '/userfiles/1/_thumbs/images/cms/article/2016/02/B/userfiles/1/_thumbs/images/cms/article/2016/02/BaiduShurufa_2016-2-4_12-18-190.jpga', '西游记是一个经典传奇。', '3', '2016-02-26 12:39:55', '测试简答题', '0', null, '2016-02-26 12:39:55', '1', '1');
INSERT INTO `exam_examine` VALUES ('7a8011cd07f24b80b2bccd88b2386922', '杨丽鋆是一个好孩子吗？', '/userfiles/1/_thumbs/images/cms/article/2016/02/B/userfiles/1/_thumbs/images/cms/article/2016/02/BaiduShurufa_2016-2-4_12-18-32.jpga', 'X', '2', '2016-02-26 12:39:25', '测试判断题', '0', null, '2016-02-26 12:39:25', '1', '1');
INSERT INTO `exam_examine` VALUES ('7abe499bb3c94b609b601941775b138b', '什么样的孩子是好孩子？ A：爱学习的 B：爱劳动的 C：讨人喜欢的 D：漂亮的', '/userfiles/1/_thumbs/images/a2.jpg', 'A', '1', '2016-02-26 12:39:33', '这是一个测试题目。', '0', null, '2016-02-26 12:39:33', '1', '1');
INSERT INTO `exam_examine` VALUES ('7b2d24e3dca9474ba1fbdb8fb785ad1a', '话说西游记？', '/userfiles/1/_thumbs/images/cms/article/2016/02/B/userfiles/1/_thumbs/images/cms/article/2016/02/BaiduShurufa_2016-2-4_12-18-27.jpga', '西游记是一个经典传奇。', '3', '2016-02-26 12:36:58', '测试简答题', '0', null, '2016-02-26 12:36:58', '1', '1');
INSERT INTO `exam_examine` VALUES ('7b9851a53cc84bcea6651fb87e114a04', '话说西游记？', '/userfiles/1/_thumbs/images/cms/article/2016/02/B/userfiles/1/_thumbs/images/cms/article/2016/02/BaiduShurufa_2016-2-4_12-18-144.jpga', '西游记是一个经典传奇。', '3', '2016-02-26 12:35:03', '测试简答题', '0', null, '2016-02-26 12:35:03', '1', '1');
INSERT INTO `exam_examine` VALUES ('7c31c9231fe7490888bad8d2285b14e4', '话说西游记？', '/userfiles/1/_thumbs/images/cms/article/2016/02/B/userfiles/1/_thumbs/images/cms/article/2016/02/BaiduShurufa_2016-2-4_12-18-150.jpga', '西游记是一个经典传奇。', '3', '2016-02-26 12:35:04', '测试简答题', '0', null, '2016-02-26 12:35:04', '1', '1');
INSERT INTO `exam_examine` VALUES ('7d369f3e3e524f70b71a75c4aa0fc68b', '杨丽鋆是一个好孩子吗？', '/userfiles/1/_thumbs/images/cms/article/2016/02/B/userfiles/1/_thumbs/images/cms/article/2016/02/BaiduShurufa_2016-2-4_12-18-189.jpga', 'X', '2', '2016-02-26 12:29:16', '测试判断题', '0', null, '2016-02-26 12:29:16', '1', '1');
INSERT INTO `exam_examine` VALUES ('7d800b4a5bc2465a94e8327ef867b7e7', '话说西游记？', '/userfiles/1/_thumbs/images/cms/article/2016/02/B/userfiles/1/_thumbs/images/cms/article/2016/02/BaiduShurufa_2016-2-4_12-18-10.jpga', '西游记是一个经典传奇。', '3', '2016-02-26 12:39:43', '测试简答题', '0', null, '2016-02-26 12:39:43', '1', '1');
INSERT INTO `exam_examine` VALUES ('7e05f67db34d4330882c9aa58c103a31', '杨丽鋆是一个好孩子吗？', '/userfiles/1/_thumbs/images/cms/article/2016/02/B/userfiles/1/_thumbs/images/cms/article/2016/02/BaiduShurufa_2016-2-4_12-18-39.jpga', 'X', '2', '2016-02-26 12:39:34', '测试判断题', '0', null, '2016-02-26 12:39:34', '1', '1');
INSERT INTO `exam_examine` VALUES ('7ea52b0aa1994a308e336d47a2e244ba', '杨丽鋆是一个好孩子吗？', '/userfiles/1/_thumbs/images/cms/article/2016/02/B/userfiles/1/_thumbs/images/cms/article/2016/02/BaiduShurufa_2016-2-4_12-18-92.jpga', 'X', '2', '2016-02-26 12:39:47', '测试判断题', '0', null, '2016-02-26 12:39:47', '1', '1');
INSERT INTO `exam_examine` VALUES ('7f28aa8507d94041b4e2c42a3883d12c', '话说西游记？', '/userfiles/1/_thumbs/images/cms/article/2016/02/B/userfiles/1/_thumbs/images/cms/article/2016/02/BaiduShurufa_2016-2-4_12-18-174.jpga', '西游记是一个经典传奇。', '3', '2016-02-26 12:35:07', '测试简答题', '0', null, '2016-02-26 12:35:07', '1', '1');
INSERT INTO `exam_examine` VALUES ('7f525d1c22a64271a84922cbe924efa8', '话说西游记？', '/userfiles/1/_thumbs/images/cms/article/2016/02/B/userfiles/1/_thumbs/images/cms/article/2016/02/BaiduShurufa_2016-2-4_12-18-150.jpga', '西游记是一个经典传奇。', '3', '2016-02-26 12:29:11', '测试简答题', '0', null, '2016-02-26 12:29:11', '1', '1');
INSERT INTO `exam_examine` VALUES ('7fed63cf93a242b6a40a9bdd6ddfff81', '杨丽鋆是一个好孩子吗？', '/userfiles/1/_thumbs/images/cms/article/2016/02/B/userfiles/1/_thumbs/images/cms/article/2016/02/BaiduShurufa_2016-2-4_12-18-36.jpga', 'X', '2', '2016-02-26 12:40:07', '测试判断题', '0', null, '2016-02-26 12:40:07', '1', '1');
INSERT INTO `exam_examine` VALUES ('80', '话说西游记？', '/userfiles/1/_thumbs/images/cms/article/2016/02/B/userfiles/1/_thumbs/images/cms/article/2016/02/BaiduShurufa_2016-2-4_12-18-83.jpga', '西游记是一个经典传奇。西游记是一个经典传奇。西游记是一个经典传奇。', '3', '2016-02-11 14:28:06', '测试简答题', '0', '', '2016-02-16 15:12:15', '1', '1');
INSERT INTO `exam_examine` VALUES ('808886835a78431e83d9477dae3fc932', '话说西游记？', '/userfiles/1/_thumbs/images/cms/article/2016/02/B/userfiles/1/_thumbs/images/cms/article/2016/02/BaiduShurufa_2016-2-4_12-18-183.jpga', '西游记是一个经典传奇。', '3', '2016-02-26 12:40:01', '测试简答题', '0', null, '2016-02-26 12:40:01', '1', '1');
INSERT INTO `exam_examine` VALUES ('81', '话说西游记？', '/userfiles/1/_thumbs/images/cms/article/2016/02/B/userfiles/1/_thumbs/images/cms/article/2016/02/BaiduShurufa_2016-2-4_12-18-84.jpga', '西游记是一个经典传奇。', '3', '2016-02-11 14:28:06', '测试简答题', '0', '', '2016-02-11 14:47:20', '1', '1');
INSERT INTO `exam_examine` VALUES ('81d2637c752541ecba5ac1e0f090fbb1', '话说西游记？', '/userfiles/1/_thumbs/images/cms/article/2016/02/B/userfiles/1/_thumbs/images/cms/article/2016/02/BaiduShurufa_2016-2-4_12-18-44.jpga', '西游记是一个经典传奇。', '3', '2016-02-26 12:29:24', '测试简答题', '0', null, '2016-02-26 12:29:24', '1', '1');
INSERT INTO `exam_examine` VALUES ('820f30f8d3304139837bb63a89e4fc8d', '杨丽鋆是一个好孩子吗？', '/userfiles/1/_thumbs/images/cms/article/2016/02/B/userfiles/1/_thumbs/images/cms/article/2016/02/BaiduShurufa_2016-2-4_12-18-92.jpga', 'X', '2', '2016-02-26 12:29:35', '测试判断题', '0', null, '2016-02-26 12:29:35', '1', '1');
INSERT INTO `exam_examine` VALUES ('83', '杨丽鋆是一个好孩子吗？', '/userfiles/1/_thumbs/images/cms/article/2016/02/B/userfiles/1/_thumbs/images/cms/article/2016/02/BaiduShurufa_2016-2-4_12-18-86.jpga', 'X', '2', '2016-02-11 14:28:06', '测试判断题', '0', '', '2016-02-11 14:47:20', '2', '1');
INSERT INTO `exam_examine` VALUES ('84', '话说西游记？', '/userfiles/1/_thumbs/images/cms/article/2016/02/B/userfiles/1/_thumbs/images/cms/article/2016/02/BaiduShurufa_2016-2-4_12-18-87.jpga', '西游记是一个经典传奇。', '3', '2016-02-11 14:28:06', '测试简答题', '0', '', '2016-02-11 14:47:20', '1', '1');
INSERT INTO `exam_examine` VALUES ('8467ba3e60c94c7dababc3eb8cb20b87', '什么样的孩子是好孩子？ A：爱学习的 B：爱劳动的 C：讨人喜欢的 D：漂亮的', '/userfiles/1/_thumbs/images/cms/article/2016/02/B/userfiles/1/_thumbs/images/cms/article/2016/02/BaiduShurufa_2016-2-4_12-18-38.jpga', 'A', '1', '2016-02-26 12:39:57', '这是一个测试题目。', '0', null, '2016-02-26 12:39:57', '1', '1');
INSERT INTO `exam_examine` VALUES ('8469145ee8734feb94016ac2cf20b91c', '什么样的孩子是好孩子？ A：爱学习的 B：爱劳动的 C：讨人喜欢的 D：漂亮的', '/userfiles/1/_thumbs/images/cms/article/2016/02/B/userfiles/1/_thumbs/images/cms/article/2016/02/BaiduShurufa_2016-2-4_12-18-45.jpga', 'A', '1', '2016-02-26 12:29:24', '这是一个测试题目。', '0', null, '2016-02-26 12:29:24', '1', '1');
INSERT INTO `exam_examine` VALUES ('84cdb7fe071d463f9b2561df4781ccc5', '话说西游记？', '/userfiles/1/_thumbs/images/cms/article/2016/02/B/userfiles/1/_thumbs/images/cms/article/2016/02/BaiduShurufa_2016-2-4_12-18-160.jpga', '西游记是一个经典传奇。', '3', '2016-02-26 12:29:12', '测试简答题', '0', null, '2016-02-26 12:29:12', '1', '1');
INSERT INTO `exam_examine` VALUES ('84f9a9fc83d14edd88c1f6010cb35c8b', '话说西游记？', '/userfiles/1/_thumbs/images/cms/article/2016/02/B/userfiles/1/_thumbs/images/cms/article/2016/02/BaiduShurufa_2016-2-4_12-18-73.jpga', '西游记是一个经典传奇。', '3', '2016-02-26 12:29:31', '测试简答题', '0', null, '2016-02-26 12:29:31', '1', '1');
INSERT INTO `exam_examine` VALUES ('84fe22c6abb54cbba61157a3f066351d', '什么样的孩子是好孩子？ A：爱学习的 B：爱劳动的 C：讨人喜欢的 D：漂亮的', '/userfiles/1/_thumbs/images/cms/article/2016/02/B/userfiles/1/_thumbs/images/cms/article/2016/02/BaiduShurufa_2016-2-4_12-18-48.jpga', 'A', '1', '2016-02-26 12:39:31', '这是一个测试题目。', '0', null, '2016-02-26 12:39:31', '1', '1');
INSERT INTO `exam_examine` VALUES ('8550ff52599d4a4badf82c841aa71b8d', '话说西游记？', '/userfiles/1/_thumbs/images/cms/article/2016/02/B/userfiles/1/_thumbs/images/cms/article/2016/02/BaiduShurufa_2016-2-4_12-18-34.jpga', '西游记是一个经典传奇。', '3', '2016-02-26 12:29:22', '测试简答题', '0', null, '2016-02-26 12:29:22', '1', '1');
INSERT INTO `exam_examine` VALUES ('86', '杨丽鋆是一个好孩子吗？', '/userfiles/1/_thumbs/images/cms/article/2016/02/B/userfiles/1/_thumbs/images/cms/article/2016/02/BaiduShurufa_2016-2-4_12-18-89.jpga', 'X', '2', '2016-02-11 14:28:06', '测试判断题', '0', '', '2016-02-11 14:47:20', '2', '1');
INSERT INTO `exam_examine` VALUES ('867a281e9fa0444da6394277d033d7f5', '话说西游记？', '/userfiles/1/_thumbs/images/cms/article/2016/02/B/userfiles/1/_thumbs/images/cms/article/2016/02/BaiduShurufa_2016-2-4_12-18-147.jpga', '西游记是一个经典传奇。', '3', '2016-02-26 12:29:11', '测试简答题', '0', null, '2016-02-26 12:29:11', '1', '1');
INSERT INTO `exam_examine` VALUES ('86bb9d91395a465686d84197bffc2af3', '话说西游记？', '/userfiles/1/_thumbs/images/cms/article/2016/02/B/userfiles/1/_thumbs/images/cms/article/2016/02/BaiduShurufa_2016-2-4_12-18-50.jpga', '西游记是一个经典传奇。', '3', '2016-02-26 12:29:25', '测试简答题', '0', null, '2016-02-26 12:29:25', '1', '1');
INSERT INTO `exam_examine` VALUES ('87', '话说西游记？', '/userfiles/1/_thumbs/images/cms/article/2016/02/B/userfiles/1/_thumbs/images/cms/article/2016/02/BaiduShurufa_2016-2-4_12-18-90.jpga', '西游记是一个经典传奇。', '3', '2016-02-11 14:28:06', '测试简答题', '0', '', '2016-02-11 14:47:20', '1', '1');
INSERT INTO `exam_examine` VALUES ('87c67e285094438c8c6bbda689949e3e', '话说西游记？', '/userfiles/1/_thumbs/images/cms/article/2016/02/B/userfiles/1/_thumbs/images/cms/article/2016/02/BaiduShurufa_2016-2-4_12-18-173.jpga', '西游记是一个经典传奇。', '3', '2016-02-26 12:39:43', '测试简答题', '0', null, '2016-02-26 12:39:43', '1', '1');
INSERT INTO `exam_examine` VALUES ('87d681a3dd94426abe1fbf9a75bf6c93', '话说西游记？', '/userfiles/1/_thumbs/images/Ubuntu-default%20(4).jpg', '西游记是一个经典传奇。', '3', '2016-02-26 12:39:25', '测试简答题', '0', null, '2016-02-26 12:39:25', '1', '1');
INSERT INTO `exam_examine` VALUES ('87f3dd3d7aa4443ea649424b9974d6fb', '话说西游记？', '/userfiles/1/_thumbs/images/cms/article/2016/02/B/userfiles/1/_thumbs/images/cms/article/2016/02/BaiduShurufa_2016-2-4_12-18-194.jpga', '西游记是一个经典传奇。', '3', '2016-02-26 12:35:14', '测试简答题', '0', null, '2016-02-26 12:35:14', '1', '1');
INSERT INTO `exam_examine` VALUES ('87f5a8a5e1754636ae05c529296335c1', '杨丽鋆是一个好孩子吗？', '/userfiles/1/_thumbs/images/cms/article/2016/02/B/userfiles/1/_thumbs/images/cms/article/2016/02/BaiduShurufa_2016-2-4_12-18-59.jpga', 'X', '2', '2016-02-26 12:39:37', '测试判断题', '0', null, '2016-02-26 12:39:37', '1', '1');
INSERT INTO `exam_examine` VALUES ('88642c1f8364458d9928313d67684207', '什么样的孩子是好孩子？ A：爱学习的 B：爱劳动的 C：讨人喜欢的 D：漂亮的', '/userfiles/1/_thumbs/images/cms/article/2016/02/B/userfiles/1/_thumbs/images/cms/article/2016/02/BaiduShurufa_2016-2-4_12-18-195.jpga', 'A', '1', '2016-02-26 12:35:10', '这是一个测试题目。', '0', null, '2016-02-26 12:35:10', '1', '1');
INSERT INTO `exam_examine` VALUES ('887eb82c1977431b8c959c220e08e27d', '杨丽鋆是一个好孩子吗？', '/userfiles/1/_thumbs/images/cms/article/2016/02/B/userfiles/1/_thumbs/images/cms/article/2016/02/BaiduShurufa_2016-2-4_12-18-12.jpga', 'X', '2', '2016-02-26 12:40:07', '测试判断题', '0', null, '2016-02-26 12:40:07', '1', '1');
INSERT INTO `exam_examine` VALUES ('89', '杨丽鋆是一个好孩子吗？', '/userfiles/1/_thumbs/images/cms/article/2016/02/B/userfiles/1/_thumbs/images/cms/article/2016/02/BaiduShurufa_2016-2-4_12-18-92.jpga', 'X', '2', '2016-02-11 14:28:06', '测试判断题', '0', '', '2016-02-11 14:47:20', '2', '1');
INSERT INTO `exam_examine` VALUES ('8957a7f30a6b466eab44ed3bc891798c', '杨丽鋆是一个好孩子吗？', '/userfiles/1/_thumbs/images/cms/article/2016/02/B/userfiles/1/_thumbs/images/cms/article/2016/02/BaiduShurufa_2016-2-4_12-18-89.jpga', 'X', '2', '2016-02-26 12:39:49', '测试判断题', '0', null, '2016-02-26 12:39:49', '1', '1');
INSERT INTO `exam_examine` VALUES ('8960821316b444b0a27be0930bfd881a', '什么样的孩子是好孩子？ A：爱学习的 B：爱劳动的 C：讨人喜欢的 D：漂亮的', '/userfiles/1/_thumbs/images/cms/article/2016/02/B/userfiles/1/_thumbs/images/cms/article/2016/02/BaiduShurufa_2016-2-4_12-18-51.jpga', 'A', '1', '2016-02-26 12:29:26', '这是一个测试题目。', '0', null, '2016-02-26 12:29:26', '1', '1');
INSERT INTO `exam_examine` VALUES ('8aa22f8174e940c0971e3ab7da2b8959', '话说西游记？', '/userfiles/1/_thumbs/images/cms/article/2016/02/B/userfiles/1/_thumbs/images/cms/article/2016/02/BaiduShurufa_2016-2-4_12-18-43.jpga', '西游记是一个经典传奇。', '3', '2016-02-26 12:39:29', '测试简答题', '0', null, '2016-02-26 12:39:29', '1', '1');
INSERT INTO `exam_examine` VALUES ('8bde8550f1a54d24ac22bba522464db3', '话说西游记？', '/userfiles/1/_thumbs/images/cms/article/2016/02/B/userfiles/1/_thumbs/images/cms/article/2016/02/BaiduShurufa_2016-2-4_12-18-107.jpga', '西游记是一个经典传奇。', '3', '2016-02-26 12:40:00', '测试简答题', '0', null, '2016-02-26 12:40:00', '1', '1');
INSERT INTO `exam_examine` VALUES ('8d09c82f7eff4a3597bada2e6d2211f2', '杨丽鋆是一个好孩子吗？', '/userfiles/1/_thumbs/images/cms/article/2016/02/B/userfiles/1/_thumbs/images/cms/article/2016/02/BaiduShurufa_2016-2-4_12-18-176.jpga', 'X', '2', '2016-02-26 12:35:08', '测试判断题', '0', null, '2016-02-26 12:35:08', '1', '1');
INSERT INTO `exam_examine` VALUES ('8d4d7ad840f6412ea47a9f4d1a75df12', '话说西游记？', '/userfiles/1/_thumbs/images/cms/article/2016/02/B/userfiles/1/_thumbs/images/cms/article/2016/02/BaiduShurufa_2016-2-4_12-18-73.jpga', '西游记是一个经典传奇。', '3', '2016-02-26 12:39:43', '测试简答题', '0', null, '2016-02-26 12:39:43', '1', '1');
INSERT INTO `exam_examine` VALUES ('8dd3683021014da8a55a52a490a9e61d', '话说西游记？', '/userfiles/1/_thumbs/images/cms/article/2016/02/B/userfiles/1/_thumbs/images/cms/article/2016/02/BaiduShurufa_2016-2-4_12-18-10.jpga', '西游记是一个经典传奇。', '3', '2016-02-26 12:35:12', '测试简答题', '0', null, '2016-02-26 12:35:12', '1', '1');
INSERT INTO `exam_examine` VALUES ('8f3dbad6c0e94731aa1e05d354bbda0a', '杨丽鋆是一个好孩子吗？', '/userfiles/1/_thumbs/images/cms/article/2016/02/B/userfiles/1/_thumbs/images/cms/article/2016/02/BaiduShurufa_2016-2-4_12-18-86.jpga', 'X', '2', '2016-02-26 12:39:48', '测试判断题', '0', null, '2016-02-26 12:39:48', '1', '1');
INSERT INTO `exam_examine` VALUES ('9', '杨丽鋆是一个好孩子吗？', '/userfiles/1/_thumbs/images/cms/article/2016/02/B/userfiles/1/_thumbs/images/cms/article/2016/02/BaiduShurufa_2016-2-4_12-18-12.jpga', 'X', '2', '2016-02-11 14:28:06', '测试判断题', '0', '', '2016-02-11 14:47:20', '2', '1');
INSERT INTO `exam_examine` VALUES ('90', '话说西游记？', '/userfiles/1/_thumbs/images/cms/article/2016/02/B/userfiles/1/_thumbs/images/cms/article/2016/02/BaiduShurufa_2016-2-4_12-18-93.jpga', '西游记是一个经典传奇。', '3', '2016-02-11 14:28:06', '测试简答题', '0', '', '2016-02-11 14:47:20', '1', '1');
INSERT INTO `exam_examine` VALUES ('91', '话说西游记？', '/userfiles/1/_thumbs/images/cms/article/2016/02/B/userfiles/1/_thumbs/images/cms/article/2016/02/BaiduShurufa_2016-2-4_12-18-94.jpga', '西游记是一个经典传奇。', '3', '2016-02-11 14:28:06', '测试简答题', '0', '', '2016-02-11 14:47:20', '1', '1');
INSERT INTO `exam_examine` VALUES ('92', '什么样的孩子是好孩子？ A：爱学习的 B：爱劳动的 C：讨人喜欢的 D：漂亮的', '/userfiles/1/_thumbs/images/cms/article/2016/02/B/userfiles/1/_thumbs/images/cms/article/2016/02/BaiduShurufa_2016-2-4_12-18-95.jpga', 'A', '1', '2016-02-11 14:28:06', '这是一个测试题目。', '0', '', '2016-02-11 14:47:20', '2', '1');
INSERT INTO `exam_examine` VALUES ('9246436e95e042fe8973ff3141a0538d', '话说西游记？', '/userfiles/1/_thumbs/images/cms/article/2016/02/B/userfiles/1/_thumbs/images/cms/article/2016/02/BaiduShurufa_2016-2-4_12-18-97.jpga', '西游记是一个经典传奇。', '3', '2016-02-26 12:29:36', '测试简答题', '0', null, '2016-02-26 12:29:36', '1', '1');
INSERT INTO `exam_examine` VALUES ('92a3fe116edd4d0796d5be10a0e4c0cb', '话说西游记？', '/userfiles/1/_thumbs/images/cms/article/2016/02/B/userfiles/1/_thumbs/images/cms/article/2016/02/BaiduShurufa_2016-2-4_12-18-94.jpga', '西游记是一个经典传奇。', '3', '2016-02-26 12:29:35', '测试简答题', '0', null, '2016-02-26 12:29:35', '1', '1');
INSERT INTO `exam_examine` VALUES ('93', '杨丽鋆是一个好孩子吗？', '/userfiles/1/_thumbs/images/cms/article/2016/02/B/userfiles/1/_thumbs/images/cms/article/2016/02/BaiduShurufa_2016-2-4_12-18-96.jpga', 'X', '2', '2016-02-11 14:28:06', '测试判断题', '0', '', '2016-02-11 14:47:20', '2', '1');
INSERT INTO `exam_examine` VALUES ('94', '话说西游记？', '/userfiles/1/_thumbs/images/cms/article/2016/02/B/userfiles/1/_thumbs/images/cms/article/2016/02/BaiduShurufa_2016-2-4_12-18-97.jpga', '西游记是一个经典传奇。', '3', '2016-02-11 14:28:06', '测试简答题', '0', '', '2016-02-11 14:47:20', '1', '1');
INSERT INTO `exam_examine` VALUES ('9512c27d33e648afbf5b4de458c8847d', '什么样的孩子是好孩子？ A：爱学习的 B：爱劳动的 C：讨人喜欢的 D：漂亮的', '/userfiles/1/_thumbs/images/cms/article/2016/02/B/userfiles/1/_thumbs/images/cms/article/2016/02/BaiduShurufa_2016-2-4_12-18-65.jpga', 'A', '1', '2016-02-26 12:40:06', '这是一个测试题目。', '0', null, '2016-02-26 12:40:06', '1', '1');
INSERT INTO `exam_examine` VALUES ('953a20db7c1e40f3ae5f7e260de5722e', '话说西游记？', '/userfiles/1/_thumbs/images/cms/article/2016/02/B/userfiles/1/_thumbs/images/cms/article/2016/02/BaiduShurufa_2016-2-4_12-18-200.jpga', '西游记是一个经典传奇。', '3', '2016-02-26 12:35:11', '测试简答题', '0', null, '2016-02-26 12:35:11', '1', '1');
INSERT INTO `exam_examine` VALUES ('95600c4e18dd4291b1e89d3da20b7c01', '什么样的孩子是好孩子？ A：爱学习的 B：爱劳动的 C：讨人喜欢的 D：漂亮的', '/userfiles/1/_thumbs/images/cms/article/2016/02/B/userfiles/1/_thumbs/images/cms/article/2016/02/BaiduShurufa_2016-2-4_12-18-61.jpga', 'A', '1', '2016-02-26 12:39:37', '这是一个测试题目。', '0', null, '2016-02-26 12:39:37', '1', '1');
INSERT INTO `exam_examine` VALUES ('95a1fb60882341b2aff7e1569277fa23', '话说西游记？', '/userfiles/1/_thumbs/images/cms/article/2016/02/B/userfiles/1/_thumbs/images/cms/article/2016/02/BaiduShurufa_2016-2-4_12-18-167.jpga', '西游记是一个经典传奇。', '3', '2016-02-26 12:35:06', '测试简答题', '0', null, '2016-02-26 12:35:06', '1', '1');
INSERT INTO `exam_examine` VALUES ('95d0f90bb6384994ac1498e95b9a347f', '话说西游记？', '/userfiles/1/_thumbs/images/cms/article/2016/02/B/userfiles/1/_thumbs/images/cms/article/2016/02/BaiduShurufa_2016-2-4_12-18-177.jpga', '西游记是一个经典传奇。', '3', '2016-02-26 12:39:27', '测试简答题', '0', null, '2016-02-26 12:39:27', '1', '1');
INSERT INTO `exam_examine` VALUES ('96', '杨丽鋆是一个好孩子吗？', '/userfiles/1/_thumbs/images/cms/article/2016/02/B/userfiles/1/_thumbs/images/cms/article/2016/02/BaiduShurufa_2016-2-4_12-18-99.jpga', 'X', '2', '2016-02-11 14:28:06', '测试判断题', '0', '', '2016-02-11 14:47:20', '2', '1');
INSERT INTO `exam_examine` VALUES ('97', '话说西游记？', '/userfiles/1/_thumbs/images/cms/article/2016/02/B/userfiles/1/_thumbs/images/cms/article/2016/02/BaiduShurufa_2016-2-4_12-18-100.jpga', '西游记是一个经典传奇。', '3', '2016-02-11 14:28:06', '测试简答题', '0', '', '2016-02-11 14:47:20', '1', '1');
INSERT INTO `exam_examine` VALUES ('977ea738aabc4460bff3972387507dea', '话说西游记？', '/userfiles/1/_thumbs/images/cms/article/2016/02/B/userfiles/1/_thumbs/images/cms/article/2016/02/BaiduShurufa_2016-2-4_12-18-54.jpga', '西游记是一个经典传奇。', '3', '2016-02-26 12:29:26', '测试简答题', '0', null, '2016-02-26 12:29:26', '1', '1');
INSERT INTO `exam_examine` VALUES ('97be52f5b9b44bbc8b0a1822a1d79d99', '杨丽鋆是一个好孩子吗？', '/userfiles/1/_thumbs/images/cms/article/2016/02/B/userfiles/1/_thumbs/images/cms/article/2016/02/BaiduShurufa_2016-2-4_12-18-22.jpga', 'X', '2', '2016-02-26 12:29:16', '测试判断题', '0', null, '2016-02-26 12:29:16', '1', '1');
INSERT INTO `exam_examine` VALUES ('97c4b13e68d646c48971693c3d441807', '话说西游记？', '/userfiles/1/_thumbs/images/cms/article/2016/02/B/userfiles/1/_thumbs/images/cms/article/2016/02/BaiduShurufa_2016-2-4_12-18-160.jpga', '西游记是一个经典传奇。', '3', '2016-02-26 12:35:05', '测试简答题', '0', null, '2016-02-26 12:35:05', '1', '1');
INSERT INTO `exam_examine` VALUES ('97cbf3444d35402b88d1711ba9075a7c', '话说西游记？', '/userfiles/1/_thumbs/images/cms/article/2016/02/B/userfiles/1/_thumbs/images/cms/article/2016/02/BaiduShurufa_2016-2-4_12-18-173.jpga', '西游记是一个经典传奇。', '3', '2016-02-26 12:35:07', '测试简答题', '0', null, '2016-02-26 12:35:07', '1', '1');
INSERT INTO `exam_examine` VALUES ('97cf99d089764c7fbc59ac669e33469d', '杨丽鋆是一个好孩子吗？', '/userfiles/1/_thumbs/images/cms/article/2016/02/B/userfiles/1/_thumbs/images/cms/article/2016/02/BaiduShurufa_2016-2-4_12-18-92.jpga', 'X', '2', '2016-02-26 12:39:50', '测试判断题', '0', null, '2016-02-26 12:39:50', '1', '1');
INSERT INTO `exam_examine` VALUES ('99', '杨丽鋆是一个好孩子吗？', '/userfiles/1/_thumbs/images/cms/article/2016/02/B/userfiles/1/_thumbs/images/cms/article/2016/02/BaiduShurufa_2016-2-4_12-18-102.jpga', 'X', '2', '2016-02-11 14:28:06', '测试判断题', '0', '', '2016-02-11 14:47:20', '2', '1');
INSERT INTO `exam_examine` VALUES ('9911c877a93b485cb7dad2bac6ec6deb', '话说西游记？', '/userfiles/1/_thumbs/images/cms/article/2016/02/B/userfiles/1/_thumbs/images/cms/article/2016/02/BaiduShurufa_2016-2-4_12-18-77.jpga', '西游记是一个经典传奇。', '3', '2016-02-26 12:39:44', '测试简答题', '0', null, '2016-02-26 12:39:44', '1', '1');
INSERT INTO `exam_examine` VALUES ('9c0afeb6137f453fb28bb871f3d05a01', '话说西游记？', '/userfiles/1/_thumbs/images/cms/article/2016/02/B/userfiles/1/_thumbs/images/cms/article/2016/02/BaiduShurufa_2016-2-4_12-18-123.jpga', '西游记是一个经典传奇。', '3', '2016-02-26 12:29:10', '测试简答题', '0', null, '2016-02-26 12:29:10', '1', '1');
INSERT INTO `exam_examine` VALUES ('9dfad9fe2c6f452ca6c52b02c432828b', '杨丽鋆是一个好孩子吗？', '/userfiles/1/_thumbs/images/cms/article/2016/02/B/userfiles/1/_thumbs/images/cms/article/2016/02/BaiduShurufa_2016-2-4_12-18-49.jpga', 'X', '2', '2016-02-26 12:39:57', '测试判断题', '0', null, '2016-02-26 12:39:57', '1', '1');
INSERT INTO `exam_examine` VALUES ('9f1170932ce9446eab4de2dc1aaee0ca', '杨丽鋆是一个好孩子吗？', '/userfiles/1/_thumbs/images/cms/article/2016/02/B/userfiles/1/_thumbs/images/cms/article/2016/02/BaiduShurufa_2016-2-4_12-18-59.jpga', 'X', '2', '2016-02-26 12:39:36', '测试判断题', '0', null, '2016-02-26 12:39:36', '1', '1');
INSERT INTO `exam_examine` VALUES ('9f5263c63dad42a3857bb7ff2cbb77ce', '什么样的孩子是好孩子？ A：爱学习的 B：爱劳动的 C：讨人喜欢的 D：漂亮的', '/userfiles/1/_thumbs/images/cms/article/2016/02/B/userfiles/1/_thumbs/images/cms/article/2016/02/BaiduShurufa_2016-2-4_12-18-78.jpga', 'A', '1', '2016-02-26 12:39:44', '这是一个测试题目。', '0', null, '2016-02-26 12:39:44', '1', '1');
INSERT INTO `exam_examine` VALUES ('9f642c83d2b44f419da1ddd5a8f33a48', '杨丽鋆是一个好孩子吗？', '/userfiles/1/_thumbs/images/cms/article/2016/02/B/userfiles/1/_thumbs/images/cms/article/2016/02/BaiduShurufa_2016-2-4_12-18-86.jpga', 'X', '2', '2016-02-26 12:29:33', '测试判断题', '0', null, '2016-02-26 12:29:33', '1', '1');
INSERT INTO `exam_examine` VALUES ('a0fefdde87134a14b669fdc0ef6ef1ac', '什么样的孩子是好孩子？ A：爱学习的 B：爱劳动的 C：讨人喜欢的 D：漂亮的', '/userfiles/1/_thumbs/images/cms/article/2016/02/B/userfiles/1/_thumbs/images/cms/article/2016/02/BaiduShurufa_2016-2-4_12-18-45.jpga', 'A', '1', '2016-02-26 12:39:30', '这是一个测试题目。', '0', null, '2016-02-26 12:39:30', '1', '1');
INSERT INTO `exam_examine` VALUES ('a11948b9552c4004afdd9e6c3da185e4', '话说西游记？', '/userfiles/1/_thumbs/images/cms/article/2016/02/B/userfiles/1/_thumbs/images/cms/article/2016/02/BaiduShurufa_2016-2-4_12-18-34.jpga', '西游记是一个经典传奇。', '3', '2016-02-26 12:39:27', '测试简答题', '0', null, '2016-02-26 12:39:27', '1', '1');
INSERT INTO `exam_examine` VALUES ('a1ea2ac846a843d48e29217b60509f68', '话说西游记？', '/userfiles/1/_thumbs/images/cms/article/2016/02/B/userfiles/1/_thumbs/images/cms/article/2016/02/BaiduShurufa_2016-2-4_12-18-190.jpga', '西游记是一个经典传奇。', '3', '2016-02-26 12:29:16', '测试简答题', '0', null, '2016-02-26 12:29:16', '1', '1');
INSERT INTO `exam_examine` VALUES ('a21a80d19bd54ae48f9801fe520a4b00', '杨丽鋆是一个好孩子吗？', '/userfiles/1/_thumbs/images/cms/article/2016/02/B/userfiles/1/_thumbs/images/cms/article/2016/02/BaiduShurufa_2016-2-4_12-18-82.jpga', 'X', '2', '2016-02-26 12:29:33', '测试判断题', '0', null, '2016-02-26 12:29:33', '1', '1');
INSERT INTO `exam_examine` VALUES ('a2264d8adf8b4c6e8d81217d3863d238', '话说西游记？', '/userfiles/1/_thumbs/images/cms/article/2016/02/B/userfiles/1/_thumbs/images/cms/article/2016/02/BaiduShurufa_2016-2-4_12-18-37.jpga', '西游记是一个经典传奇。', '3', '2016-02-26 12:39:28', '测试简答题', '0', null, '2016-02-26 12:39:28', '1', '1');
INSERT INTO `exam_examine` VALUES ('a3816a7c94984c95a84d13be9bf04158', '话说西游记？', '/userfiles/1/_thumbs/images/cms/article/2016/02/B/userfiles/1/_thumbs/images/cms/article/2016/02/BaiduShurufa_2016-2-4_12-18-153.jpga', '西游记是一个经典传奇。', '3', '2016-02-26 12:29:11', '测试简答题', '0', null, '2016-02-26 12:29:11', '1', '1');
INSERT INTO `exam_examine` VALUES ('a3f2b6b1e51c4a9381d8973b0162848f', '话说西游记？', '/userfiles/1/_thumbs/images/cms/article/2016/02/B/userfiles/1/_thumbs/images/cms/article/2016/02/BaiduShurufa_2016-2-4_12-18-93.jpga', '西游记是一个经典传奇。', '3', '2016-02-26 12:39:58', '测试简答题', '0', null, '2016-02-26 12:39:58', '1', '1');
INSERT INTO `exam_examine` VALUES ('a401e80a566c443e86c383ab1a191d2e', '杨丽鋆是一个好孩子吗？', '/userfiles/1/_thumbs/images/cms/article/2016/02/B/userfiles/1/_thumbs/images/cms/article/2016/02/BaiduShurufa_2016-2-4_12-18-176.jpga', 'X', '2', '2016-02-26 12:39:59', '测试判断题', '0', null, '2016-02-26 12:39:59', '1', '1');
INSERT INTO `exam_examine` VALUES ('a4e0cb5d9c5e42f2b021f5487719317c', '话说西游记？', '/userfiles/1/_thumbs/images/cms/article/2016/02/B/userfiles/1/_thumbs/images/cms/article/2016/02/BaiduShurufa_2016-2-4_12-18-67.jpga', '西游记是一个经典传奇。', '3', '2016-02-26 12:39:25', '测试简答题', '0', null, '2016-02-26 12:39:25', '1', '1');
INSERT INTO `exam_examine` VALUES ('a5f45efec3f1414eafb3f73169251a84', '杨丽鋆是一个好孩子吗？', '/userfiles/1/_thumbs/images/cms/article/2016/02/B/userfiles/1/_thumbs/images/cms/article/2016/02/BaiduShurufa_2016-2-4_12-18-29.jpga', 'X', '2', '2016-02-26 12:39:24', '测试判断题', '0', null, '2016-02-26 12:39:24', '1', '1');
INSERT INTO `exam_examine` VALUES ('a86b62c725bb48c1a5a629aced504486', '话说西游记？', '/userfiles/1/_thumbs/images/cms/article/2016/02/B/userfiles/1/_thumbs/images/cms/article/2016/02/BaiduShurufa_2016-2-4_12-18-73.jpga', '西游记是一个经典传奇。', '3', '2016-02-26 12:39:49', '测试简答题', '0', null, '2016-02-26 12:39:49', '1', '1');
INSERT INTO `exam_examine` VALUES ('a87af9a4e0174f6f95a2b72a3bfece79', '杨丽鋆是一个好孩子吗？', '/userfiles/1/_thumbs/images/cms/article/2016/02/B/userfiles/1/_thumbs/images/cms/article/2016/02/BaiduShurufa_2016-2-4_12-18-86.jpga', 'X', '2', '2016-02-26 12:39:55', '测试判断题', '0', null, '2016-02-26 12:39:55', '1', '1');
INSERT INTO `exam_examine` VALUES ('a8df7547792a4507bcfb7d62c02f0228', '话说西游记？', '/userfiles/1/_thumbs/images/cms/article/2016/02/B/userfiles/1/_thumbs/images/cms/article/2016/02/BaiduShurufa_2016-2-4_12-18-60.jpga', '西游记是一个经典传奇。', '3', '2016-02-26 12:40:06', '测试简答题', '0', null, '2016-02-26 12:40:06', '1', '1');
INSERT INTO `exam_examine` VALUES ('a8fd81b5f9264e33b99a16e2e4e2f303', '话说西游记？', '/userfiles/1/_thumbs/images/cms/article/2016/02/B/userfiles/1/_thumbs/images/cms/article/2016/02/BaiduShurufa_2016-2-4_12-18-100.jpga', '西游记是一个经典传奇。', '3', '2016-02-26 12:29:37', '测试简答题', '0', null, '2016-02-26 12:29:37', '1', '1');
INSERT INTO `exam_examine` VALUES ('aa1f90ca41db4d1690b675d8b187e14a', '话说西游记？', '/userfiles/1/_thumbs/images/cms/article/2016/02/B/userfiles/1/_thumbs/images/cms/article/2016/02/BaiduShurufa_2016-2-4_12-18-157.jpga', '西游记是一个经典传奇。', '3', '2016-02-26 12:29:12', '测试简答题', '0', null, '2016-02-26 12:29:12', '1', '1');
INSERT INTO `exam_examine` VALUES ('aabe4ab2060449ad8998ec814b39ae86', '杨丽鋆是一个好孩子吗？', '/userfiles/1/_thumbs/images/cms/article/2016/02/B/userfiles/1/_thumbs/images/cms/article/2016/02/BaiduShurufa_2016-2-4_12-18-49.jpga', 'X', '2', '2016-02-26 12:29:25', '测试判断题', '0', null, '2016-02-26 12:29:25', '1', '1');
INSERT INTO `exam_examine` VALUES ('ab4ad18f400e499dbca92453951d84ff', '什么样的孩子是好孩子？ A：爱学习的 B：爱劳动的 C：讨人喜欢的 D：漂亮的', '/userfiles/1/_thumbs/images/cms/article/2016/02/B/userfiles/1/_thumbs/images/cms/article/2016/02/BaiduShurufa_2016-2-4_12-18-38.jpga', 'A', '1', '2016-02-26 12:29:22', '这是一个测试题目。', '0', null, '2016-02-26 12:29:22', '1', '1');
INSERT INTO `exam_examine` VALUES ('abedaf84ef66448ca793ee50f2e5efec', '杨丽鋆是一个好孩子吗？', '/userfiles/1/_thumbs/images/cms/article/2016/02/B/userfiles/1/_thumbs/images/cms/article/2016/02/BaiduShurufa_2016-2-4_12-18-32.jpga', 'X', '2', '2016-02-26 12:40:05', '测试判断题', '0', null, '2016-02-26 12:40:05', '1', '1');
INSERT INTO `exam_examine` VALUES ('aed72ef7c74f40c2b4dd6bade09a6b67', '话说西游记？', '/userfiles/1/_thumbs/images/cms/article/2016/02/B/userfiles/1/_thumbs/images/cms/article/2016/02/BaiduShurufa_2016-2-4_12-18-164.jpga', '西游记是一个经典传奇。', '3', '2016-02-26 12:29:12', '测试简答题', '0', null, '2016-02-26 12:29:12', '1', '1');
INSERT INTO `exam_examine` VALUES ('af076990db284045a1e10129adf32b5b', '话说西游记？', '/userfiles/1/_thumbs/images/cms/article/2016/02/B/userfiles/1/_thumbs/images/cms/article/2016/02/BaiduShurufa_2016-2-4_12-18-47.jpga', '西游记是一个经典传奇。', '3', '2016-02-26 12:39:30', '测试简答题', '0', null, '2016-02-26 12:39:30', '1', '1');
INSERT INTO `exam_examine` VALUES ('afac8670d9c6431294cce107b93a4bd4', '话说西游记？', '/userfiles/1/_thumbs/images/cms/article/2016/02/B/userfiles/1/_thumbs/images/cms/article/2016/02/BaiduShurufa_2016-2-4_12-18-20.jpga', '西游记是一个经典传奇。', '3', '2016-02-26 12:35:02', '测试简答题', '0', null, '2016-02-26 12:35:02', '1', '1');
INSERT INTO `exam_examine` VALUES ('b0b098c1f4ab45cc9ec853ffe28ea8bb', '话说西游记？', '/userfiles/1/_thumbs/images/cms/article/2016/02/B/userfiles/1/_thumbs/images/cms/article/2016/02/BaiduShurufa_2016-2-4_12-18-93.jpga', '西游记是一个经典传奇。', '3', '2016-02-26 12:29:35', '测试简答题', '0', null, '2016-02-26 12:29:35', '1', '1');
INSERT INTO `exam_examine` VALUES ('b272ccff52c243a5b98a9d8f4b1eb0f8', '话说西游记？', '/userfiles/1/_thumbs/images/cms/article/2016/02/B/userfiles/1/_thumbs/images/cms/article/2016/02/BaiduShurufa_2016-2-4_12-18-83.jpga', '西游记是一个经典传奇。西游记是一个经典传奇。西游记是一个经典传奇。', '3', '2016-02-26 12:39:46', '测试简答题', '0', null, '2016-02-26 12:39:46', '1', '1');
INSERT INTO `exam_examine` VALUES ('b27420593b6c46e891ad1e79cce6b977', '话说西游记？', '/userfiles/1/_thumbs/images/cms/article/2016/02/B/userfiles/1/_thumbs/images/cms/article/2016/02/BaiduShurufa_2016-2-4_12-18-83.jpga', '西游记是一个经典传奇。西游记是一个经典传奇。西游记是一个经典传奇。', '3', '2016-02-26 12:29:33', '测试简答题', '0', null, '2016-02-26 12:29:33', '1', '1');
INSERT INTO `exam_examine` VALUES ('b319b205051345249116585368a9f764', '杨丽鋆是一个好孩子吗？', '/userfiles/1/_thumbs/images/cms/article/2016/02/B/userfiles/1/_thumbs/images/cms/article/2016/02/BaiduShurufa_2016-2-4_12-18-189.jpga', 'X', '2', '2016-02-26 12:35:09', '测试判断题', '0', null, '2016-02-26 12:35:09', '1', '1');
INSERT INTO `exam_examine` VALUES ('b3a964d6f9ff4bed9821f9bd895b2b99', '话说西游记？', '/userfiles/1/_thumbs/images/cms/article/2016/02/B/userfiles/1/_thumbs/images/cms/article/2016/02/BaiduShurufa_2016-2-4_12-18-53.jpga', '西游记是一个经典传奇。', '3', '2016-02-26 12:39:34', '测试简答题', '0', null, '2016-02-26 12:39:34', '1', '1');
INSERT INTO `exam_examine` VALUES ('b3eaf181696442ffa43f105fe77dabcb', '杨丽鋆是一个好孩子吗？', '/userfiles/1/_thumbs/images/cms/article/2016/02/B/userfiles/1/_thumbs/images/cms/article/2016/02/BaiduShurufa_2016-2-4_12-18-52.jpga', 'X', '2', '2016-02-26 12:39:32', '测试判断题', '0', null, '2016-02-26 12:39:32', '1', '1');
INSERT INTO `exam_examine` VALUES ('b40da6d88d2944c0870381bec4cc91af', '话说西游记？', '/userfiles/1/_thumbs/images/cms/article/2016/02/B/userfiles/1/_thumbs/images/cms/article/2016/02/BaiduShurufa_2016-2-4_12-18-80.jpga', '西游记是一个经典传奇。', '3', '2016-02-26 12:29:32', '测试简答题', '0', null, '2016-02-26 12:29:32', '1', '1');
INSERT INTO `exam_examine` VALUES ('b452e33329ed4bf198288573fb0bbc1e', '杨丽鋆是一个好孩子吗？', '/userfiles/1/_thumbs/images/cms/article/2016/02/B/userfiles/1/_thumbs/images/cms/article/2016/02/BaiduShurufa_2016-2-4_12-18-96.jpga', 'X', '2', '2016-02-26 12:29:36', '测试判断题', '0', null, '2016-02-26 12:29:36', '1', '1');
INSERT INTO `exam_examine` VALUES ('b520cb4ecbd34be5979e902941e30459', '话说西游记？', '/userfiles/1/_thumbs/images/cms/article/2016/02/B/userfiles/1/_thumbs/images/cms/article/2016/02/BaiduShurufa_2016-2-4_12-18-170.jpga', '西游记是一个经典传奇。', '3', '2016-02-26 12:29:13', '测试简答题', '0', null, '2016-02-26 12:29:13', '1', '1');
INSERT INTO `exam_examine` VALUES ('b53801b844f24c2887feb87e1eebba47', '话说西游记？', '/userfiles/1/_thumbs/images/cms/article/2016/02/B/userfiles/1/_thumbs/images/cms/article/2016/02/BaiduShurufa_2016-2-4_12-18-50.jpga', '西游记是一个经典传奇。', '3', '2016-02-26 12:39:50', '测试简答题', '0', null, '2016-02-26 12:39:50', '1', '1');
INSERT INTO `exam_examine` VALUES ('b5c72295fb304d06ab907fe5c384bc51', '杨丽鋆是一个好孩子吗？', '/userfiles/1/_thumbs/images/cms/article/2016/02/B/userfiles/1/_thumbs/images/cms/article/2016/02/BaiduShurufa_2016-2-4_12-18-46.jpga', 'X', '2', '2016-02-26 12:39:30', '测试判断题', '0', null, '2016-02-26 12:39:30', '1', '1');
INSERT INTO `exam_examine` VALUES ('b66914d95b5544c1b9bea6d7ffa0de53', '话说西游记？', '/userfiles/1/_thumbs/images/cms/article/2016/02/B/userfiles/1/_thumbs/images/cms/article/2016/02/BaiduShurufa_2016-2-4_12-18-90.jpga', '西游记是一个经典传奇。', '3', '2016-02-26 12:39:50', '测试简答题', '0', null, '2016-02-26 12:39:50', '1', '1');
INSERT INTO `exam_examine` VALUES ('b6ef004e7349402c8a60b180929860e2', '话说西游记？', '/userfiles/1/_thumbs/images/cms/article/2016/02/B/userfiles/1/_thumbs/images/cms/article/2016/02/BaiduShurufa_2016-2-4_12-18-7.jpga', '西游记是一个经典传奇。', '3', '2016-02-26 12:39:40', '测试简答题', '0', null, '2016-02-26 12:39:40', '1', '1');
INSERT INTO `exam_examine` VALUES ('b79b2cd1170944e88881e88e028e8909', '床前明月光，疑是地上霜？', '/userfiles/3038a878f1544ec9a919c8f4cf935832/_thumbs/images/exam/2016/02/1%20(3).jpg', 'X', '2', '2016-02-13 23:10:44', '静夜思', '0', null, '2016-02-26 11:33:03', '241cc0cbd080442da47f0d35c8dbd715', '3038a878f1544ec9a919c8f4cf935832');
INSERT INTO `exam_examine` VALUES ('b7ea92cb7c3b406e82e80e7db5fa2715', '杨丽鋆是一个好孩子吗？', '/userfiles/1/_thumbs/images/cms/article/2016/02/B/userfiles/1/_thumbs/images/cms/article/2016/02/BaiduShurufa_2016-2-4_12-18-176.jpga', 'X', '2', '2016-02-26 12:29:15', '测试判断题', '0', null, '2016-02-26 12:29:15', '1', '1');
INSERT INTO `exam_examine` VALUES ('b96e763fc8204c738d8194b8d7925aea', '话说西游记？', '/userfiles/1/_thumbs/images/cms/article/2016/02/B/userfiles/1/_thumbs/images/cms/article/2016/02/BaiduShurufa_2016-2-4_12-18-144.jpga', '西游记是一个经典传奇。', '3', '2016-02-26 12:29:10', '测试简答题', '0', null, '2016-02-26 12:29:10', '1', '1');
INSERT INTO `exam_examine` VALUES ('bc05cf46ed2b49b3b5438bab6f570c1d', '什么样的孩子是好孩子？ A：爱学习的 B：爱劳动的 C：讨人喜欢的 D：漂亮的', '/userfiles/1/_thumbs/images/cms/article/2016/02/B/userfiles/1/_thumbs/images/cms/article/2016/02/BaiduShurufa_2016-2-4_12-18-28.jpga', 'A', '1', '2016-02-26 12:35:04', '这是一个测试题目。', '0', null, '2016-02-26 12:35:04', '1', '1');
INSERT INTO `exam_examine` VALUES ('bc7fe8613ece462fb6ffacd753c57a07', '话说西游记？', '/userfiles/1/_thumbs/images/cms/article/2016/02/B/userfiles/1/_thumbs/images/cms/article/2016/02/BaiduShurufa_2016-2-4_12-18-84.jpga', '西游记是一个经典传奇。', '3', '2016-02-26 12:40:00', '测试简答题', '0', null, '2016-02-26 12:40:00', '1', '1');
INSERT INTO `exam_examine` VALUES ('be0a4e62414748c0bf046a2d7d22bf35', '话说西游记？', '/userfiles/1/_thumbs/images/cms/article/2016/02/B/userfiles/1/_thumbs/images/cms/article/2016/02/BaiduShurufa_2016-2-4_12-18-34.jpga', '西游记是一个经典传奇。', '3', '2016-02-26 12:39:49', '测试简答题', '0', null, '2016-02-26 12:39:49', '1', '1');
INSERT INTO `exam_examine` VALUES ('bffe401e93394d0d811e4b7cfb1b91cb', '话说西游记？', '/userfiles/1/_thumbs/images/Ubuntu-default%20(4).jpg', '西游记是一个经典传奇。', '3', '2016-02-26 12:35:02', '测试简答题', '0', null, '2016-02-26 12:35:02', '1', '1');
INSERT INTO `exam_examine` VALUES ('c04708ddf96a43efaeec9fb516605f19', '话说西游记？', '/userfiles/1/_thumbs/images/cms/article/2016/02/B/userfiles/1/_thumbs/images/cms/article/2016/02/BaiduShurufa_2016-2-4_12-18-153.jpga', '西游记是一个经典传奇。', '3', '2016-02-26 12:39:56', '测试简答题', '0', null, '2016-02-26 12:39:56', '1', '1');
INSERT INTO `exam_examine` VALUES ('c0fb7e3b547a4bcea24ba6325d9892d5', '杨丽鋆是一个好孩子吗？', '/userfiles/1/_thumbs/images/cms/article/2016/02/B/userfiles/1/_thumbs/images/cms/article/2016/02/BaiduShurufa_2016-2-4_12-18-26.jpga', 'X', '2', '2016-02-26 12:29:20', '测试判断题', '0', null, '2016-02-26 12:29:20', '1', '1');
INSERT INTO `exam_examine` VALUES ('c121acfe491a48d59a1c7adc353013dc', '什么样的孩子是好孩子？ A：爱学习的 B：爱劳动的 C：讨人喜欢的 D：漂亮的', '/userfiles/1/_thumbs/images/cms/article/2016/02/B/userfiles/1/_thumbs/images/cms/article/2016/02/BaiduShurufa_2016-2-4_12-18-45.jpga', 'A', '1', '2016-02-26 12:39:48', '这是一个测试题目。', '0', null, '2016-02-26 12:39:48', '1', '1');
INSERT INTO `exam_examine` VALUES ('c23860e834fa4b6e83fff18c0033b52e', '话说西游记？', '/userfiles/1/_thumbs/images/cms/article/2016/02/B/userfiles/1/_thumbs/images/cms/article/2016/02/BaiduShurufa_2016-2-4_12-18-64.jpga', '西游记是一个经典传奇。', '3', '2016-02-26 12:39:42', '测试简答题', '0', null, '2016-02-26 12:39:42', '1', '1');
INSERT INTO `exam_examine` VALUES ('c28801c85a4c44918bac59b9e473658b', '什么样的孩子是好孩子？ A：爱学习的 B：爱劳动的 C：讨人喜欢的 D：漂亮的', '/userfiles/1/_thumbs/images/cms/article/2016/02/B/userfiles/1/_thumbs/images/cms/article/2016/02/BaiduShurufa_2016-2-4_12-18-41.jpga', 'A', '1', '2016-02-26 12:39:29', '这是一个测试题目。', '0', null, '2016-02-26 12:39:29', '1', '1');
INSERT INTO `exam_examine` VALUES ('c3ba768fb45e483eb4c74402363d7c6d', '什么样的孩子是好孩子？ A：爱学习的 B：爱劳动的 C：讨人喜欢的 D：漂亮的', '/userfiles/1/_thumbs/images/cms/article/2016/02/B/userfiles/1/_thumbs/images/cms/article/2016/02/BaiduShurufa_2016-2-4_12-18-78.jpga', 'A', '1', '2016-02-26 12:40:08', '这是一个测试题目。', '0', null, '2016-02-26 12:40:08', '1', '1');
INSERT INTO `exam_examine` VALUES ('c4b0c8a52eb74fe4ab6e578ce5b5933f', '话说西游记？', '/userfiles/1/_thumbs/images/cms/article/2016/02/B/userfiles/1/_thumbs/images/cms/article/2016/02/BaiduShurufa_2016-2-4_12-18-97.jpga', '西游记是一个经典传奇。', '3', '2016-02-26 12:39:53', '测试简答题', '0', null, '2016-02-26 12:39:53', '1', '1');
INSERT INTO `exam_examine` VALUES ('c5099cc46fbb4b4ca608e8b4252bc048', '话说西游记？', '/userfiles/1/_thumbs/images/cms/article/2016/02/B/userfiles/1/_thumbs/images/cms/article/2016/02/BaiduShurufa_2016-2-4_12-18-194.jpga', '西游记是一个经典传奇。', '3', '2016-02-26 12:35:10', '测试简答题', '0', null, '2016-02-26 12:35:10', '1', '1');
INSERT INTO `exam_examine` VALUES ('c51bdb1775f0474d906260ecbced8ea4', '话说西游记？', '/userfiles/1/_thumbs/images/cms/article/2016/02/B/userfiles/1/_thumbs/images/cms/article/2016/02/BaiduShurufa_2016-2-4_12-18-37.jpga', '西游记是一个经典传奇。', '3', '2016-02-26 12:29:22', '测试简答题', '0', null, '2016-02-26 12:29:22', '1', '1');
INSERT INTO `exam_examine` VALUES ('c54e496ee704480db76286fa4106f637', '话说西游记？', '/userfiles/1/_thumbs/images/cms/article/2016/02/B/userfiles/1/_thumbs/images/cms/article/2016/02/BaiduShurufa_2016-2-4_12-18-70.jpga', '西游记是一个经典传奇。', '3', '2016-02-26 12:39:41', '测试简答题', '0', null, '2016-02-26 12:39:41', '1', '1');
INSERT INTO `exam_examine` VALUES ('c5ef2c432b114a3eaf0bc858f789952a', '话说西游记？', '/userfiles/1/_thumbs/images/cms/article/2016/02/B/userfiles/1/_thumbs/images/cms/article/2016/02/BaiduShurufa_2016-2-4_12-18-57.jpga', '西游记是一个经典传奇。', '3', '2016-02-26 12:29:27', '测试简答题', '0', null, '2016-02-26 12:29:27', '1', '1');
INSERT INTO `exam_examine` VALUES ('c600e4793ec147df8a61ba1c635b18ab', '话说西游记？', '/userfiles/1/_thumbs/images/cms/article/2016/02/B/userfiles/1/_thumbs/images/cms/article/2016/02/BaiduShurufa_2016-2-4_12-18-84.jpga', '西游记是一个经典传奇。', '3', '2016-02-26 12:29:33', '测试简答题', '0', null, '2016-02-26 12:29:33', '1', '1');
INSERT INTO `exam_examine` VALUES ('c602ab2341374d07b541e051f6abdb99', '什么样的孩子是好孩子？ A：爱学习的 B：爱劳动的 C：讨人喜欢的 D：漂亮的', '/userfiles/1/_thumbs/images/cms/article/2016/02/B/userfiles/1/_thumbs/images/cms/article/2016/02/BaiduShurufa_2016-2-4_12-18-55.jpga', 'A', '1', '2016-02-26 12:39:26', '这是一个测试题目。', '0', null, '2016-02-26 12:39:26', '1', '1');
INSERT INTO `exam_examine` VALUES ('c606feb5a4bd47388849070d5a013d87', '话说西游记？', '/userfiles/1/_thumbs/images/cms/article/2016/02/B/userfiles/1/_thumbs/images/cms/article/2016/02/BaiduShurufa_2016-2-4_12-18-27.jpga', '西游记是一个经典传奇。', '3', '2016-02-26 12:29:20', '测试简答题', '0', null, '2016-02-26 12:29:20', '1', '1');
INSERT INTO `exam_examine` VALUES ('c68b6a7ca5d343019be26f4ce5cee2dd', '杨丽鋆是一个好孩子吗？', '/userfiles/1/_thumbs/images/cms/article/2016/02/B/userfiles/1/_thumbs/images/cms/article/2016/02/BaiduShurufa_2016-2-4_12-18-42.jpga', 'X', '2', '2016-02-26 12:35:12', '测试判断题', '0', null, '2016-02-26 12:35:12', '1', '1');
INSERT INTO `exam_examine` VALUES ('c68fc3ed9ba44294952a5c6af38739fd', '话说西游记？', '/userfiles/1/_thumbs/images/cms/article/2016/02/B/userfiles/1/_thumbs/images/cms/article/2016/02/BaiduShurufa_2016-2-4_12-18-107.jpga', '西游记是一个经典传奇。', '3', '2016-02-26 12:28:17', '测试简答题', '0', null, '2016-02-26 12:28:17', '1', '1');
INSERT INTO `exam_examine` VALUES ('c6c16181c840455787a5f2a346dd93c6', '什么样的孩子是好孩子？ A：爱学习的 B：爱劳动的 C：讨人喜欢的 D：漂亮的', '/userfiles/1/_thumbs/images/cms/article/2016/02/B/userfiles/1/_thumbs/images/cms/article/2016/02/BaiduShurufa_2016-2-4_12-18-55.jpga', 'A', '1', '2016-02-26 12:39:34', '这是一个测试题目。', '0', null, '2016-02-26 12:39:34', '1', '1');
INSERT INTO `exam_examine` VALUES ('c7c6a3989191411fbf465815a8b3dadb', '话说西游记？', '/userfiles/1/_thumbs/images/cms/article/2016/02/B/userfiles/1/_thumbs/images/cms/article/2016/02/BaiduShurufa_2016-2-4_12-18-83.jpga', '西游记是一个经典传奇。西游记是一个经典传奇。西游记是一个经典传奇。', '3', '2016-02-26 12:39:58', '测试简答题', '0', null, '2016-02-26 12:39:58', '1', '1');
INSERT INTO `exam_examine` VALUES ('c805e11b42be471984c972cd97005bc9', '杨丽鋆是一个好孩子吗？', '/userfiles/1/_thumbs/images/cms/article/2016/02/B/userfiles/1/_thumbs/images/cms/article/2016/02/BaiduShurufa_2016-2-4_12-18-79.jpga', 'X', '2', '2016-02-26 12:29:32', '测试判断题', '0', null, '2016-02-26 12:29:32', '1', '1');
INSERT INTO `exam_examine` VALUES ('c8a825fbd59e403ca6b45ade1be07efc', '杨丽鋆是一个好孩子吗？', '/userfiles/1/_thumbs/images/cms/article/2016/02/B/userfiles/1/_thumbs/images/cms/article/2016/02/BaiduShurufa_2016-2-4_12-18-56.jpga', 'X', '2', '2016-02-26 12:39:35', '测试判断题', '0', null, '2016-02-26 12:39:35', '1', '1');
INSERT INTO `exam_examine` VALUES ('c90b6cd273b2440994aa453f945a3744', '话说西游记？', '/userfiles/1/_thumbs/images/cms/article/2016/02/B/userfiles/1/_thumbs/images/cms/article/2016/02/BaiduShurufa_2016-2-4_12-18-183.jpga', '西游记是一个经典传奇。', '3', '2016-02-26 12:29:15', '测试简答题', '0', null, '2016-02-26 12:29:15', '1', '1');
INSERT INTO `exam_examine` VALUES ('c9e7454bb67c4f5893bf0adc2d596ecb', '什么样的孩子是好孩子？ A：爱学习的 B：爱劳动的 C：讨人喜欢的 D：漂亮的', '/userfiles/1/_thumbs/images/cms/article/2016/02/B/userfiles/1/_thumbs/images/cms/article/2016/02/BaiduShurufa_2016-2-4_12-18-61.jpga', 'A', '1', '2016-02-26 12:29:28', '这是一个测试题目。', '0', null, '2016-02-26 12:29:28', '1', '1');
INSERT INTO `exam_examine` VALUES ('ca44969873e246aeb27c317840eaa8fc', '杨丽鋆是一个好孩子吗？', '/userfiles/1/_thumbs/images/cms/article/2016/02/B/userfiles/1/_thumbs/images/cms/article/2016/02/BaiduShurufa_2016-2-4_12-18-46.jpga', 'X', '2', '2016-02-26 12:39:38', '测试判断题', '0', null, '2016-02-26 12:39:38', '1', '1');
INSERT INTO `exam_examine` VALUES ('ca8882d6844946bb93c310164aec945b', '杨丽鋆是一个好孩子吗？', '/userfiles/1/_thumbs/images/cms/article/2016/02/B/userfiles/1/_thumbs/images/cms/article/2016/02/BaiduShurufa_2016-2-4_12-18-36.jpga', 'X', '2', '2016-02-26 12:39:27', '测试判断题', '0', null, '2016-02-26 12:39:27', '1', '1');
INSERT INTO `exam_examine` VALUES ('caefdf1fadb94b2eb533f05956c24c9b', '话说西游记？', '/userfiles/1/_thumbs/images/cms/article/2016/02/B/userfiles/1/_thumbs/images/cms/article/2016/02/BaiduShurufa_2016-2-4_12-18-90.jpga', '西游记是一个经典传奇。', '3', '2016-02-26 12:40:05', '测试简答题', '0', null, '2016-02-26 12:40:05', '1', '1');
INSERT INTO `exam_examine` VALUES ('caf864b1df4a4c9e935594a207e72f9b', '话说西游记？', '/userfiles/1/_thumbs/images/cms/article/2016/02/B/userfiles/1/_thumbs/images/cms/article/2016/02/BaiduShurufa_2016-2-4_12-18-203.jpga', '西游记是一个经典传奇。', '3', '2016-02-26 12:29:19', '测试简答题', '0', null, '2016-02-26 12:29:19', '1', '1');
INSERT INTO `exam_examine` VALUES ('cc674147787e41ba987a3ba79b2ab1e5', '话说西游记？', '/userfiles/1/_thumbs/images/cms/article/2016/02/B/userfiles/1/_thumbs/images/cms/article/2016/02/BaiduShurufa_2016-2-4_12-18-33.jpga', '西游记是一个经典传奇。', '3', '2016-02-26 12:39:27', '测试简答题', '0', null, '2016-02-26 12:39:27', '1', '1');
INSERT INTO `exam_examine` VALUES ('cdc2248f120b4fc396c0c38b3776d3e5', '床前明月光，疑是地上霜？', '/userfiles/3038a878f1544ec9a919c8f4cf935832/_thumbs/images/exam/2016/02/1%20(3).jpg', 'X', '2', '2016-02-26 12:39:59', '静夜思', '0', null, '2016-02-26 12:39:59', '1', '1');
INSERT INTO `exam_examine` VALUES ('cf4dfbff102641a59f8be420ebc9b9e5', '话说西游记？', '/userfiles/1/_thumbs/images/cms/article/2016/02/B/userfiles/1/_thumbs/images/cms/article/2016/02/BaiduShurufa_2016-2-4_12-18-40.jpga', '西游记是一个经典传奇。', '3', '2016-02-26 12:29:23', '测试简答题', '0', null, '2016-02-26 12:29:23', '1', '1');
INSERT INTO `exam_examine` VALUES ('cf8000c537274991a119b7cdf3bee78d', '话说西游记？', '/userfiles/1/_thumbs/images/cms/article/2016/02/B/userfiles/1/_thumbs/images/cms/article/2016/02/BaiduShurufa_2016-2-4_12-18-70.jpga', '西游记是一个经典传奇。', '3', '2016-02-26 12:35:07', '测试简答题', '0', null, '2016-02-26 12:35:07', '1', '1');
INSERT INTO `exam_examine` VALUES ('cff5723a1e3648a2abad905e82cd813c', '话说西游记？', '/userfiles/1/_thumbs/images/cms/article/2016/02/B/userfiles/1/_thumbs/images/cms/article/2016/02/BaiduShurufa_2016-2-4_12-18-187.jpga', '西游记是一个经典传奇。', '3', '2016-02-26 12:40:04', '测试简答题', '0', null, '2016-02-26 12:40:04', '1', '1');
INSERT INTO `exam_examine` VALUES ('d0546622c7f14a0ab086ab9b903bb3d8', '话说西游记？', '/userfiles/1/_thumbs/images/cms/article/2016/02/B/userfiles/1/_thumbs/images/cms/article/2016/02/BaiduShurufa_2016-2-4_12-18-203.jpga', '西游记是一个经典传奇。', '3', '2016-02-26 12:40:01', '测试简答题', '0', null, '2016-02-26 12:40:01', '1', '1');
INSERT INTO `exam_examine` VALUES ('d0c3c9ad6bcd469990141320ce7d9714', '话说西游记？', '/userfiles/1/_thumbs/images/cms/article/2016/02/B/userfiles/1/_thumbs/images/cms/article/2016/02/BaiduShurufa_2016-2-4_12-18-157.jpga', '西游记是一个经典传奇。', '3', '2016-02-26 12:39:57', '测试简答题', '0', null, '2016-02-26 12:39:57', '1', '1');
INSERT INTO `exam_examine` VALUES ('d215ec62912d4e1aa3bfabb43af36ae7', '话说西游记？', '/userfiles/1/_thumbs/images/cms/article/2016/02/B/userfiles/1/_thumbs/images/cms/article/2016/02/BaiduShurufa_2016-2-4_12-18-167.jpga', '西游记是一个经典传奇。', '3', '2016-02-26 12:29:12', '测试简答题', '0', null, '2016-02-26 12:29:12', '1', '1');
INSERT INTO `exam_examine` VALUES ('d2cafd2dc4bb461ab59c50a9cfd948b7', '杨丽鋆是一个好孩子吗？', '/userfiles/1/_thumbs/images/cms/article/2016/02/B/userfiles/1/_thumbs/images/cms/article/2016/02/BaiduShurufa_2016-2-4_12-18-22.jpga', 'X', '2', '2016-02-26 12:35:10', '测试判断题', '0', null, '2016-02-26 12:35:10', '1', '1');
INSERT INTO `exam_examine` VALUES ('d689296229554789a1371d47f7ce27b3', '杨丽鋆是一个好孩子吗？', '/userfiles/1/_thumbs/images/cms/article/2016/02/B/userfiles/1/_thumbs/images/cms/article/2016/02/BaiduShurufa_2016-2-4_12-18-42.jpga', 'X', '2', '2016-02-26 12:39:29', '测试判断题', '0', null, '2016-02-26 12:39:29', '1', '1');
INSERT INTO `exam_examine` VALUES ('d6d5dd3b692643d28cb8c4ad068ed834', '什么样的孩子是好孩子？ A：爱学习的 B：爱劳动的 C：讨人喜欢的 D：漂亮的', '/userfiles/1/_thumbs/images/cms/article/2016/02/B/userfiles/1/_thumbs/images/cms/article/2016/02/BaiduShurufa_2016-2-4_12-18-68.jpga', 'A', '1', '2016-02-26 12:35:12', '这是一个测试题目。', '0', null, '2016-02-26 12:35:12', '1', '1');
INSERT INTO `exam_examine` VALUES ('d809d94962ff46fa9912b204aa1f142a', '话说西游记？', '/userfiles/1/_thumbs/images/cms/article/2016/02/B/userfiles/1/_thumbs/images/cms/article/2016/02/BaiduShurufa_2016-2-4_12-18-80.jpga', '西游记是一个经典传奇。', '3', '2016-02-26 12:39:44', '测试简答题', '0', null, '2016-02-26 12:39:44', '1', '1');
INSERT INTO `exam_examine` VALUES ('d8a16901da7a4bbd8742c1162da0f2d3', '话说西游记？', '/userfiles/1/_thumbs/images/cms/article/2016/02/B/userfiles/1/_thumbs/images/cms/article/2016/02/BaiduShurufa_2016-2-4_12-18-200.jpga', '西游记是一个经典传奇。', '3', '2016-02-26 12:39:42', '测试简答题', '0', null, '2016-02-26 12:39:42', '1', '1');
INSERT INTO `exam_examine` VALUES ('d908884d521542d7acb8ef38901158f9', '话说西游记？', '/userfiles/1/_thumbs/images/cms/article/2016/02/B/userfiles/1/_thumbs/images/cms/article/2016/02/BaiduShurufa_2016-2-4_12-18-44.jpga', '西游记是一个经典传奇。', '3', '2016-02-26 12:39:30', '测试简答题', '0', null, '2016-02-26 12:39:30', '1', '1');
INSERT INTO `exam_examine` VALUES ('d935121c8dd54f268033c386cc7314b1', '杨丽鋆是一个好孩子吗？', '/userfiles/1/_thumbs/images/cms/article/2016/02/B/userfiles/1/_thumbs/images/cms/article/2016/02/BaiduShurufa_2016-2-4_12-18-76.jpga', 'X', '2', '2016-02-26 12:29:31', '测试判断题', '0', null, '2016-02-26 12:29:31', '1', '1');
INSERT INTO `exam_examine` VALUES ('d950bceca9394b7196c5181265e342f9', '话说西游记？', '/userfiles/1/_thumbs/images/cms/article/2016/02/B/userfiles/1/_thumbs/images/cms/article/2016/02/BaiduShurufa_2016-2-4_12-18-43.jpga', '西游记是一个经典传奇。', '3', '2016-02-26 12:29:24', '测试简答题', '0', null, '2016-02-26 12:29:24', '1', '1');
INSERT INTO `exam_examine` VALUES ('d98bbe352e8e4f4b8c1f6f27c3140b9c', '什么样的孩子是好孩子？ A：爱学习的 B：爱劳动的 C：讨人喜欢的 D：漂亮的', '/userfiles/1/_thumbs/images/cms/article/2016/02/B/userfiles/1/_thumbs/images/cms/article/2016/02/BaiduShurufa_2016-2-4_12-18-38.jpga', 'A', '1', '2016-02-26 12:39:28', '这是一个测试题目。', '0', null, '2016-02-26 12:39:28', '1', '1');
INSERT INTO `exam_examine` VALUES ('d9a5477a7d1f4bc4905db3f93e70142d', '杨丽鋆是一个好孩子吗？', '/userfiles/1/_thumbs/images/cms/article/2016/02/B/userfiles/1/_thumbs/images/cms/article/2016/02/BaiduShurufa_2016-2-4_12-18-56.jpga', 'X', '2', '2016-02-26 12:29:27', '测试判断题', '0', null, '2016-02-26 12:29:27', '1', '1');
INSERT INTO `exam_examine` VALUES ('da52de4826504b0bb2e4e886e7404e26', '话说西游记？', '/userfiles/1/_thumbs/images/cms/article/2016/02/B/userfiles/1/_thumbs/images/cms/article/2016/02/BaiduShurufa_2016-2-4_12-18-187.jpga', '西游记是一个经典传奇。', '3', '2016-02-26 12:29:16', '测试简答题', '0', null, '2016-02-26 12:29:16', '1', '1');
INSERT INTO `exam_examine` VALUES ('daf3914b494b484e8e7101e871ec8255', '杨丽鋆是一个好孩子吗？', '/userfiles/1/_thumbs/images/cms/article/2016/02/B/userfiles/1/_thumbs/images/cms/article/2016/02/BaiduShurufa_2016-2-4_12-18-199.jpga', 'X', '2', '2016-02-26 12:39:38', '测试判断题', '0', null, '2016-02-26 12:39:38', '1', '1');
INSERT INTO `exam_examine` VALUES ('dbaec01c48b24a4a965e468a25329f60', '杨丽鋆是一个好孩子吗？', '/userfiles/1/_thumbs/images/cms/article/2016/02/B/userfiles/1/_thumbs/images/cms/article/2016/02/BaiduShurufa_2016-2-4_12-18-62.jpga', 'X', '2', '2016-02-26 12:39:37', '测试判断题', '0', null, '2016-02-26 12:39:37', '1', '1');
INSERT INTO `exam_examine` VALUES ('dbdec6719d564b309ba581c0885306db', '话说西游记？', '/userfiles/1/_thumbs/images/cms/article/2016/02/B/userfiles/1/_thumbs/images/cms/article/2016/02/BaiduShurufa_2016-2-4_12-18-193.jpga', '西游记是一个经典传奇。', '3', '2016-02-26 12:29:17', '测试简答题', '0', null, '2016-02-26 12:29:17', '1', '1');
INSERT INTO `exam_examine` VALUES ('dc79fde5116c4d9d8b649e4c27730a92', '什么样的孩子是好孩子？ A：爱学习的 B：爱劳动的 C：讨人喜欢的 D：漂亮的', '/userfiles/1/_thumbs/images/a2.jpg', 'A', '1', '2016-02-26 12:35:13', '这是一个测试题目。', '0', null, '2016-02-26 12:35:13', '1', '1');
INSERT INTO `exam_examine` VALUES ('dcded3062f6447cf8ec8b81817182fa2', '话说西游记？', '/userfiles/1/_thumbs/images/cms/article/2016/02/B/userfiles/1/_thumbs/images/cms/article/2016/02/BaiduShurufa_2016-2-4_12-18-37.jpga', '西游记是一个经典传奇。', '3', '2016-02-26 12:40:00', '测试简答题', '0', null, '2016-02-26 12:40:00', '1', '1');
INSERT INTO `exam_examine` VALUES ('dd6dbe609d1e4ed7877030eb6ea093bf', '话说西游记？', '/userfiles/1/_thumbs/images/cms/article/2016/02/B/userfiles/1/_thumbs/images/cms/article/2016/02/BaiduShurufa_2016-2-4_12-18-77.jpga', '西游记是一个经典传奇。', '3', '2016-02-26 12:29:32', '测试简答题', '0', null, '2016-02-26 12:29:32', '1', '1');
INSERT INTO `exam_examine` VALUES ('df2c920af9684d4cbb051c35ddea5bba', '话说西游记？', '/userfiles/1/_thumbs/images/cms/article/2016/02/B/userfiles/1/_thumbs/images/cms/article/2016/02/BaiduShurufa_2016-2-4_12-18-93.jpga', '西游记是一个经典传奇。', '3', '2016-02-26 12:39:51', '测试简答题', '0', null, '2016-02-26 12:39:51', '1', '1');
INSERT INTO `exam_examine` VALUES ('e1afc86ff38f48fcb367ef04cec1d555', '什么样的孩子是好孩子？ A：爱学习的 B：爱劳动的 C：讨人喜欢的 D：漂亮的', '/userfiles/1/_thumbs/images/cms/article/2016/02/B/userfiles/1/_thumbs/images/cms/article/2016/02/BaiduShurufa_2016-2-4_12-18-198.jpga', 'A', '1', '2016-02-26 12:29:18', '这是一个测试题目。', '0', null, '2016-02-26 12:29:18', '1', '1');
INSERT INTO `exam_examine` VALUES ('e3fc735ca0db4564bc744c19ad0d44a1', '话说西游记？', '/userfiles/1/_thumbs/images/cms/article/2016/02/B/userfiles/1/_thumbs/images/cms/article/2016/02/BaiduShurufa_2016-2-4_12-18-143.jpga', '西游记是一个经典传奇。', '3', '2016-02-26 12:35:03', '测试简答题', '0', null, '2016-02-26 12:35:03', '1', '1');
INSERT INTO `exam_examine` VALUES ('e52eb90652784ed08030676a1ff2ce7d', '杨丽鋆是一个好孩子吗？', '/userfiles/1/_thumbs/images/cms/article/2016/02/B/userfiles/1/_thumbs/images/cms/article/2016/02/BaiduShurufa_2016-2-4_12-18-26.jpga', 'X', '2', '2016-02-26 12:39:59', '测试判断题', '0', null, '2016-02-26 12:39:59', '1', '1');
INSERT INTO `exam_examine` VALUES ('e59c43bbe4814ae584f94a8a78e308be', '杨丽鋆是一个好孩子吗？', '/userfiles/1/_thumbs/images/cms/article/2016/02/B/userfiles/1/_thumbs/images/cms/article/2016/02/BaiduShurufa_2016-2-4_12-18-82.jpga', 'X', '2', '2016-02-26 12:39:56', '测试判断题', '0', null, '2016-02-26 12:39:56', '1', '1');
INSERT INTO `exam_examine` VALUES ('e5ca7c005cf54edcbc647c4b9e4a4d28', '话说西游记？', '/userfiles/1/_thumbs/images/cms/article/2016/02/B/userfiles/1/_thumbs/images/cms/article/2016/02/BaiduShurufa_2016-2-4_12-18-167.jpga', '西游记是一个经典传奇。', '3', '2016-02-26 12:40:02', '测试简答题', '0', null, '2016-02-26 12:40:02', '1', '1');
INSERT INTO `exam_examine` VALUES ('e6f0e2859900439494e3053f93baa29a', '话说西游记？', '/userfiles/1/_thumbs/images/cms/article/2016/02/B/userfiles/1/_thumbs/images/cms/article/2016/02/BaiduShurufa_2016-2-4_12-18-90.jpga', '西游记是一个经典传奇。', '3', '2016-02-26 12:29:34', '测试简答题', '0', null, '2016-02-26 12:29:34', '1', '1');
INSERT INTO `exam_examine` VALUES ('e6f83c52e4a243bea75decd1639c5080', '话说西游记？', '/userfiles/1/_thumbs/images/cms/article/2016/02/B/userfiles/1/_thumbs/images/cms/article/2016/02/BaiduShurufa_2016-2-4_12-18-197.jpga', '西游记是一个经典传奇。', '3', '2016-02-26 12:35:06', '测试简答题', '0', null, '2016-02-26 12:35:06', '1', '1');
INSERT INTO `exam_examine` VALUES ('e767f46373f243d19a1e6ac8400939c2', '话说西游记？', '/userfiles/1/_thumbs/images/cms/article/2016/02/B/userfiles/1/_thumbs/images/cms/article/2016/02/BaiduShurufa_2016-2-4_12-18-170.jpga', '西游记是一个经典传奇。', '3', '2016-02-26 12:35:06', '测试简答题', '0', null, '2016-02-26 12:35:06', '1', '1');
INSERT INTO `exam_examine` VALUES ('e817e67c02dc4b2c8347a83c7f197225', '话说西游记？', '/userfiles/1/_thumbs/images/cms/article/2016/02/B/userfiles/1/_thumbs/images/cms/article/2016/02/BaiduShurufa_2016-2-4_12-18-54.jpga', '西游记是一个经典传奇。', '3', '2016-02-26 12:39:54', '测试简答题', '0', null, '2016-02-26 12:39:54', '1', '1');
INSERT INTO `exam_examine` VALUES ('e8188c721438463d8614636cd606395b', '杨丽鋆是一个好孩子吗？', '/userfiles/1/_thumbs/images/cms/article/2016/02/B/userfiles/1/_thumbs/images/cms/article/2016/02/BaiduShurufa_2016-2-4_12-18-62.jpga', 'X', '2', '2016-02-26 12:39:37', '测试判断题', '0', null, '2016-02-26 12:39:37', '1', '1');
INSERT INTO `exam_examine` VALUES ('e91a11e531a8430bb0dbc03986b016c8', '话说西游记？', '/userfiles/1/_thumbs/images/cms/article/2016/02/B/userfiles/1/_thumbs/images/cms/article/2016/02/BaiduShurufa_2016-2-4_12-18-57.jpga', '西游记是一个经典传奇。', '3', '2016-02-26 12:39:35', '测试简答题', '0', null, '2016-02-26 12:39:35', '1', '1');
INSERT INTO `exam_examine` VALUES ('e969ac6266e54500862caa131bea9a41', '杨丽鋆是一个好孩子吗？', '/userfiles/1/_thumbs/images/cms/article/2016/02/B/userfiles/1/_thumbs/images/cms/article/2016/02/BaiduShurufa_2016-2-4_12-18-32.jpga', 'X', '2', '2016-02-26 12:29:21', '测试判断题', '0', null, '2016-02-26 12:29:21', '1', '1');
INSERT INTO `exam_examine` VALUES ('ede8379886e54c68ae3f5b33533d6b7b', '什么样的孩子是好孩子？ A：爱学习的 B：爱劳动的 C：讨人喜欢的 D：漂亮的', '/userfiles/1/_thumbs/images/cms/article/2016/02/B/userfiles/1/_thumbs/images/cms/article/2016/02/BaiduShurufa_2016-2-4_12-18-71.jpga', 'A', '1', '2016-02-26 12:29:31', '这是一个测试题目。', '0', null, '2016-02-26 12:29:31', '1', '1');
INSERT INTO `exam_examine` VALUES ('eebdca7d486e481d9a181cf521354e25', '话说西游记？', '/userfiles/1/_thumbs/images/cms/article/2016/02/B/userfiles/1/_thumbs/images/cms/article/2016/02/BaiduShurufa_2016-2-4_12-18-23.jpga', '西游记是一个经典传奇。', '3', '2016-02-26 12:29:19', '测试简答题', '0', null, '2016-02-26 12:29:19', '1', '1');
INSERT INTO `exam_examine` VALUES ('f04f6648f22e4c2fbedfe87bdf6a9a55', '话说西游记？', '/userfiles/1/_thumbs/images/cms/article/2016/02/B/userfiles/1/_thumbs/images/cms/article/2016/02/BaiduShurufa_2016-2-4_12-18-60.jpga', '西游记是一个经典传奇。', '3', '2016-02-26 12:29:28', '测试简答题', '0', null, '2016-02-26 12:29:28', '1', '1');
INSERT INTO `exam_examine` VALUES ('f0965d0e790d4fadb80a78cb133ac790', '什么样的孩子是好孩子？ A：爱学习的 B：爱劳动的 C：讨人喜欢的 D：漂亮的', '/userfiles/1/_thumbs/images/cms/article/2016/02/B/userfiles/1/_thumbs/images/cms/article/2016/02/BaiduShurufa_2016-2-4_12-18-65.jpga', 'A', '1', '2016-02-26 12:29:29', '这是一个测试题目。', '0', null, '2016-02-26 12:29:29', '1', '1');
INSERT INTO `exam_examine` VALUES ('f18c447cf90c4558a64d539538663080', '杨丽鋆是一个好孩子吗？', '/userfiles/1/_thumbs/images/cms/article/2016/02/B/userfiles/1/_thumbs/images/cms/article/2016/02/BaiduShurufa_2016-2-4_12-18-79.jpga', 'X', '2', '2016-02-26 12:39:44', '测试判断题', '0', null, '2016-02-26 12:39:44', '1', '1');
INSERT INTO `exam_examine` VALUES ('f3a47f825d294e41be13a20b98681b2f', '话说西游记？', '/userfiles/1/_thumbs/images/cms/article/2016/02/B/userfiles/1/_thumbs/images/cms/article/2016/02/BaiduShurufa_2016-2-4_12-18-20.jpga', '西游记是一个经典传奇。', '3', '2016-02-26 12:35:07', '测试简答题', '0', null, '2016-02-26 12:35:07', '1', '1');
INSERT INTO `exam_examine` VALUES ('f549b1a3558a4fd6bdad3644635cd6f3', '杨丽鋆是一个好孩子吗？', '/userfiles/1/_thumbs/images/cms/article/2016/02/B/userfiles/1/_thumbs/images/cms/article/2016/02/BaiduShurufa_2016-2-4_12-18-76.jpga', 'X', '2', '2016-02-26 12:40:03', '测试判断题', '0', null, '2016-02-26 12:40:03', '1', '1');
INSERT INTO `exam_examine` VALUES ('f7240313560d423ba06300979446f2f3', '话说西游记？', '/userfiles/1/_thumbs/images/cms/article/2016/02/B/userfiles/1/_thumbs/images/cms/article/2016/02/BaiduShurufa_2016-2-4_12-18-23.jpga', '西游记是一个经典传奇。', '3', '2016-02-26 12:40:06', '测试简答题', '0', null, '2016-02-26 12:40:06', '1', '1');
INSERT INTO `exam_examine` VALUES ('f739ba16d89f46c8b79ea78e30df323b', '杨丽鋆是一个好孩子吗？', '/userfiles/1/_thumbs/images/cms/article/2016/02/B/userfiles/1/_thumbs/images/cms/article/2016/02/BaiduShurufa_2016-2-4_12-18-202.jpga', 'X', '2', '2016-02-26 12:39:30', '测试判断题', '0', null, '2016-02-26 12:39:30', '1', '1');
INSERT INTO `exam_examine` VALUES ('f74b81db8e3648eca5fac2b706bcea99', '话说西游记？', '/userfiles/1/_thumbs/images/cms/article/2016/02/B/userfiles/1/_thumbs/images/cms/article/2016/02/BaiduShurufa_2016-2-4_12-18-87.jpga', '西游记是一个经典传奇。', '3', '2016-02-26 12:39:33', '测试简答题', '0', null, '2016-02-26 12:39:33', '1', '1');
INSERT INTO `exam_examine` VALUES ('f7aeea4253e14d5e906de1666492289d', '话说西游记？', '/userfiles/1/_thumbs/images/cms/article/2016/02/B/userfiles/1/_thumbs/images/cms/article/2016/02/BaiduShurufa_2016-2-4_12-18-164.jpga', '西游记是一个经典传奇。', '3', '2016-02-26 12:35:06', '测试简答题', '0', null, '2016-02-26 12:35:06', '1', '1');
INSERT INTO `exam_examine` VALUES ('f987c408927e43a69959339c09457e42', '什么样的孩子是好孩子？ A：爱学习的 B：爱劳动的 C：讨人喜欢的 D：漂亮的', '/userfiles/1/_thumbs/images/cms/article/2016/02/B/userfiles/1/_thumbs/images/cms/article/2016/02/BaiduShurufa_2016-2-4_12-18-95.jpga', 'A', '1', '2016-02-26 12:29:36', '这是一个测试题目。', '0', null, '2016-02-26 12:29:36', '1', '1');
INSERT INTO `exam_examine` VALUES ('f9c4afaa532a4861b21fc4d96350fcda', '杨丽鋆是一个好孩子吗？', '/userfiles/1/_thumbs/images/cms/article/2016/02/B/userfiles/1/_thumbs/images/cms/article/2016/02/BaiduShurufa_2016-2-4_12-18-36.jpga', 'X', '2', '2016-02-26 12:29:22', '测试判断题', '0', null, '2016-02-26 12:29:22', '1', '1');
INSERT INTO `exam_examine` VALUES ('fad37f53711b449ca51490a3f5dce4fa', '杨丽鋆是一个好孩子吗？', '/userfiles/1/_thumbs/images/cms/article/2016/02/B/userfiles/1/_thumbs/images/cms/article/2016/02/BaiduShurufa_2016-2-4_12-18-12.jpga', 'X', '2', '2016-02-26 12:29:35', '测试判断题', '0', null, '2016-02-26 12:29:35', '1', '1');
INSERT INTO `exam_examine` VALUES ('fb13d11b9e75489d995d495b80ea7f2e', '话说西游记？', '/userfiles/1/_thumbs/images/cms/article/2016/02/B/userfiles/1/_thumbs/images/cms/article/2016/02/BaiduShurufa_2016-2-4_12-18-100.jpga', '西游记是一个经典传奇。', '3', '2016-02-26 12:39:56', '测试简答题', '0', null, '2016-02-26 12:39:56', '1', '1');
INSERT INTO `exam_examine` VALUES ('fc499cb74e0e4fb8956f7a28c6ad68db', '杨丽鋆是一个好孩子吗？', '/userfiles/1/_thumbs/images/cms/article/2016/02/B/userfiles/1/_thumbs/images/cms/article/2016/02/BaiduShurufa_2016-2-4_12-18-6.jpga', 'X', '2', '2016-02-26 12:29:21', '测试判断题', '0', null, '2016-02-26 12:29:21', '1', '1');
INSERT INTO `exam_examine` VALUES ('fd8f195232ab44d785d62b4a48445613', '什么样的孩子是好孩子？ A：爱学习的 B：爱劳动的 C：讨人喜欢的 D：漂亮的', '/userfiles/1/_thumbs/images/cms/article/2016/02/B/userfiles/1/_thumbs/images/cms/article/2016/02/BaiduShurufa_2016-2-4_12-18-78.jpga', 'A', '1', '2016-02-26 12:29:32', '这是一个测试题目。', '0', null, '2016-02-26 12:29:32', '1', '1');
INSERT INTO `exam_examine` VALUES ('fdc4eb0d7000457fb85c6e0cc4fcb943', '话说西游记？', '/userfiles/1/_thumbs/images/cms/article/2016/02/B/userfiles/1/_thumbs/images/cms/article/2016/02/BaiduShurufa_2016-2-4_12-18-184.jpga', '西游记是一个经典传奇。', '3', '2016-02-26 12:29:16', '测试简答题', '0', null, '2016-02-26 12:29:16', '1', '1');
INSERT INTO `exam_examine` VALUES ('fe1e9f93e6d74723987cca7466a870cc', '话说西游记？', '/userfiles/1/_thumbs/images/cms/article/2016/02/B/userfiles/1/_thumbs/images/cms/article/2016/02/BaiduShurufa_2016-2-4_12-18-160.jpga', '西游记是一个经典传奇。', '3', '2016-02-26 12:39:48', '测试简答题', '0', null, '2016-02-26 12:39:48', '1', '1');
INSERT INTO `exam_examine` VALUES ('fe850317d8674065acbe431f483ebee7', '杨丽鋆是一个好孩子吗？', '/userfiles/1/_thumbs/images/cms/article/2016/02/B/userfiles/1/_thumbs/images/cms/article/2016/02/BaiduShurufa_2016-2-4_12-18-199.jpga', 'X', '2', '2016-02-26 12:35:11', '测试判断题', '0', null, '2016-02-26 12:35:11', '1', '1');
INSERT INTO `exam_examine` VALUES ('fef816ff998c447d864a4560fe53ba6f', '杨丽鋆是一个好孩子吗？', '/userfiles/1/_thumbs/images/cms/article/2016/02/B/userfiles/1/_thumbs/images/cms/article/2016/02/BaiduShurufa_2016-2-4_12-18-182.jpga', 'X', '2', '2016-02-26 12:35:01', '测试判断题', '0', null, '2016-02-26 12:35:01', '1', '1');
INSERT INTO `exam_examine` VALUES ('ffdac3d1d51f46d0a7dbf329c7180ca8', '什么样的孩子是好孩子？ A：爱学习的 B：爱劳动的 C：讨人喜欢的 D：漂亮的', '/userfiles/1/_thumbs/images/cms/article/2016/02/B/userfiles/1/_thumbs/images/cms/article/2016/02/BaiduShurufa_2016-2-4_12-18-51.jpga', 'A', '1', '2016-02-26 12:39:32', '这是一个测试题目。', '0', null, '2016-02-26 12:39:32', '1', '1');

-- ----------------------------
-- Table structure for exam_paper
-- ----------------------------
DROP TABLE IF EXISTS `exam_paper`;
CREATE TABLE `exam_paper` (
  `id` varchar(255) NOT NULL,
  `create_date` datetime DEFAULT NULL,
  `del_flag` varchar(1) DEFAULT NULL,
  `remarks` varchar(255) DEFAULT NULL,
  `update_date` datetime DEFAULT NULL,
  `create_by` varchar(255) DEFAULT NULL,
  `update_by` varchar(255) DEFAULT NULL,
  `name` varchar(255) DEFAULT NULL,
  `time` varchar(255) DEFAULT NULL,
  PRIMARY KEY (`id`),
  KEY `FK6BDB596CE18EEA67` (`create_by`),
  KEY `FK6BDB596C49B6237A` (`update_by`)
) ENGINE=InnoDB DEFAULT CHARSET=utf8;

-- ----------------------------
-- Records of exam_paper
-- ----------------------------
INSERT INTO `exam_paper` VALUES ('6b9256a6924f4fdcae678ae64722d051', '2016-02-17 17:35:08', '0', 'volatile关键字虽然从字面上理解起来比较简单，但是要用好不是一件容易的事情。由于volatile关键字是与Java的内存模型有关的，因此在讲述volatile关键之前，我们先来了解一下与内存模型相关的概念和知识，然后分析了volatile关键字的实现原理，最后给出了几个使用volatile关键字的场景。', '2016-02-24 17:49:17', '1', '1', '测试卷3', '90');
INSERT INTO `exam_paper` VALUES ('b47e1ab7ad764b15b25600a6e204ef5a', '2016-02-24 23:23:39', '0', '测试卷4', '2016-02-24 23:23:48', '3038a878f1544ec9a919c8f4cf935832', '3038a878f1544ec9a919c8f4cf935832', '测试卷4', '1');

-- ----------------------------
-- Table structure for exam_paper_examine
-- ----------------------------
DROP TABLE IF EXISTS `exam_paper_examine`;
CREATE TABLE `exam_paper_examine` (
  `paper_id` varchar(255) NOT NULL,
  `examine_id` varchar(255) NOT NULL,
  PRIMARY KEY (`paper_id`,`examine_id`),
  KEY `examine_id` (`examine_id`),
  CONSTRAINT `exam_paper_examine_ibfk_1` FOREIGN KEY (`paper_id`) REFERENCES `exam_paper` (`id`),
  CONSTRAINT `exam_paper_examine_ibfk_2` FOREIGN KEY (`examine_id`) REFERENCES `exam_examine` (`id`)
) ENGINE=InnoDB DEFAULT CHARSET=utf8;

-- ----------------------------
-- Records of exam_paper_examine
-- ----------------------------
INSERT INTO `exam_paper_examine` VALUES ('6b9256a6924f4fdcae678ae64722d051', '151');
INSERT INTO `exam_paper_examine` VALUES ('6b9256a6924f4fdcae678ae64722d051', '166');
INSERT INTO `exam_paper_examine` VALUES ('6b9256a6924f4fdcae678ae64722d051', '192');
INSERT INTO `exam_paper_examine` VALUES ('b47e1ab7ad764b15b25600a6e204ef5a', 'b79b2cd1170944e88881e88e028e8909');

-- ----------------------------
-- Table structure for exam_score
-- ----------------------------
DROP TABLE IF EXISTS `exam_score`;
CREATE TABLE `exam_score` (
  `id` varchar(255) NOT NULL,
  `number` varchar(11) DEFAULT NULL,
  `paper_id` varchar(255) DEFAULT NULL,
  `create_date` datetime DEFAULT NULL,
  `del_flag` varchar(1) DEFAULT NULL,
  `remarks` varchar(255) DEFAULT NULL,
  `update_date` datetime DEFAULT NULL,
  `create_by` varchar(255) DEFAULT NULL,
  `update_by` varchar(255) DEFAULT NULL,
  `result` longtext,
  PRIMARY KEY (`id`),
  KEY `FK6C068672E18EEA67` (`create_by`),
  KEY `FK6C06867249B6237A` (`update_by`),
  KEY `paper_id` (`paper_id`),
  CONSTRAINT `exam_score_ibfk_1` FOREIGN KEY (`paper_id`) REFERENCES `exam_paper` (`id`)
) ENGINE=InnoDB DEFAULT CHARSET=utf8;

-- ----------------------------
-- Records of exam_score
-- ----------------------------
INSERT INTO `exam_score` VALUES ('074ca0d27d55496ea481ce20c36ba3bc', '33', '6b9256a6924f4fdcae678ae64722d051', '2016-02-02 14:37:40', '0', null, '2016-02-25 13:50:48', '1', '1', '192=null,166=null');
INSERT INTO `exam_score` VALUES ('1423e8ab0d854350967b2d5d9233b925', '83', 'b47e1ab7ad764b15b25600a6e204ef5a', '2016-02-23 14:05:50', '0', null, '2016-02-26 16:03:18', '3038a878f1544ec9a919c8f4cf935832', '3038a878f1544ec9a919c8f4cf935832', 'b79b2cd1170944e88881e88e028e8909=0');
INSERT INTO `exam_score` VALUES ('3e736c5e0475405e84ce51d304c3b361', '50', '6b9256a6924f4fdcae678ae64722d051', '2016-02-25 14:05:55', '0', null, '2016-02-25 13:54:47', '1', '1', '192=A,166=0');
INSERT INTO `exam_score` VALUES ('462eae0517884f5da6ea72354e341e24', '99', 'b47e1ab7ad764b15b25600a6e204ef5a', '2016-02-24 23:27:03', '0', null, '2016-02-25 14:05:32', '3038a878f1544ec9a919c8f4cf935832', '1', 'b79b2cd1170944e88881e88e028e8909=1');
INSERT INTO `exam_score` VALUES ('48f3ee7530b84ce6a48dd29ea648a5c8', '20', '6b9256a6924f4fdcae678ae64722d051', '2016-02-24 17:52:06', '0', null, '2016-02-24 17:52:06', '1', '1', '192=C,166=0,151=你好啊');
INSERT INTO `exam_score` VALUES ('565bd6425b57414f946a6c632649bcd7', '100', '6b9256a6924f4fdcae678ae64722d051', '2016-02-24 14:37:51', '0', null, '2016-02-24 14:37:51', '1', '1', '192=null,166=null');
INSERT INTO `exam_score` VALUES ('5edd224dba4e40c89b09b3a518912374', '88', '6b9256a6924f4fdcae678ae64722d051', '2016-02-25 14:23:55', '0', null, '2016-02-24 14:23:55', '1', '1', '192=B,166=1');
INSERT INTO `exam_score` VALUES ('970968d8e7cc43bd8104857db37fc512', '100', '6b9256a6924f4fdcae678ae64722d051', '2016-02-17 17:50:10', '0', null, '2016-02-17 17:50:10', '1', '1', '192=A,166=0');
INSERT INTO `exam_score` VALUES ('9c95a1ad59954670acb6379fa5a49d18', '80', '6b9256a6924f4fdcae678ae64722d051', '2016-02-24 14:29:36', '0', null, '2016-02-24 14:29:36', '1', '1', '192=null,166=null');
INSERT INTO `exam_score` VALUES ('b51a3fd9a95e41e1a8adb4bb06581c29', '83', '6b9256a6924f4fdcae678ae64722d051', '2016-02-01 14:37:37', '0', null, '2016-02-24 14:37:37', '1', '1', '192=null,166=null');
INSERT INTO `exam_score` VALUES ('b781ae9257fd463f8822a678b59fe5f1', '70', 'b47e1ab7ad764b15b25600a6e204ef5a', '2016-02-25 14:10:26', '0', null, '2016-02-26 16:02:46', '3038a878f1544ec9a919c8f4cf935832', '3038a878f1544ec9a919c8f4cf935832', 'b79b2cd1170944e88881e88e028e8909=1');
INSERT INTO `exam_score` VALUES ('b9616e9617d94d5b80161c285b86c677', '60', '6b9256a6924f4fdcae678ae64722d051', '2016-02-24 14:29:28', '0', null, '2016-02-24 14:29:28', '1', '1', '192=null,166=null');
INSERT INTO `exam_score` VALUES ('c35be6f5463b430ba168796219a83bc1', '58', '6b9256a6924f4fdcae678ae64722d051', '2016-02-24 16:37:48', '0', null, '2016-02-24 14:37:48', '1', '1', '192=null,166=null');
INSERT INTO `exam_score` VALUES ('c7d357432e964832b8b466c91e4a3ab1', '67', '6b9256a6924f4fdcae678ae64722d051', '2016-02-18 14:37:18', '0', null, '2016-02-24 14:37:18', '1', '1', '192=C,166=0');
INSERT INTO `exam_score` VALUES ('cb3b59b925004e3aa6983c4f71afe9be', '0', 'b47e1ab7ad764b15b25600a6e204ef5a', '2016-02-29 11:11:43', '0', null, '2016-02-29 11:11:43', '1', '1', 'b79b2cd1170944e88881e88e028e8909=null');
INSERT INTO `exam_score` VALUES ('d1f5a3fb53084e6dac7abee4b40ff085', '76', '6b9256a6924f4fdcae678ae64722d051', '2016-02-24 14:29:31', '0', null, '2016-02-24 14:29:31', '1', '1', '192=null,166=null');
INSERT INTO `exam_score` VALUES ('e91f80b8a5fc4410b101c4287e324847', '77', '6b9256a6924f4fdcae678ae64722d051', '2016-02-24 11:37:54', '0', null, '2016-02-24 14:37:54', '1', '1', '192=null,166=null');
INSERT INTO `exam_score` VALUES ('ea2cdb75cc9549ef86db2d01157ca818', '90', '6b9256a6924f4fdcae678ae64722d051', '2016-02-23 14:37:44', '0', null, '2016-02-24 14:37:44', '1', '1', '192=null,166=null');

-- ----------------------------
-- Table structure for oa_leave
-- ----------------------------
DROP TABLE IF EXISTS `oa_leave`;
CREATE TABLE `oa_leave` (
  `id` varchar(64) COLLATE utf8_bin NOT NULL COMMENT '编号',
  `process_instance_id` varchar(64) COLLATE utf8_bin DEFAULT NULL COMMENT '流程实例编号',
  `start_time` datetime DEFAULT NULL COMMENT '开始时间',
  `end_time` datetime DEFAULT NULL COMMENT '结束时间',
  `leave_type` varchar(20) COLLATE utf8_bin DEFAULT NULL COMMENT '请假类型',
  `reason` varchar(255) COLLATE utf8_bin DEFAULT NULL COMMENT '请假理由',
  `apply_time` datetime DEFAULT NULL COMMENT '申请时间',
  `reality_start_time` datetime DEFAULT NULL COMMENT '实际开始时间',
  `reality_end_time` datetime DEFAULT NULL COMMENT '实际结束时间',
  `process_status` varchar(50) COLLATE utf8_bin DEFAULT NULL COMMENT '流程状态',
  `create_by` varchar(64) COLLATE utf8_bin DEFAULT NULL COMMENT '创建者',
  `create_date` datetime DEFAULT NULL COMMENT '创建时间',
  `update_by` varchar(64) COLLATE utf8_bin DEFAULT NULL COMMENT '更新者',
  `update_date` datetime DEFAULT NULL COMMENT '更新时间',
  `remarks` varchar(255) COLLATE utf8_bin DEFAULT NULL COMMENT '备注信息',
  `del_flag` char(1) COLLATE utf8_bin NOT NULL DEFAULT '0' COMMENT '删除标记',
  PRIMARY KEY (`id`),
  KEY `oa_leave_create_by` (`create_by`),
  KEY `oa_leave_process_instance_id` (`process_instance_id`),
  KEY `oa_leave_del_flag` (`del_flag`),
  KEY `oa_leave_id` (`id`),
  KEY `FKBE1C9A0AE18EEA67` (`create_by`),
  KEY `FKBE1C9A0A49B6237A` (`update_by`)
) ENGINE=MyISAM DEFAULT CHARSET=utf8 COLLATE=utf8_bin COMMENT='请假流程表';

-- ----------------------------
-- Records of oa_leave
-- ----------------------------
INSERT INTO `oa_leave` VALUES ('106e148defdc4f8299d69dc6ca59aa35', 'c2f5c3eaabf2415aab7d32d5b96f3890', '2016-01-30 15:29:21', '2016-01-31 15:29:23', '1', '测试请假', null, '2016-01-30 15:29:21', '2016-01-31 15:29:23', '已完成', '1', '2016-01-30 15:29:43', '1', '2016-01-30 15:34:44', null, '0');
INSERT INTO `oa_leave` VALUES ('6b15b3e3abca407d95441a8cbf1ab400', '8ed1f81b66f346f4a032765666cbc621', '2016-02-10 21:03:08', '2016-02-10 21:03:10', '1', '你好世界！', null, '2016-02-10 21:03:08', '2016-02-10 21:03:10', '已完成', '1', '2016-02-10 21:03:16', '1', '2016-02-11 23:42:40', null, '0');
INSERT INTO `oa_leave` VALUES ('7798a172990142218dae612e510d999f', '8b5ae36944a242ec88147fc2bb8f55ec', '2016-02-12 16:25:36', '2016-02-12 16:25:38', '2', 'haha', null, null, null, '部门领导审批', '1', '2016-02-12 16:25:44', '1', '2016-02-12 16:25:45', null, '0');

-- ----------------------------
-- Table structure for sys_area
-- ----------------------------
DROP TABLE IF EXISTS `sys_area`;
CREATE TABLE `sys_area` (
  `id` varchar(64) COLLATE utf8_bin NOT NULL COMMENT '编号',
  `parent_id` varchar(64) COLLATE utf8_bin NOT NULL COMMENT '父级编号',
  `parent_ids` varchar(2000) COLLATE utf8_bin NOT NULL COMMENT '所有父级编号',
  `code` varchar(100) COLLATE utf8_bin DEFAULT NULL COMMENT '区域编码',
  `name` varchar(100) COLLATE utf8_bin NOT NULL COMMENT '区域名称',
  `type` char(1) COLLATE utf8_bin DEFAULT NULL COMMENT '区域类型',
  `create_by` varchar(64) COLLATE utf8_bin DEFAULT NULL COMMENT '创建者',
  `create_date` datetime DEFAULT NULL COMMENT '创建时间',
  `update_by` varchar(64) COLLATE utf8_bin DEFAULT NULL COMMENT '更新者',
  `update_date` datetime DEFAULT NULL COMMENT '更新时间',
  `remarks` varchar(255) COLLATE utf8_bin DEFAULT NULL COMMENT '备注信息',
  `del_flag` char(1) COLLATE utf8_bin NOT NULL DEFAULT '0' COMMENT '删除标记',
  PRIMARY KEY (`id`),
  KEY `sys_area_parent_id` (`parent_id`),
  KEY `sys_area_parent_ids` (`parent_ids`(333)),
  KEY `sys_area_del_flag` (`del_flag`),
  KEY `FK749F02BFE18EEA67` (`create_by`),
  KEY `FK749F02BF49B6237A` (`update_by`),
  KEY `FK749F02BF3942217F` (`parent_id`)
) ENGINE=MyISAM DEFAULT CHARSET=utf8 COLLATE=utf8_bin COMMENT='区域表';

-- ----------------------------
-- Records of sys_area
-- ----------------------------
INSERT INTO `sys_area` VALUES ('1', '0', '0,', '100000', '中国', '1', '1', '2013-05-27 08:00:00', '1', '2013-05-27 08:00:00', null, '0');
INSERT INTO `sys_area` VALUES ('2', '1', '0,1,', '110000', '北京市', '2', '1', '2013-05-27 08:00:00', '1', '2013-05-27 08:00:00', null, '0');
INSERT INTO `sys_area` VALUES ('3', '2', '0,1,2,', '110101', '东城区', '4', '1', '2013-05-27 08:00:00', '1', '2013-05-27 08:00:00', null, '0');
INSERT INTO `sys_area` VALUES ('4', '2', '0,1,2,', '110102', '西城区', '4', '1', '2013-05-27 08:00:00', '1', '2013-05-27 08:00:00', null, '0');
INSERT INTO `sys_area` VALUES ('5', '2', '0,1,2,', '110103', '朝阳区', '4', '1', '2013-05-27 08:00:00', '1', '2013-05-27 08:00:00', null, '0');
INSERT INTO `sys_area` VALUES ('6', '2', '0,1,2,', '110104', '丰台区', '4', '1', '2013-05-27 08:00:00', '1', '2013-05-27 08:00:00', null, '0');
INSERT INTO `sys_area` VALUES ('7', '2', '0,1,2,', '110105', '海淀区', '4', '1', '2013-05-27 08:00:00', '1', '2013-05-27 08:00:00', null, '0');
INSERT INTO `sys_area` VALUES ('8', '1', '0,1,', '370000', '山东省', '2', '1', '2013-05-27 08:00:00', '1', '2013-05-27 08:00:00', null, '0');
INSERT INTO `sys_area` VALUES ('9', '8', '0,1,2,', '370531', '济南市', '3', '1', '2013-05-27 08:00:00', '1', '2013-05-27 08:00:00', null, '0');
INSERT INTO `sys_area` VALUES ('10', '8', '0,1,2,', '370532', '历城区', '4', '1', '2013-05-27 08:00:00', '1', '2013-05-27 08:00:00', null, '0');
INSERT INTO `sys_area` VALUES ('11', '8', '0,1,2,', '370533', '历城区', '4', '1', '2013-05-27 08:00:00', '1', '2013-05-27 08:00:00', null, '0');
INSERT INTO `sys_area` VALUES ('12', '8', '0,1,2,', '370534', '历下区', '4', '1', '2013-05-27 08:00:00', '1', '2013-05-27 08:00:00', null, '0');
INSERT INTO `sys_area` VALUES ('13', '8', '0,1,2,', '370535', '天桥区', '4', '1', '2013-05-27 08:00:00', '1', '2013-05-27 08:00:00', null, '0');
INSERT INTO `sys_area` VALUES ('14', '8', '0,1,2,', '370536', '槐荫区', '4', '1', '2013-05-27 08:00:00', '1', '2013-05-27 08:00:00', null, '0');
INSERT INTO `sys_area` VALUES ('41ac35d092a9499b920f4eebe70c9400', '1', '0,1,', '130000', '吉林省', '2', '1', '2016-02-03 14:21:17', '1', '2016-02-03 14:21:17', '吉林省', '0');
INSERT INTO `sys_area` VALUES ('64908011dda641719b1a1d0bea8a1b84', '41ac35d092a9499b920f4eebe70c9400', '0,1,41ac35d092a9499b920f4eebe70c9400,', '130001', '吉林市', '3', '1', '2016-02-03 14:22:10', '1', '2016-02-03 14:22:10', '吉林市', '0');

-- ----------------------------
-- Table structure for sys_dict
-- ----------------------------
DROP TABLE IF EXISTS `sys_dict`;
CREATE TABLE `sys_dict` (
  `id` varchar(64) COLLATE utf8_bin NOT NULL COMMENT '编号',
  `label` varchar(100) COLLATE utf8_bin NOT NULL COMMENT '标签名',
  `value` varchar(100) COLLATE utf8_bin NOT NULL COMMENT '数据值',
  `type` varchar(100) COLLATE utf8_bin NOT NULL COMMENT '类型',
  `description` varchar(100) COLLATE utf8_bin NOT NULL COMMENT '描述',
  `sort` int(11) NOT NULL COMMENT '排序（升序）',
  `create_by` varchar(64) COLLATE utf8_bin DEFAULT NULL COMMENT '创建者',
  `create_date` datetime DEFAULT NULL COMMENT '创建时间',
  `update_by` varchar(64) COLLATE utf8_bin DEFAULT NULL COMMENT '更新者',
  `update_date` datetime DEFAULT NULL COMMENT '更新时间',
  `remarks` varchar(255) COLLATE utf8_bin DEFAULT NULL COMMENT '备注信息',
  `del_flag` char(1) COLLATE utf8_bin NOT NULL DEFAULT '0' COMMENT '删除标记',
  PRIMARY KEY (`id`),
  KEY `sys_dict_value` (`value`),
  KEY `sys_dict_label` (`label`),
  KEY `sys_dict_del_flag` (`del_flag`),
  KEY `FK74A03DE8E18EEA67` (`create_by`),
  KEY `FK74A03DE849B6237A` (`update_by`)
) ENGINE=MyISAM DEFAULT CHARSET=utf8 COLLATE=utf8_bin COMMENT='字典表';

-- ----------------------------
-- Records of sys_dict
-- ----------------------------
INSERT INTO `sys_dict` VALUES ('1', '正常', '0', 'del_flag', '删除标记', '10', '1', '2013-05-27 08:00:00', '1', '2013-05-27 08:00:00', null, '0');
INSERT INTO `sys_dict` VALUES ('2', '删除', '1', 'del_flag', '删除标记', '20', '1', '2013-05-27 08:00:00', '1', '2013-05-27 08:00:00', null, '0');
INSERT INTO `sys_dict` VALUES ('3', '显示', '1', 'show_hide', '显示/隐藏', '10', '1', '2013-05-27 08:00:00', '1', '2013-05-27 08:00:00', null, '0');
INSERT INTO `sys_dict` VALUES ('4', '隐藏', '0', 'show_hide', '显示/隐藏', '20', '1', '2013-05-27 08:00:00', '1', '2013-05-27 08:00:00', null, '0');
INSERT INTO `sys_dict` VALUES ('5', '是', '1', 'yes_no', '是/否', '10', '1', '2013-05-27 08:00:00', '1', '2013-05-27 08:00:00', null, '0');
INSERT INTO `sys_dict` VALUES ('6', '否', '0', 'yes_no', '是/否', '20', '1', '2013-05-27 08:00:00', '1', '2013-05-27 08:00:00', null, '0');
INSERT INTO `sys_dict` VALUES ('7', '红色', 'red', 'color', '颜色值', '10', '1', '2013-05-27 08:00:00', '1', '2013-05-27 08:00:00', null, '0');
INSERT INTO `sys_dict` VALUES ('8', '绿色', 'green', 'color', '颜色值', '20', '1', '2013-05-27 08:00:00', '1', '2013-05-27 08:00:00', null, '0');
INSERT INTO `sys_dict` VALUES ('9', '蓝色', 'blue', 'color', '颜色值', '30', '1', '2013-05-27 08:00:00', '1', '2013-05-27 08:00:00', null, '0');
INSERT INTO `sys_dict` VALUES ('10', '黄色', 'yellow', 'color', '颜色值', '40', '1', '2013-05-27 08:00:00', '1', '2013-05-27 08:00:00', null, '0');
INSERT INTO `sys_dict` VALUES ('11', '橙色', 'orange', 'color', '颜色值', '50', '1', '2013-05-27 08:00:00', '1', '2013-05-27 08:00:00', null, '0');
INSERT INTO `sys_dict` VALUES ('12', '默认主题', 'default', 'theme', '主题方案', '10', '1', '2013-05-27 08:00:00', '1', '2013-05-27 08:00:00', null, '0');
INSERT INTO `sys_dict` VALUES ('13', '天蓝主题', 'cerulean', 'theme', '主题方案', '20', '1', '2013-05-27 08:00:00', '1', '2013-05-27 08:00:00', null, '0');
INSERT INTO `sys_dict` VALUES ('14', '橙色主题', 'readable', 'theme', '主题方案', '30', '1', '2013-05-27 08:00:00', '1', '2013-05-27 08:00:00', null, '0');
INSERT INTO `sys_dict` VALUES ('15', '红色主题', 'united', 'theme', '主题方案', '40', '1', '2013-05-27 08:00:00', '1', '2013-05-27 08:00:00', null, '0');
INSERT INTO `sys_dict` VALUES ('16', 'Flat主题', 'flat', 'theme', '主题方案', '60', '1', '2013-05-27 08:00:00', '1', '2013-05-27 08:00:00', null, '0');
INSERT INTO `sys_dict` VALUES ('17', '国家', '1', 'sys_area_type', '区域类型', '10', '1', '2013-05-27 08:00:00', '1', '2013-05-27 08:00:00', null, '0');
INSERT INTO `sys_dict` VALUES ('18', '省份、直辖市', '2', 'sys_area_type', '区域类型', '20', '1', '2013-05-27 08:00:00', '1', '2013-05-27 08:00:00', null, '0');
INSERT INTO `sys_dict` VALUES ('19', '地市', '3', 'sys_area_type', '区域类型', '30', '1', '2013-05-27 08:00:00', '1', '2013-05-27 08:00:00', null, '0');
INSERT INTO `sys_dict` VALUES ('20', '区县', '4', 'sys_area_type', '区域类型', '40', '1', '2013-05-27 08:00:00', '1', '2013-05-27 08:00:00', null, '0');
INSERT INTO `sys_dict` VALUES ('21', '公司', '1', 'sys_office_type', '机构类型', '60', '1', '2013-05-27 08:00:00', '1', '2013-05-27 08:00:00', null, '0');
INSERT INTO `sys_dict` VALUES ('22', '部门', '2', 'sys_office_type', '机构类型', '70', '1', '2013-05-27 08:00:00', '1', '2013-05-27 08:00:00', null, '0');
INSERT INTO `sys_dict` VALUES ('23', '一级', '1', 'sys_office_grade', '机构等级', '10', '1', '2013-05-27 08:00:00', '1', '2013-05-27 08:00:00', null, '0');
INSERT INTO `sys_dict` VALUES ('24', '二级', '2', 'sys_office_grade', '机构等级', '20', '1', '2013-05-27 08:00:00', '1', '2013-05-27 08:00:00', null, '0');
INSERT INTO `sys_dict` VALUES ('25', '三级', '3', 'sys_office_grade', '机构等级', '30', '1', '2013-05-27 08:00:00', '1', '2013-05-27 08:00:00', null, '0');
INSERT INTO `sys_dict` VALUES ('26', '四级', '4', 'sys_office_grade', '机构等级', '40', '1', '2013-05-27 08:00:00', '1', '2013-05-27 08:00:00', null, '0');
INSERT INTO `sys_dict` VALUES ('27', '所有数据', '1', 'sys_data_scope', '数据范围', '10', '1', '2013-05-27 08:00:00', '1', '2013-05-27 08:00:00', null, '0');
INSERT INTO `sys_dict` VALUES ('28', '所在公司及以下数据', '2', 'sys_data_scope', '数据范围', '20', '1', '2013-05-27 08:00:00', '1', '2013-05-27 08:00:00', null, '0');
INSERT INTO `sys_dict` VALUES ('29', '所在公司数据', '3', 'sys_data_scope', '数据范围', '30', '1', '2013-05-27 08:00:00', '1', '2013-05-27 08:00:00', null, '0');
INSERT INTO `sys_dict` VALUES ('30', '所在部门及以下数据', '4', 'sys_data_scope', '数据范围', '40', '1', '2013-05-27 08:00:00', '1', '2013-05-27 08:00:00', null, '0');
INSERT INTO `sys_dict` VALUES ('31', '所在部门数据', '5', 'sys_data_scope', '数据范围', '50', '1', '2013-05-27 08:00:00', '1', '2013-05-27 08:00:00', null, '0');
INSERT INTO `sys_dict` VALUES ('32', '仅本人数据', '8', 'sys_data_scope', '数据范围', '90', '1', '2013-05-27 08:00:00', '1', '2013-05-27 08:00:00', null, '0');
INSERT INTO `sys_dict` VALUES ('33', '按明细设置', '9', 'sys_data_scope', '数据范围', '100', '1', '2013-05-27 08:00:00', '1', '2013-05-27 08:00:00', null, '0');
INSERT INTO `sys_dict` VALUES ('34', '系统管理', '1', 'sys_user_type', '用户类型', '10', '1', '2013-05-27 08:00:00', '1', '2013-05-27 08:00:00', null, '0');
INSERT INTO `sys_dict` VALUES ('35', '部门经理', '2', 'sys_user_type', '用户类型', '20', '1', '2013-05-27 08:00:00', '1', '2013-05-27 08:00:00', null, '0');
INSERT INTO `sys_dict` VALUES ('36', '普通用户', '3', 'sys_user_type', '用户类型', '30', '1', '2013-05-27 08:00:00', '1', '2013-05-27 08:00:00', null, '0');
INSERT INTO `sys_dict` VALUES ('37', '基础主题', 'basic', 'cms_theme', '站点主题', '10', '1', '2013-05-27 08:00:00', '1', '2013-05-27 08:00:00', null, '0');
INSERT INTO `sys_dict` VALUES ('38', '蓝色主题', 'blue', 'cms_theme', '站点主题', '20', '1', '2013-05-27 08:00:00', '1', '2013-05-27 08:00:00', null, '1');
INSERT INTO `sys_dict` VALUES ('39', '红色主题', 'red', 'cms_theme', '站点主题', '30', '1', '2013-05-27 08:00:00', '1', '2013-05-27 08:00:00', null, '1');
INSERT INTO `sys_dict` VALUES ('40', '文章模型', 'article', 'cms_module', '栏目模型', '10', '1', '2013-05-27 08:00:00', '1', '2013-05-27 08:00:00', null, '0');
INSERT INTO `sys_dict` VALUES ('41', '图片模型', 'picture', 'cms_module', '栏目模型', '20', '1', '2013-05-27 08:00:00', '1', '2013-05-27 08:00:00', null, '1');
INSERT INTO `sys_dict` VALUES ('42', '下载模型', 'download', 'cms_module', '栏目模型', '30', '1', '2013-05-27 08:00:00', '1', '2013-05-27 08:00:00', null, '1');
INSERT INTO `sys_dict` VALUES ('43', '链接模型', 'link', 'cms_module', '栏目模型', '40', '1', '2013-05-27 08:00:00', '1', '2013-05-27 08:00:00', null, '0');
INSERT INTO `sys_dict` VALUES ('44', '专题模型', 'special', 'cms_module', '栏目模型', '50', '1', '2013-05-27 08:00:00', '1', '2013-05-27 08:00:00', null, '1');
INSERT INTO `sys_dict` VALUES ('45', '默认展现方式', '0', 'cms_show_modes', '展现方式', '10', '1', '2013-05-27 08:00:00', '1', '2013-05-27 08:00:00', null, '0');
INSERT INTO `sys_dict` VALUES ('46', '首栏目内容列表', '1', 'cms_show_modes', '展现方式', '20', '1', '2013-05-27 08:00:00', '1', '2013-05-27 08:00:00', null, '0');
INSERT INTO `sys_dict` VALUES ('47', '栏目第一条内容', '2', 'cms_show_modes', '展现方式', '30', '1', '2013-05-27 08:00:00', '1', '2013-05-27 08:00:00', null, '0');
INSERT INTO `sys_dict` VALUES ('48', '发布', '0', 'cms_del_flag', '内容状态', '10', '1', '2013-05-27 08:00:00', '1', '2013-05-27 08:00:00', null, '0');
INSERT INTO `sys_dict` VALUES ('49', '删除', '1', 'cms_del_flag', '内容状态', '20', '1', '2013-05-27 08:00:00', '1', '2013-05-27 08:00:00', null, '0');
INSERT INTO `sys_dict` VALUES ('50', '审核', '2', 'cms_del_flag', '内容状态', '15', '1', '2013-05-27 08:00:00', '1', '2013-05-27 08:00:00', null, '0');
INSERT INTO `sys_dict` VALUES ('51', '首页焦点图', '1', 'cms_posid', '推荐位', '10', '1', '2013-05-27 08:00:00', '1', '2013-05-27 08:00:00', null, '0');
INSERT INTO `sys_dict` VALUES ('52', '栏目页文章推荐', '2', 'cms_posid', '推荐位', '20', '1', '2013-05-27 08:00:00', '1', '2013-05-27 08:00:00', null, '0');
INSERT INTO `sys_dict` VALUES ('53', '咨询', '1', 'cms_guestbook', '留言板分类', '10', '1', '2013-05-27 08:00:00', '1', '2013-05-27 08:00:00', null, '0');
INSERT INTO `sys_dict` VALUES ('54', '建议', '2', 'cms_guestbook', '留言板分类', '20', '1', '2013-05-27 08:00:00', '1', '2013-05-27 08:00:00', null, '0');
INSERT INTO `sys_dict` VALUES ('55', '投诉', '3', 'cms_guestbook', '留言板分类', '30', '1', '2013-05-27 08:00:00', '1', '2013-05-27 08:00:00', null, '0');
INSERT INTO `sys_dict` VALUES ('56', '其它', '4', 'cms_guestbook', '留言板分类', '40', '1', '2013-05-27 08:00:00', '1', '2013-05-27 08:00:00', null, '0');
INSERT INTO `sys_dict` VALUES ('57', '公休', '1', 'oa_leave_type', '请假类型', '10', '1', '2013-05-27 08:00:00', '1', '2013-05-27 08:00:00', null, '0');
INSERT INTO `sys_dict` VALUES ('58', '病假', '2', 'oa_leave_type', '请假类型', '20', '1', '2013-05-27 08:00:00', '1', '2013-05-27 08:00:00', null, '0');
INSERT INTO `sys_dict` VALUES ('59', '事假', '3', 'oa_leave_type', '请假类型', '30', '1', '2013-05-27 08:00:00', '1', '2013-05-27 08:00:00', null, '0');
INSERT INTO `sys_dict` VALUES ('60', '调休', '4', 'oa_leave_type', '请假类型', '40', '1', '2013-05-27 08:00:00', '1', '2013-05-27 08:00:00', null, '0');
INSERT INTO `sys_dict` VALUES ('61', '婚假', '5', 'oa_leave_type', '请假类型', '60', '1', '2013-05-27 08:00:00', '1', '2013-05-27 08:00:00', null, '0');
INSERT INTO `sys_dict` VALUES ('62', '接入日志', '1', 'sys_log_type', '日志类型', '30', '1', '2013-06-03 08:00:00', '1', '2013-06-03 08:00:00', null, '0');
INSERT INTO `sys_dict` VALUES ('63', '异常日志', '2', 'sys_log_type', '日志类型', '40', '1', '2013-06-03 08:00:00', '1', '2013-06-03 08:00:00', null, '0');
INSERT INTO `sys_dict` VALUES ('64', '单表增删改查', 'single', 'prj_template_type', '代码模板', '10', '1', '2013-06-03 08:00:00', '1', '2013-06-03 08:00:00', null, '0');
INSERT INTO `sys_dict` VALUES ('65', '所有entity和dao', 'entityAndDao', 'prj_template_type', '代码模板', '20', '1', '2013-06-03 08:00:00', '1', '2013-06-03 08:00:00', null, '0');
INSERT INTO `sys_dict` VALUES ('67', '选择题', '1', 'exam_type', '试题类型', '10', '1', '2016-02-10 18:54:44', '1', '2016-02-10 18:54:49', null, '0');
INSERT INTO `sys_dict` VALUES ('68', '判断题', '2', 'exam_type', '试题类型', '20', '1', '2016-02-10 18:56:00', '1', '2016-02-10 18:56:04', null, '0');
INSERT INTO `sys_dict` VALUES ('69', '简答题', '3', 'exam_type', '试题类型', '30', '1', '2016-02-10 18:57:45', '1', '2016-02-10 18:57:48', null, '0');
INSERT INTO `sys_dict` VALUES ('0b30d31265094316be30f53650ff4c51', '启用', '0', 'exam_start_stop', '试卷的启用', '10', '1', '2016-02-15 19:07:36', '1', '2016-02-15 19:11:40', null, '0');
INSERT INTO `sys_dict` VALUES ('56f2b7d74d2941c59d520adb87878774', '停用', '1', 'exam_start_stop', '试卷的停用', '20', '1', '2016-02-15 19:09:08', '1', '2016-02-15 19:12:03', null, '0');
INSERT INTO `sys_dict` VALUES ('98ade8e10dc94a219881fa8689f0e66d', 'exam_intro', '考试说明：在考试过程不要离开页面或刷新页面，在答题完成后一定要记得点击交卷！', 'exam_intro', '考试说明', '10', '1', '2016-02-16 14:18:48', '1', '2016-02-16 14:26:07', null, '0');

-- ----------------------------
-- Table structure for sys_log
-- ----------------------------
DROP TABLE IF EXISTS `sys_log`;
CREATE TABLE `sys_log` (
  `id` varchar(64) COLLATE utf8_bin NOT NULL COMMENT '编号',
  `type` char(1) COLLATE utf8_bin DEFAULT '1' COMMENT '日志类型',
  `create_by` varchar(64) COLLATE utf8_bin DEFAULT NULL COMMENT '创建者',
  `create_date` datetime DEFAULT NULL COMMENT '创建时间',
  `remote_addr` varchar(255) COLLATE utf8_bin DEFAULT NULL COMMENT '操作IP地址',
  `user_agent` varchar(255) COLLATE utf8_bin DEFAULT NULL COMMENT '用户代理',
  `request_uri` varchar(255) COLLATE utf8_bin DEFAULT NULL COMMENT '请求URI',
  `method` varchar(5) COLLATE utf8_bin DEFAULT NULL COMMENT '操作方式',
  `params` text COLLATE utf8_bin COMMENT '操作提交的数据',
  `exception` text COLLATE utf8_bin COMMENT '异常信息',
  PRIMARY KEY (`id`),
  KEY `sys_log_create_by` (`create_by`),
  KEY `sys_log_request_uri` (`request_uri`),
  KEY `sys_log_type` (`type`),
  KEY `sys_log_create_date` (`create_date`),
  KEY `FK986862D2E18EEA67` (`create_by`)
) ENGINE=MyISAM DEFAULT CHARSET=utf8 COLLATE=utf8_bin COMMENT='日志表';

-- ----------------------------
-- Records of sys_log
-- ----------------------------
INSERT INTO `sys_log` VALUES ('bb93d723870441548109bf2c3776e8d8', '1', '1', '2016-01-29 21:39:37', '0:0:0:0:0:0:0:1', 'Mozilla/5.0 (Windows NT 6.1; WOW64) AppleWebKit/537.36 (KHTML, like Gecko) Chrome/48.0.2564.97 Safari/537.36', '/a/sys/menu/save', 'POST', 0x69643D373926697341637469766974693D302669636F6E3D26736F72743D333026706172656E742E69643D3738266E616D653DE69FA5E79C8B267461726765743D267065726D697373696F6E3D70726A3A70726F6A6563743A7669657726687265663D26706172656E742E6E616D653DE9A1B9E79BAEE7AEA1E7908626697353686F773D31, '');
INSERT INTO `sys_log` VALUES ('8bdc09e33cc3421e84219bdfc28b65de', '1', '1', '2016-01-29 21:47:37', '0:0:0:0:0:0:0:1', 'Mozilla/5.0 (Windows NT 6.1; WOW64) AppleWebKit/537.36 (KHTML, like Gecko) Chrome/48.0.2564.97 Safari/537.36', '/a/sys/menu/delete', 'GET', 0x69643D3736, '');
INSERT INTO `sys_log` VALUES ('571d1d1c836f4ac4aef1f4bd80e90bd8', '1', '1', '2016-01-29 21:48:25', '0:0:0:0:0:0:0:1', 'Mozilla/5.0 (Windows NT 6.1; WOW64) AppleWebKit/537.36 (KHTML, like Gecko) Chrome/48.0.2564.97 Safari/537.36', '/a/sys/menu/updateSort', 'POST', 0x736F7274733D313030266964733D3237, '');
INSERT INTO `sys_log` VALUES ('78b61243d6274965921b4b2fb0e6343f', '2', '1', '2016-01-29 21:50:14', '0:0:0:0:0:0:0:1', 'Mozilla/5.0 (Windows NT 6.1; WOW64) AppleWebKit/537.36 (KHTML, like Gecko) Chrome/48.0.2564.97 Safari/537.36', '/a/sys/user/modifyPwd', 'GET', '', 0x6F72672E737072696E676672616D65776F726B2E7765622E7574696C2E4E6573746564536572766C6574457863657074696F6E3A2048616E646C65722070726F63657373696E67206661696C65643B206E657374656420657863657074696F6E206973206A6176612E6C616E672E4F75744F664D656D6F72794572726F723A205065726D47656E207370616365);
INSERT INTO `sys_log` VALUES ('de92460cee1d41e4814a536437c12400', '2', '1', '2016-01-29 21:50:17', '0:0:0:0:0:0:0:1', 'Mozilla/5.0 (Windows NT 6.1; WOW64) AppleWebKit/537.36 (KHTML, like Gecko) Chrome/48.0.2564.97 Safari/537.36', '/a/sys/user/modifyPwd', 'GET', '', 0x6F72672E737072696E676672616D65776F726B2E7765622E7574696C2E4E6573746564536572766C6574457863657074696F6E3A2048616E646C65722070726F63657373696E67206661696C65643B206E657374656420657863657074696F6E206973206A6176612E6C616E672E4F75744F664D656D6F72794572726F723A205065726D47656E207370616365);
INSERT INTO `sys_log` VALUES ('1e8d2a0de6a14af98e3f37d2419b5edd', '2', '1', '2016-01-29 21:50:20', '0:0:0:0:0:0:0:1', 'Mozilla/5.0 (Windows NT 6.1; WOW64) AppleWebKit/537.36 (KHTML, like Gecko) Chrome/48.0.2564.97 Safari/537.36', '/a/sys/user/modifyPwd', 'GET', '', 0x6F72672E737072696E676672616D65776F726B2E7765622E7574696C2E4E6573746564536572766C6574457863657074696F6E3A2048616E646C65722070726F63657373696E67206661696C65643B206E657374656420657863657074696F6E206973206A6176612E6C616E672E4F75744F664D656D6F72794572726F723A205065726D47656E207370616365);
INSERT INTO `sys_log` VALUES ('7d1e007053a24957ba79f408a861277f', '2', '1', '2016-01-29 21:50:24', '0:0:0:0:0:0:0:1', 'Mozilla/5.0 (Windows NT 6.1; WOW64) AppleWebKit/537.36 (KHTML, like Gecko) Chrome/48.0.2564.97 Safari/537.36', '/a/sys/user/modifyPwd', 'GET', '', 0x6F72672E737072696E676672616D65776F726B2E7765622E7574696C2E4E6573746564536572766C6574457863657074696F6E3A2048616E646C65722070726F63657373696E67206661696C65643B206E657374656420657863657074696F6E206973206A6176612E6C616E672E4F75744F664D656D6F72794572726F723A205065726D47656E207370616365);
INSERT INTO `sys_log` VALUES ('d99abc99ef12497a95251d7808d4e343', '1', '1', '2016-01-29 21:58:59', '0:0:0:0:0:0:0:1', 'Mozilla/5.0 (Windows NT 6.1; WOW64) AppleWebKit/537.36 (KHTML, like Gecko) Chrome/48.0.2564.97 Safari/537.36', '/a/sys/menu/save', 'POST', 0x69643D26697341637469766974693D312669636F6E3D68646426736F72743D333026706172656E742E69643D3637266E616D653DE695B0E68DAEE5BA93E7AEA1E79086267461726765743D267065726D697373696F6E3D26687265663D26706172656E742E6E616D653DE697A5E5BF97E69FA5E8AFA226697353686F773D31, '');
INSERT INTO `sys_log` VALUES ('552cc89a37934856af87c85a59d2de0d', '1', '1', '2016-01-29 22:02:19', '0:0:0:0:0:0:0:1', 'Mozilla/5.0 (Windows NT 6.1; WOW64) AppleWebKit/537.36 (KHTML, like Gecko) Chrome/48.0.2564.97 Safari/537.36', '/a/sys/menu/save', 'POST', 0x69643D363826697341637469766974693D302669636F6E3D70656E63696C26736F72743D333026706172656E742E69643D3637266E616D653DE697A5E5BF97E69FA5E8AFA2267461726765743D267065726D697373696F6E3D7379733A6C6F673A7669657726687265663D2F64727569642F2A26706172656E742E6E616D653DE697A5E5BF97E69FA5E8AFA226697353686F773D31, '');
INSERT INTO `sys_log` VALUES ('f594199ecaa341e596e46ee61b04628f', '1', '1', '2016-01-29 22:03:38', '0:0:0:0:0:0:0:1', 'Mozilla/5.0 (Windows NT 6.1; WOW64) AppleWebKit/537.36 (KHTML, like Gecko) Chrome/48.0.2564.97 Safari/537.36', '/a/sys/menu/save', 'POST', 0x69643D363826697341637469766974693D302669636F6E3D70656E63696C26736F72743D333026706172656E742E69643D3637266E616D653DE697A5E5BF97E69FA5E8AFA2267461726765743D267065726D697373696F6E3D7379733A6C6F673A7669657726687265663D7379732F6C6F6726706172656E742E6E616D653DE697A5E5BF97E69FA5E8AFA226697353686F773D31, '');
INSERT INTO `sys_log` VALUES ('c6f7c69d4efa4495b30ae60a380b4258', '1', '1', '2016-01-29 22:04:09', '0:0:0:0:0:0:0:1', 'Mozilla/5.0 (Windows NT 6.1; WOW64) AppleWebKit/537.36 (KHTML, like Gecko) Chrome/48.0.2564.97 Safari/537.36', '/a/sys/menu/save', 'POST', 0x69643D363826697341637469766974693D302669636F6E3D70656E63696C26736F72743D333026706172656E742E69643D3637266E616D653DE697A5E5BF97E69FA5E8AFA2267461726765743D267065726D697373696F6E3D7379733A6C6F673A7669657726687265663D2F7379732F6C6F6726706172656E742E6E616D653DE697A5E5BF97E69FA5E8AFA226697353686F773D31, '');
INSERT INTO `sys_log` VALUES ('0d6670afc8e247e485249fa53c980786', '1', '1', '2016-01-29 22:04:24', '0:0:0:0:0:0:0:1', 'Mozilla/5.0 (Windows NT 6.1; WOW64) AppleWebKit/537.36 (KHTML, like Gecko) Chrome/48.0.2564.97 Safari/537.36', '/a/sys/menu/save', 'POST', 0x69643D336638643733383063386565346365393838636361343832616266623434396426697341637469766974693D312669636F6E3D68646426736F72743D333026706172656E742E69643D3637266E616D653DE695B0E68DAEE5BA93E7AEA1E79086267461726765743D267065726D697373696F6E3D26687265663D2F64727569642F2A26706172656E742E6E616D653DE697A5E5BF97E69FA5E8AFA226697353686F773D31, '');
INSERT INTO `sys_log` VALUES ('275c92957b014d7b925209964b65af43', '2', '1', '2016-01-29 22:05:56', '0:0:0:0:0:0:0:1', 'Mozilla/5.0 (Windows NT 6.1; WOW64) AppleWebKit/537.36 (KHTML, like Gecko) Chrome/48.0.2564.97 Safari/537.36', '/a/cms/link/', 'GET', 0x63617465676F72792E69643D3139, 0x6F72672E737072696E676672616D65776F726B2E7765622E7574696C2E4E6573746564536572766C6574457863657074696F6E3A2048616E646C65722070726F63657373696E67206661696C65643B206E657374656420657863657074696F6E206973206A6176612E6C616E672E4F75744F664D656D6F72794572726F723A205065726D47656E207370616365);
INSERT INTO `sys_log` VALUES ('7112b8fca3bc4fc18c64f47f565976f8', '2', '1', '2016-01-29 22:05:59', '0:0:0:0:0:0:0:1', 'Mozilla/5.0 (Windows NT 6.1; WOW64) AppleWebKit/537.36 (KHTML, like Gecko) Chrome/48.0.2564.97 Safari/537.36', '/a/cms/link/', 'GET', 0x63617465676F72792E69643D3233, 0x6F72672E737072696E676672616D65776F726B2E7765622E7574696C2E4E6573746564536572766C6574457863657074696F6E3A2048616E646C65722070726F63657373696E67206661696C65643B206E657374656420657863657074696F6E206973206A6176612E6C616E672E4F75744F664D656D6F72794572726F723A205065726D47656E207370616365);
INSERT INTO `sys_log` VALUES ('f0a4964ede1a44e0bc4f4eb8153c4901', '2', '1', '2016-01-29 22:06:02', '0:0:0:0:0:0:0:1', 'Mozilla/5.0 (Windows NT 6.1; WOW64) AppleWebKit/537.36 (KHTML, like Gecko) Chrome/48.0.2564.97 Safari/537.36', '/a/cms/link/', 'GET', 0x63617465676F72792E69643D3231, 0x6F72672E737072696E676672616D65776F726B2E7765622E7574696C2E4E6573746564536572766C6574457863657074696F6E3A2048616E646C65722070726F63657373696E67206661696C65643B206E657374656420657863657074696F6E206973206A6176612E6C616E672E4F75744F664D656D6F72794572726F723A205065726D47656E207370616365);
INSERT INTO `sys_log` VALUES ('f626940e547a476bb947474ffca82fb8', '2', '1', '2016-01-29 22:06:05', '0:0:0:0:0:0:0:1', 'Mozilla/5.0 (Windows NT 6.1; WOW64) AppleWebKit/537.36 (KHTML, like Gecko) Chrome/48.0.2564.97 Safari/537.36', '/a/cms/link/', 'GET', 0x63617465676F72792E69643D3232, 0x6F72672E737072696E676672616D65776F726B2E7765622E7574696C2E4E6573746564536572766C6574457863657074696F6E3A2048616E646C65722070726F63657373696E67206661696C65643B206E657374656420657863657074696F6E206973206A6176612E6C616E672E4F75744F664D656D6F72794572726F723A205065726D47656E207370616365);
INSERT INTO `sys_log` VALUES ('1959450764ea478dbafd21a36185fa07', '2', '1', '2016-01-29 22:06:08', '0:0:0:0:0:0:0:1', 'Mozilla/5.0 (Windows NT 6.1; WOW64) AppleWebKit/537.36 (KHTML, like Gecko) Chrome/48.0.2564.97 Safari/537.36', '/a/cms/link/', 'GET', 0x63617465676F72792E69643D3232, 0x6F72672E737072696E676672616D65776F726B2E7765622E7574696C2E4E6573746564536572766C6574457863657074696F6E3A2048616E646C65722070726F63657373696E67206661696C65643B206E657374656420657863657074696F6E206973206A6176612E6C616E672E4F75744F664D656D6F72794572726F723A205065726D47656E207370616365);
INSERT INTO `sys_log` VALUES ('666910d5081f4fa296a3c7f4a16db6a2', '2', '1', '2016-01-29 22:06:13', '0:0:0:0:0:0:0:1', 'Mozilla/5.0 (Windows NT 6.1; WOW64) AppleWebKit/537.36 (KHTML, like Gecko) Chrome/48.0.2564.97 Safari/537.36', '/a/cms/link/', 'GET', 0x63617465676F72792E69643D3230, 0x6F72672E737072696E676672616D65776F726B2E7765622E7574696C2E4E6573746564536572766C6574457863657074696F6E3A2048616E646C65722070726F63657373696E67206661696C65643B206E657374656420657863657074696F6E206973206A6176612E6C616E672E4F75744F664D656D6F72794572726F723A205065726D47656E207370616365);
INSERT INTO `sys_log` VALUES ('22dd99c1792d4c468155f27309e7bdea', '2', '1', '2016-01-29 22:06:16', '0:0:0:0:0:0:0:1', 'Mozilla/5.0 (Windows NT 6.1; WOW64) AppleWebKit/537.36 (KHTML, like Gecko) Chrome/48.0.2564.97 Safari/537.36', '/a/cms/link/', 'GET', 0x63617465676F72792E69643D3138, 0x6F72672E737072696E676672616D65776F726B2E7765622E7574696C2E4E6573746564536572766C6574457863657074696F6E3A2048616E646C65722070726F63657373696E67206661696C65643B206E657374656420657863657074696F6E206973206A6176612E6C616E672E4F75744F664D656D6F72794572726F723A205065726D47656E207370616365);
INSERT INTO `sys_log` VALUES ('590ecc858f09458e961c4ecdabf69a64', '2', '1', '2016-01-29 22:06:19', '0:0:0:0:0:0:0:1', 'Mozilla/5.0 (Windows NT 6.1; WOW64) AppleWebKit/537.36 (KHTML, like Gecko) Chrome/48.0.2564.97 Safari/537.36', '/a/cms/link/', 'GET', 0x63617465676F72792E69643D3138, 0x6F72672E737072696E676672616D65776F726B2E7765622E7574696C2E4E6573746564536572766C6574457863657074696F6E3A2048616E646C65722070726F63657373696E67206661696C65643B206E657374656420657863657074696F6E206973206A6176612E6C616E672E4F75744F664D656D6F72794572726F723A205065726D47656E207370616365);
INSERT INTO `sys_log` VALUES ('167fc60aaf3f4671a7b572fd8f214c53', '2', '1', '2016-01-29 22:06:24', '0:0:0:0:0:0:0:1', 'Mozilla/5.0 (Windows NT 6.1; WOW64) AppleWebKit/537.36 (KHTML, like Gecko) Chrome/48.0.2564.97 Safari/537.36', '/a/cms/category/', 'GET', '', 0x6F72672E737072696E676672616D65776F726B2E7765622E7574696C2E4E6573746564536572766C6574457863657074696F6E3A2048616E646C65722070726F63657373696E67206661696C65643B206E657374656420657863657074696F6E206973206A6176612E6C616E672E4F75744F664D656D6F72794572726F723A205065726D47656E207370616365);
INSERT INTO `sys_log` VALUES ('be3d75c332bf4e70ac7440f2d185af3c', '2', '1', '2016-01-29 22:06:27', '0:0:0:0:0:0:0:1', 'Mozilla/5.0 (Windows NT 6.1; WOW64) AppleWebKit/537.36 (KHTML, like Gecko) Chrome/48.0.2564.97 Safari/537.36', '/a/cms/site/', 'GET', '', 0x6F72672E6170616368652E6A61737065722E4A6173706572457863657074696F6E3A20505743363334353A20546865726520697320616E206572726F7220696E20696E766F6B696E67206A617661632E2020412066756C6C204A444B20286E6F74206A757374204A524529206973207265717569726564);
INSERT INTO `sys_log` VALUES ('e9bb3a7a885c434785f511dc16b4e196', '2', '1', '2016-01-29 22:06:31', '0:0:0:0:0:0:0:1', 'Mozilla/5.0 (Windows NT 6.1; WOW64) AppleWebKit/537.36 (KHTML, like Gecko) Chrome/48.0.2564.97 Safari/537.36', '/a/cms/site/select', 'GET', '', 0x6F72672E6170616368652E6A61737065722E4A6173706572457863657074696F6E3A20505743363334353A20546865726520697320616E206572726F7220696E20696E766F6B696E67206A617661632E2020412066756C6C204A444B20286E6F74206A757374204A524529206973207265717569726564);
INSERT INTO `sys_log` VALUES ('0fa0b2e6003d4ebea8f6ec875fa66548', '2', '1', '2016-01-29 22:06:31', '0:0:0:0:0:0:0:1', 'Mozilla/5.0 (Windows NT 6.1; WOW64) AppleWebKit/537.36 (KHTML, like Gecko) Chrome/48.0.2564.97 Safari/537.36', '/a/cms/category/', 'GET', '', 0x6F72672E6170616368652E6A61737065722E4A6173706572457863657074696F6E3A20505743363334353A20546865726520697320616E206572726F7220696E20696E766F6B696E67206A617661632E2020412066756C6C204A444B20286E6F74206A757374204A524529206973207265717569726564);
INSERT INTO `sys_log` VALUES ('17778dfe10f246d5bb4e49ef5590c960', '2', '1', '2016-01-29 22:06:31', '0:0:0:0:0:0:0:1', 'Mozilla/5.0 (Windows NT 6.1; WOW64) AppleWebKit/537.36 (KHTML, like Gecko) Chrome/48.0.2564.97 Safari/537.36', '/a/cms/site/', 'GET', '', 0x6F72672E6170616368652E6A61737065722E4A6173706572457863657074696F6E3A20505743363334353A20546865726520697320616E206572726F7220696E20696E766F6B696E67206A617661632E2020412066756C6C204A444B20286E6F74206A757374204A524529206973207265717569726564);
INSERT INTO `sys_log` VALUES ('e05bf906d6914887a53fa755ae34c179', '2', '1', '2016-01-29 22:06:31', '0:0:0:0:0:0:0:1', 'Mozilla/5.0 (Windows NT 6.1; WOW64) AppleWebKit/537.36 (KHTML, like Gecko) Chrome/48.0.2564.97 Safari/537.36', '/a/cms/template', 'GET', '', 0x6F72672E6170616368652E6A61737065722E4A6173706572457863657074696F6E3A20505743363334353A20546865726520697320616E206572726F7220696E20696E766F6B696E67206A617661632E2020412066756C6C204A444B20286E6F74206A757374204A524529206973207265717569726564);
INSERT INTO `sys_log` VALUES ('14e8d63b959349628a987c384a1a97ff', '2', '1', '2016-01-29 22:07:52', '0:0:0:0:0:0:0:1', 'Mozilla/5.0 (Windows NT 6.1; WOW64) AppleWebKit/537.36 (KHTML, like Gecko) Chrome/48.0.2564.97 Safari/537.36', '/a/cms/template', 'GET', '', 0x6F72672E6170616368652E6A61737065722E4A6173706572457863657074696F6E3A20505743363334353A20546865726520697320616E206572726F7220696E20696E766F6B696E67206A617661632E2020412066756C6C204A444B20286E6F74206A757374204A524529206973207265717569726564);
INSERT INTO `sys_log` VALUES ('c3ee0afdd6fe41229d64a386220894da', '2', '1', '2016-01-29 22:07:51', '0:0:0:0:0:0:0:1', 'Mozilla/5.0 (Windows NT 6.1; WOW64) AppleWebKit/537.36 (KHTML, like Gecko) Chrome/48.0.2564.97 Safari/537.36', '/a/cms/category/', 'GET', '', 0x6F72672E6170616368652E6A61737065722E4A6173706572457863657074696F6E3A20505743363334353A20546865726520697320616E206572726F7220696E20696E766F6B696E67206A617661632E2020412066756C6C204A444B20286E6F74206A757374204A524529206973207265717569726564);
INSERT INTO `sys_log` VALUES ('6dd9f8778d294c28b5c8209f84d96c9c', '2', '1', '2016-01-29 22:07:55', '0:0:0:0:0:0:0:1', 'Mozilla/5.0 (Windows NT 6.1; WOW64) AppleWebKit/537.36 (KHTML, like Gecko) Chrome/48.0.2564.97 Safari/537.36', '/a/cms/site/', 'GET', '', 0x6F72672E6170616368652E6A61737065722E4A6173706572457863657074696F6E3A20505743363334353A20546865726520697320616E206572726F7220696E20696E766F6B696E67206A617661632E2020412066756C6C204A444B20286E6F74206A757374204A524529206973207265717569726564);
INSERT INTO `sys_log` VALUES ('98a20f66a06945959b2668074e8c5aea', '2', '1', '2016-01-29 22:07:55', '0:0:0:0:0:0:0:1', 'Mozilla/5.0 (Windows NT 6.1; WOW64) AppleWebKit/537.36 (KHTML, like Gecko) Chrome/48.0.2564.97 Safari/537.36', '/a/cms/site/select', 'GET', '', 0x6F72672E6170616368652E6A61737065722E4A6173706572457863657074696F6E3A20505743363334353A20546865726520697320616E206572726F7220696E20696E766F6B696E67206A617661632E2020412066756C6C204A444B20286E6F74206A757374204A524529206973207265717569726564);
INSERT INTO `sys_log` VALUES ('5f30852442674b0fabe141952f4d16ec', '2', '1', '2016-01-29 22:07:57', '0:0:0:0:0:0:0:1', 'Mozilla/5.0 (Windows NT 6.1; WOW64) AppleWebKit/537.36 (KHTML, like Gecko) Chrome/48.0.2564.97 Safari/537.36', '/a/cms/template', 'GET', '', 0x6F72672E6170616368652E6A61737065722E4A6173706572457863657074696F6E3A20505743363334353A20546865726520697320616E206572726F7220696E20696E766F6B696E67206A617661632E2020412066756C6C204A444B20286E6F74206A757374204A524529206973207265717569726564);
INSERT INTO `sys_log` VALUES ('abb3dfe159534ff08706a8dbba777082', '2', '1', '2016-01-29 22:08:08', '0:0:0:0:0:0:0:1', 'Mozilla/5.0 (Windows NT 6.1; WOW64) AppleWebKit/537.36 (KHTML, like Gecko) Chrome/48.0.2564.97 Safari/537.36', '/a/cms/site/select', 'GET', '', 0x6F72672E6170616368652E6A61737065722E4A6173706572457863657074696F6E3A20505743363334353A20546865726520697320616E206572726F7220696E20696E766F6B696E67206A617661632E2020412066756C6C204A444B20286E6F74206A757374204A524529206973207265717569726564);
INSERT INTO `sys_log` VALUES ('fd695223c24f4551a63fda5ab6a78d82', '2', '1', '2016-01-29 22:08:12', '0:0:0:0:0:0:0:1', 'Mozilla/5.0 (Windows NT 6.1; WOW64) AppleWebKit/537.36 (KHTML, like Gecko) Chrome/48.0.2564.97 Safari/537.36', '/a/cms/category/', 'GET', '', 0x6F72672E6170616368652E6A61737065722E4A6173706572457863657074696F6E3A20505743363334353A20546865726520697320616E206572726F7220696E20696E766F6B696E67206A617661632E2020412066756C6C204A444B20286E6F74206A757374204A524529206973207265717569726564);
INSERT INTO `sys_log` VALUES ('b68758d6d11443ad9ef648a2444ee27c', '2', '1', '2016-01-29 22:08:22', '0:0:0:0:0:0:0:1', 'Mozilla/5.0 (Windows NT 6.1; WOW64) AppleWebKit/537.36 (KHTML, like Gecko) Chrome/48.0.2564.97 Safari/537.36', '/a/cms/category/', 'GET', '', 0x6F72672E737072696E676672616D65776F726B2E7765622E7574696C2E4E6573746564536572766C6574457863657074696F6E3A2048616E646C65722070726F63657373696E67206661696C65643B206E657374656420657863657074696F6E206973206A6176612E6C616E672E4F75744F664D656D6F72794572726F723A205065726D47656E207370616365);
INSERT INTO `sys_log` VALUES ('e27def26fab04512ade47ef6c7fa6220', '2', '1', '2016-01-29 22:08:31', '0:0:0:0:0:0:0:1', 'Mozilla/5.0 (Windows NT 6.1; WOW64) AppleWebKit/537.36 (KHTML, like Gecko) Chrome/48.0.2564.97 Safari/537.36', '/a/cms/site/', 'GET', '', 0x6F72672E737072696E676672616D65776F726B2E7765622E7574696C2E4E6573746564536572766C6574457863657074696F6E3A2048616E646C65722070726F63657373696E67206661696C65643B206E657374656420657863657074696F6E206973206A6176612E6C616E672E4F75744F664D656D6F72794572726F723A205065726D47656E207370616365);
INSERT INTO `sys_log` VALUES ('6a386eb6ffb84091834d11dace59571d', '2', '1', '2016-01-29 22:08:35', '0:0:0:0:0:0:0:1', 'Mozilla/5.0 (Windows NT 6.1; WOW64) AppleWebKit/537.36 (KHTML, like Gecko) Chrome/48.0.2564.97 Safari/537.36', '/a/cms/template', 'GET', '', 0x6F72672E737072696E676672616D65776F726B2E7765622E7574696C2E4E6573746564536572766C6574457863657074696F6E3A2048616E646C65722070726F63657373696E67206661696C65643B206E657374656420657863657074696F6E206973206A6176612E6C616E672E4F75744F664D656D6F72794572726F723A205065726D47656E207370616365);
INSERT INTO `sys_log` VALUES ('e0b3879d16914e4d9ffd3ee61701a9ea', '2', '1', '2016-01-29 22:09:17', '0:0:0:0:0:0:0:1', 'Mozilla/5.0 (Windows NT 6.1; WOW64) AppleWebKit/537.36 (KHTML, like Gecko) Chrome/48.0.2564.97 Safari/537.36', '/a', 'GET', '', 0x6F72672E737072696E676672616D65776F726B2E7765622E7574696C2E4E6573746564536572766C6574457863657074696F6E3A2048616E646C65722070726F63657373696E67206661696C65643B206E657374656420657863657074696F6E206973206A6176612E6C616E672E4F75744F664D656D6F72794572726F723A205065726D47656E207370616365);
INSERT INTO `sys_log` VALUES ('ebeda8d953be4e5a9eca1f0ae6e1ae52', '2', '1', '2016-01-29 22:10:11', '0:0:0:0:0:0:0:1', 'Mozilla/5.0 (Windows NT 6.1; WOW64) AppleWebKit/537.36 (KHTML, like Gecko) Chrome/48.0.2564.97 Safari/537.36', '/a/sys/user/', 'GET', '', 0x6F72672E737072696E676672616D65776F726B2E7765622E7574696C2E4E6573746564536572766C6574457863657074696F6E3A2048616E646C65722070726F63657373696E67206661696C65643B206E657374656420657863657074696F6E206973206A6176612E6C616E672E4F75744F664D656D6F72794572726F723A205065726D47656E207370616365);
INSERT INTO `sys_log` VALUES ('6666c9d78d294e769cd33d296a6d233a', '2', '1', '2016-01-29 22:10:53', '0:0:0:0:0:0:0:1', 'Mozilla/5.0 (Windows NT 6.1; WOW64) AppleWebKit/537.36 (KHTML, like Gecko) Chrome/48.0.2564.97 Safari/537.36', '/a', 'GET', '', 0x6F72672E737072696E676672616D65776F726B2E7765622E7574696C2E4E6573746564536572766C6574457863657074696F6E3A2048616E646C65722070726F63657373696E67206661696C65643B206E657374656420657863657074696F6E206973206A6176612E6C616E672E4F75744F664D656D6F72794572726F723A205065726D47656E207370616365);
INSERT INTO `sys_log` VALUES ('ad28c453cf7845648bb9fef959902d9a', '1', '1', '2016-01-30 12:25:37', '0:0:0:0:0:0:0:1', 'Mozilla/5.0 (Windows NT 6.1; WOW64) AppleWebKit/537.36 (KHTML, like Gecko) Chrome/48.0.2564.97 Safari/537.36', '/a/sys/menu/save', 'POST', 0x69643D336638643733383063386565346365393838636361343832616266623434396426697341637469766974693D312669636F6E3D68646426736F72743D333026706172656E742E69643D3637266E616D653DE695B0E68DAEE5BA93E7AEA1E79086267461726765743D267065726D697373696F6E3D26687265663D2F64727569642F3126706172656E742E6E616D653DE697A5E5BF97E69FA5E8AFA226697353686F773D31, '');
INSERT INTO `sys_log` VALUES ('c28bd16785c448b68fab29570397bb0e', '1', '1', '2016-01-30 12:28:39', '0:0:0:0:0:0:0:1', 'Mozilla/5.0 (Windows NT 6.1; WOW64) AppleWebKit/537.36 (KHTML, like Gecko) Chrome/48.0.2564.97 Safari/537.36', '/a/sys/menu/save', 'POST', 0x69643D26697341637469766974693D312669636F6E3D26736F72743D333026706172656E742E69643D32266E616D653DE4B8AAE4BABAE4BFA1E681AF267461726765743D267065726D697373696F6E3D26687265663D26706172656E742E6E616D653DE7B3BBE7BB9FE8AEBEE7BDAE26697353686F773D31, '');
INSERT INTO `sys_log` VALUES ('d9510993c77b4c62a0f9a74c67bd4e2f', '1', '1', '2016-01-30 12:30:32', '0:0:0:0:0:0:0:1', 'Mozilla/5.0 (Windows NT 6.1; WOW64) AppleWebKit/537.36 (KHTML, like Gecko) Chrome/48.0.2564.97 Safari/537.36', '/a/sys/menu/save', 'POST', 0x69643D26697341637469766974693D302669636F6E3D7573657226736F72743D333026706172656E742E69643D6362666234386563653661653439383438643131303632323230366664616465266E616D653DE4B8AAE4BABAE4BFA1E681AF267461726765743D267065726D697373696F6E3D26687265663D2F7379732F757365722F696E666F26706172656E742E6E616D653DE4B8AAE4BABAE4BFA1E681AF26697353686F773D31, '');
INSERT INTO `sys_log` VALUES ('8aa6a5e081054b649dc2794d66a1efc0', '1', '1', '2016-01-30 12:31:38', '0:0:0:0:0:0:0:1', 'Mozilla/5.0 (Windows NT 6.1; WOW64) AppleWebKit/537.36 (KHTML, like Gecko) Chrome/48.0.2564.97 Safari/537.36', '/a/sys/menu/save', 'POST', 0x69643D26697341637469766974693D302669636F6E3D6C6F636B26736F72743D333026706172656E742E69643D6362666234386563653661653439383438643131303632323230366664616465266E616D653DE4BFAEE694B9E5AF86E7A081267461726765743D267065726D697373696F6E3D26687265663D2F7379732F757365722F6D6F6469667950776426706172656E742E6E616D653DE4B8AAE4BABAE4BFA1E681AF26697353686F773D31, '');
INSERT INTO `sys_log` VALUES ('11aaaeb8e4f14456a79e104758b35dac', '1', '1', '2016-01-30 12:32:29', '0:0:0:0:0:0:0:1', 'Mozilla/5.0 (Windows NT 6.1; WOW64) AppleWebKit/537.36 (KHTML, like Gecko) Chrome/48.0.2564.97 Safari/537.36', '/a/sys/menu/delete', 'GET', 0x69643D3237, '');
INSERT INTO `sys_log` VALUES ('a8f5293f237d4902a01637434dcb090e', '1', '1', '2016-01-30 12:33:07', '0:0:0:0:0:0:0:1', 'Mozilla/5.0 (Windows NT 6.1; WOW64) AppleWebKit/537.36 (KHTML, like Gecko) Chrome/48.0.2564.97 Safari/537.36', '/a/sys/menu/updateSort', 'POST', 0x736F7274733D323030266964733D3632, '');
INSERT INTO `sys_log` VALUES ('a3d8e9e3e3c64d3881016c102b657102', '1', '1', '2016-01-30 12:36:58', '0:0:0:0:0:0:0:1', 'Mozilla/5.0 (Windows NT 6.1; WOW64) AppleWebKit/537.36 (KHTML, like Gecko) Chrome/48.0.2564.97 Safari/537.36', '/a/cms/site/save', 'POST', 0x69643D266C6F676F3D267469746C653DE8AEA1E7AE97E69CBAE7BD91E7BB9C266B6579776F7264733DE8AEA1E7AE97E69CBAE7BD91E7BB9C266465736372697074696F6E3DE8AEA1E7AE97E69CBAE7BD91E7BB9C26637573746F6D496E646578566965773D266E616D653DE8AEA1E7AE97E69CBAE7BD91E7BB9C267468656D653D626173696326636F707972696768743D, '');
INSERT INTO `sys_log` VALUES ('4a93eb159bb64925bbd3b3f4f0188285', '2', '1', '2016-01-30 12:38:02', '0:0:0:0:0:0:0:1', 'Mozilla/5.0 (Windows NT 6.1; WOW64) AppleWebKit/537.36 (KHTML, like Gecko) Chrome/48.0.2564.97 Safari/537.36', '/f/index-1ae6535a09a242dfbe95d35253b7f689.html', 'GET', '', 0x6A6176612E6C616E672E496E6465784F75744F66426F756E6473457863657074696F6E3A20496E6465783A20302C2053697A653A2030);
INSERT INTO `sys_log` VALUES ('353aa82e89954ac5b7c9a62c10f34147', '1', '1', '2016-01-30 12:38:21', '0:0:0:0:0:0:0:1', 'Mozilla/5.0 (Windows NT 6.1; WOW64) AppleWebKit/537.36 (KHTML, like Gecko) Chrome/48.0.2564.97 Safari/537.36', '/a/cms/site/delete', 'GET', 0x69643D3161653635333561303961323432646662653935643335323533623766363839, '');
INSERT INTO `sys_log` VALUES ('fe8ad192e8bb4472a7cebc4c87439b6e', '1', '1', '2016-01-30 12:38:50', '0:0:0:0:0:0:0:1', 'Mozilla/5.0 (Windows NT 6.1; WOW64) AppleWebKit/537.36 (KHTML, like Gecko) Chrome/48.0.2564.97 Safari/537.36', '/a/cms/site/save', 'POST', 0x69643D32266C6F676F3D267469746C653DE8AEA1E7AE97E69CBAE7BD91E7BB9C266B6579776F7264733DE8AEA1E7AE97E69CBAE7BD91E7BB9C266465736372697074696F6E3DE8AEA1E7AE97E69CBAE7BD91E7BB9C26637573746F6D496E646578566965773D266E616D653DE8AEA1E7AE97E69CBAE7BD91E7BB9C267468656D653D626173696326636F707972696768743D0D0A09436F7079726967687420C2A920323031352D32303135205468696E6B47656D202D20506F7765726564204279204A6565536974652056312E300D0A, '');
INSERT INTO `sys_log` VALUES ('3f86e80dbf9b4b25b4c2407246bf3549', '1', '1', '2016-01-30 15:29:44', '0:0:0:0:0:0:0:1', 'Mozilla/5.0 (Windows NT 6.1; WOW64) AppleWebKit/537.36 (KHTML, like Gecko) Chrome/48.0.2564.97 Safari/537.36', '/a/oa/leave/save', 'POST', 0x69643D26737461727454696D653D323031362D30312D33302031353A32393A323126656E6454696D653D323031362D30312D33312031353A32393A323326726561736F6E3DE6B58BE8AF95E8AFB7E58187266C65617665547970653D31, '');
INSERT INTO `sys_log` VALUES ('bd15e2df92fa49dfb70a97a07cea43e4', '1', '2', '2016-01-30 15:41:27', '0:0:0:0:0:0:0:1', 'Mozilla/5.0 (Windows NT 6.1; WOW64) AppleWebKit/537.36 (KHTML, like Gecko) Chrome/48.0.2564.97 Safari/537.36', '/a/sys/user/save', 'POST', 0x70686F6E653D74657374266E657750617373776F72643D266E6F3D74657374266F6C644C6F67696E4E616D653D26726F6C6549644C6973743D362672656D61726B733D74657374266F66666963652E69643D3126636F6D70616E792E6E616D653DE58C97E4BAACE5B882E680BBE585ACE58FB82675736572547970653D3326636F6E6669726D4E657750617373776F72643D2669643D265F726F6C6549644C6973743D6F6E26656D61696C3D746573744071712E636F6D266F66666963652E6E616D653DE58C97E4BAACE5B882E680BBE585ACE58FB8266E616D653D7465737426636F6D70616E792E69643D31266C6F67696E4E616D653D74657374266D6F62696C653D74657374, '');
INSERT INTO `sys_log` VALUES ('53969a7ae64b4504a1bd91efd3f5ce0e', '1', '83ced196f8524396ab0b617f235979eb', '2016-01-30 15:42:48', '0:0:0:0:0:0:0:1', 'Mozilla/5.0 (Windows NT 6.1; WOW64) AppleWebKit/537.36 (KHTML, like Gecko) Chrome/48.0.2564.97 Safari/537.36', '/a/sys/role/save', 'POST', 0x69643D36266D656E754964733D312C33312C34302C34312C34322C34342C34332C34352C34362C34382C34372C34392C35302C35322C35312C35332C35342C35352C35362C35382C35372C35392C36302C36312C33322C33332C33352C33342C33362C33372C33382C3339266461746153636F70653D38266F66666963652E6E616D653DE58C97E4BAACE5B882E680BBE585ACE58FB8266E616D653DE699AEE9809AE794A8E688B7266F66666963654964733D266F66666963652E69643D31266F6C644E616D653DE699AEE9809AE794A8E688B7, '');
INSERT INTO `sys_log` VALUES ('9f5cf45472dd45858cadec97349d6fc3', '1', '1', '2016-01-30 16:00:34', '0:0:0:0:0:0:0:1', 'Mozilla/5.0 (Windows NT 6.1; WOW64; rv:36.0) Gecko/20100101 Firefox/36.0', '/a/sys/user/save', 'POST', 0x70686F6E653D38363735266E657750617373776F72643D266E6F3D30303032266F6C644C6F67696E4E616D653D61646D696E26726F6C6549644C6973743D312672656D61726B733DE7AEA1E79086E59198266F66666963652E69643D3126636F6D70616E792E6E616D653DE58C97E4BAACE5B882E680BBE585ACE58FB82675736572547970653D26636F6E6669726D4E657750617373776F72643D2669643D32265F726F6C6549644C6973743D6F6E26656D61696C3D7468696E6B67656D403136332E636F6D266F66666963652E6E616D653DE58C97E4BAACE5B882E680BBE585ACE58FB8266E616D653DE7AEA1E79086E5919826636F6D70616E792E69643D31266C6F67696E4E616D653D61646D696E266D6F62696C653D38363735, '');
INSERT INTO `sys_log` VALUES ('506173725bca417c837bc1e89dc8e193', '1', '1', '2016-01-30 16:45:44', '0:0:0:0:0:0:0:1', 'Mozilla/5.0 (Windows NT 6.1; WOW64; rv:36.0) Gecko/20100101 Firefox/36.0', '/a/sys/menu/save', 'POST', 0x69643D336638643733383063386565346365393838636361343832616266623434396426697341637469766974693D312669636F6E3D68646426736F72743D333026706172656E742E69643D3637266E616D653DE695B0E68DAEE5BA93E7AEA1E79086267461726765743D267065726D697373696F6E3D7379733A6C6F673A646226687265663D2F7379732F646226706172656E742E6E616D653DE697A5E5BF97E69FA5E8AFA226697353686F773D31, '');
INSERT INTO `sys_log` VALUES ('72b68700bc6144dda211c0a49dc5a39a', '1', '1', '2016-01-30 16:46:39', '0:0:0:0:0:0:0:1', 'Mozilla/5.0 (Windows NT 6.1; WOW64; rv:36.0) Gecko/20100101 Firefox/36.0', '/a/sys/menu/save', 'POST', 0x69643D336638643733383063386565346365393838636361343832616266623434396426697341637469766974693D302669636F6E3D68646426736F72743D333026706172656E742E69643D3637266E616D653DE695B0E68DAEE5BA93E7AEA1E79086267461726765743D267065726D697373696F6E3D7379733A6C6F673A646226687265663D2F7379732F6C6F672F646226706172656E742E6E616D653DE697A5E5BF97E69FA5E8AFA226697353686F773D31, '');
INSERT INTO `sys_log` VALUES ('82c5f0c15e7a4d4f996959a50e8159b8', '1', '1', '2016-01-30 16:53:09', '0:0:0:0:0:0:0:1', 'Mozilla/5.0 (Windows NT 6.1; WOW64; rv:36.0) Gecko/20100101 Firefox/36.0', '/a/sys/menu/save', 'POST', 0x69643D26697341637469766974693D302669636F6E3D26736F72743D333026706172656E742E69643D31266E616D653D485549E982AEE7AEB1267461726765743D267065726D697373696F6E3D26687265663D26706172656E742E6E616D653DE9A1B6E7BAA7E88F9CE58D9526697353686F773D31, '');
INSERT INTO `sys_log` VALUES ('2e1e091794d042f495b850b8daa34715', '1', '1', '2016-01-30 16:53:38', '0:0:0:0:0:0:0:1', 'Mozilla/5.0 (Windows NT 6.1; WOW64; rv:36.0) Gecko/20100101 Firefox/36.0', '/a/sys/menu/updateSort', 'POST', 0x736F7274733D343030266964733D3731313735373066396166663434633661343138356636373038663364616135, '');
INSERT INTO `sys_log` VALUES ('ab692f37ee4c4ed7a4c636084000bdd5', '1', '1', '2016-01-30 16:58:19', '0:0:0:0:0:0:0:1', 'Mozilla/5.0 (Windows NT 6.1; WOW64; rv:36.0) Gecko/20100101 Firefox/36.0', '/a/sys/menu/save', 'POST', 0x69643D323426697341637469766974693D302669636F6E3D68616E642D726967687426736F72743D333026706172656E742E69643D3233266E616D653DE9A1B9E79BAEE9A696E9A1B5267461726765743D5F626C616E6B267065726D697373696F6E3D26687265663D687474703A2F2F6A6565736974652E636F6D26706172656E742E6E616D653DE585B3E4BA8EE5B8AEE58AA926697353686F773D31, '');
INSERT INTO `sys_log` VALUES ('85ca0c659ea24c91881a411e695e1bc6', '1', '1', '2016-01-30 17:54:58', '0:0:0:0:0:0:0:1', 'Mozilla/5.0 (Windows NT 6.1; WOW64; rv:36.0) Gecko/20100101 Firefox/36.0', '/a/cms/article/save', 'POST', 0x7765696768743D30266B6579776F7264733DE585B3E994AEE5AD97312CE585B3E994AEE5AD97322663617465676F72792E69643D3326637573746F6D436F6E74656E74566965773D2663617465676F72792E6E616D653DE7BD91E7AB99E7AE80E4BB8B266C696E6B3D2661727469636C65446174612E636F707966726F6D3DE69DA5E6BA90265F706F7369644C6973743D6F6E26696D6167653D2661727469636C65446174612E616C6C6F77436F6D6D656E743D312669643D312661727469636C65446174612E72656C6174696F6E3D312C322C332C267469746C653DE69687E7ABA0E6A087E9A298E6A087E9A298E6A087E9A298E6A087E9A29826636F6C6F723D7265642661727469636C65446174612E636F6E74656E743D0D0A09E69687E7ABA0E58685E5AEB9E58685E5AEB9E58685E5AEB9E58685E5AEB90D0A266465736372697074696F6E3D26776569676874446174653D26637265617465446174653D323031332D30352D32372030383A30303A30302676696577436F6E6669673D2664656C466C61673D30, '');
INSERT INTO `sys_log` VALUES ('993bd13125174f238439df3aa1304bbd', '1', '1', '2016-01-30 19:49:15', '0:0:0:0:0:0:0:1', 'Mozilla/5.0 (Windows NT 6.1; WOW64) AppleWebKit/537.36 (KHTML, like Gecko) Chrome/48.0.2564.97 Safari/537.36', '/a/sys/menu/save', 'POST', 0x69643D26697341637469766974693D302669636F6E3D656E76656C6F706526736F72743D333026706172656E742E69643D3731313735373066396166663434633661343138356636373038663364616135266E616D653D485549E982AEE7AEB1267461726765743D267065726D697373696F6E3D26687265663D26706172656E742E6E616D653D485549E982AEE7AEB126697353686F773D31, '');
INSERT INTO `sys_log` VALUES ('ded77386644e46cd8c43aac9b90af85e', '1', '1', '2016-01-30 19:50:04', '0:0:0:0:0:0:0:1', 'Mozilla/5.0 (Windows NT 6.1; WOW64) AppleWebKit/537.36 (KHTML, like Gecko) Chrome/48.0.2564.97 Safari/537.36', '/a/sys/menu/save', 'POST', 0x69643D393463653130316336613266343136646164343533313863643864626432623426697341637469766974693D302669636F6E3D26736F72743D333026706172656E742E69643D3731313735373066396166663434633661343138356636373038663364616135266E616D653D485549E982AEE7AEB1267461726765743D267065726D697373696F6E3D26687265663D26706172656E742E6E616D653D485549E982AEE7AEB126697353686F773D31, '');
INSERT INTO `sys_log` VALUES ('d556bbc65a34487a82fa07fcbe31b3ea', '1', '1', '2016-01-30 19:50:39', '0:0:0:0:0:0:0:1', 'Mozilla/5.0 (Windows NT 6.1; WOW64) AppleWebKit/537.36 (KHTML, like Gecko) Chrome/48.0.2564.97 Safari/537.36', '/a/sys/menu/save', 'POST', 0x69643D26697341637469766974693D302669636F6E3D656E76656C6F706526736F72743D333026706172656E742E69643D3934636531303163366132663431366461643435333138636438646264326234266E616D653DE58699E4BFA1267461726765743D267065726D697373696F6E3D26687265663D26706172656E742E6E616D653D485549E982AEE7AEB126697353686F773D31, '');
INSERT INTO `sys_log` VALUES ('f53e3d872057402a9dc6a877faad19c1', '1', '1', '2016-01-30 19:51:33', '0:0:0:0:0:0:0:1', 'Mozilla/5.0 (Windows NT 6.1; WOW64) AppleWebKit/537.36 (KHTML, like Gecko) Chrome/48.0.2564.97 Safari/537.36', '/a/sys/menu/save', 'POST', 0x69643D26697341637469766974693D302669636F6E3D636F6D6D656E7426736F72743D333026706172656E742E69643D3934636531303163366132663431366461643435333138636438646264326234266E616D653DE694B6E4BBB6E7AEB1267461726765743D267065726D697373696F6E3D26687265663D26706172656E742E6E616D653D485549E982AEE7AEB126697353686F773D31, '');
INSERT INTO `sys_log` VALUES ('56b79c501b564607972789d9f3af5022', '1', '1', '2016-01-30 19:52:30', '0:0:0:0:0:0:0:1', 'Mozilla/5.0 (Windows NT 6.1; WOW64) AppleWebKit/537.36 (KHTML, like Gecko) Chrome/48.0.2564.97 Safari/537.36', '/a/sys/menu/save', 'POST', 0x69643D26697341637469766974693D302669636F6E3D747261736826736F72743D333026706172656E742E69643D3934636531303163366132663431366461643435333138636438646264326234266E616D653DE59E83E59CBEE7AEB1267461726765743D267065726D697373696F6E3D26687265663D26706172656E742E6E616D653D485549E982AEE7AEB126697353686F773D31, '');
INSERT INTO `sys_log` VALUES ('0bca19e36dda410ba8ffa3f6a4f95554', '1', '1', '2016-01-30 19:58:19', '0:0:0:0:0:0:0:1', 'Mozilla/5.0 (Windows NT 6.1; WOW64) AppleWebKit/537.36 (KHTML, like Gecko) Chrome/48.0.2564.97 Safari/537.36', '/a/sys/menu/save', 'POST', 0x69643D26697341637469766974693D302669636F6E3D66696C6526736F72743D333026706172656E742E69643D3934636531303163366132663431366461643435333138636438646264326234266E616D653DE88D89E7A8BFE7AEB1267461726765743D267065726D697373696F6E3D26687265663D26706172656E742E6E616D653D485549E982AEE7AEB126697353686F773D31, '');
INSERT INTO `sys_log` VALUES ('3e2e710f04fa45db830923167f135ccc', '1', '1', '2016-01-30 20:09:57', '0:0:0:0:0:0:0:1', 'Mozilla/5.0 (Windows NT 6.1; WOW64; rv:36.0) Gecko/20100101 Firefox/36.0', '/a/sys/menu/save', 'POST', 0x69643D353462656539366439393466343761313939326463643665633965363264396626697341637469766974693D302669636F6E3D656E76656C6F706526736F72743D333026706172656E742E69643D3934636531303163366132663431366461643435333138636438646264326234266E616D653DE58699E4BFA1267461726765743D267065726D697373696F6E3D26687265663D2F7379732F757365722F696E666F26706172656E742E6E616D653D485549E982AEE7AEB126697353686F773D31, '');
INSERT INTO `sys_log` VALUES ('373af73bbdcc4e7b8d0c86f2bfc21803', '2', '1', '2016-01-31 20:34:48', '0:0:0:0:0:0:0:1', 'Mozilla/5.0 (Windows NT 6.1; WOW64) AppleWebKit/537.36 (KHTML, like Gecko) Chrome/48.0.2564.97 Safari/537.36', '/a/sys/user/', 'GET', '', 0x6F72672E737072696E676672616D65776F726B2E7765622E7574696C2E4E6573746564536572766C6574457863657074696F6E3A2048616E646C65722070726F63657373696E67206661696C65643B206E657374656420657863657074696F6E206973206A6176612E6C616E672E4F75744F664D656D6F72794572726F723A205065726D47656E207370616365);
INSERT INTO `sys_log` VALUES ('96d9384f7e044eb0a977f08a828ebeaa', '2', '1', '2016-01-31 20:35:31', '0:0:0:0:0:0:0:1', 'Mozilla/5.0 (Windows NT 6.1; WOW64) AppleWebKit/537.36 (KHTML, like Gecko) Chrome/48.0.2564.97 Safari/537.36', '/a/sys/area/', 'GET', '', 0x6F72672E737072696E676672616D65776F726B2E7765622E7574696C2E4E6573746564536572766C6574457863657074696F6E3A2048616E646C65722070726F63657373696E67206661696C65643B206E657374656420657863657074696F6E206973206A6176612E6C616E672E4F75744F664D656D6F72794572726F723A205065726D47656E207370616365);
INSERT INTO `sys_log` VALUES ('71088ad2e50f4442a5518cb889c7e157', '2', '1', '2016-01-31 20:35:32', '0:0:0:0:0:0:0:1', 'Mozilla/5.0 (Windows NT 6.1; WOW64) AppleWebKit/537.36 (KHTML, like Gecko) Chrome/48.0.2564.97 Safari/537.36', '/a/sys/office/', 'GET', '', 0x6F72672E737072696E676672616D65776F726B2E7765622E7574696C2E4E6573746564536572766C6574457863657074696F6E3A2048616E646C65722070726F63657373696E67206661696C65643B206E657374656420657863657074696F6E206973206A6176612E6C616E672E4F75744F664D656D6F72794572726F723A205065726D47656E207370616365);
INSERT INTO `sys_log` VALUES ('9ff21e007cdd4d20bfe06e7c9a35f008', '2', '1', '2016-01-31 21:12:20', '0:0:0:0:0:0:0:1', 'Mozilla/5.0 (Windows NT 6.1; WOW64) AppleWebKit/537.36 (KHTML, like Gecko) Chrome/48.0.2564.97 Safari/537.36', '/a/cms/guestbook/save', 'POST', 0x69643D31653130616566343435356534623961626263386338663230313537346337342664656C466C61673D30267265436F6E74656E743DE5B08648696265726E61746520536561726368E99B86E68890E8BF9BE5B7B2E69C89E9A1B9E79BAEE4B8ADEFBC8CE5AE9EE78EB0E585A8E69687E6A380E7B4A2E58A9FE883BD0D0AE5B08648696265726E61746520536561726368E99B86E68890E8BF9BE5B7B2E69C89E9A1B9E79BAEE4B8ADEFBC8CE5AE9EE78EB0E585A82E2E2E, 0x6F72672E737072696E676672616D65776F726B2E64616F2E44617461496E7465677269747956696F6C6174696F6E457863657074696F6E3A20636F756C64206E6F7420657865637574652073746174656D656E743B2053514C205B6E2F615D3B206E657374656420657863657074696F6E206973206F72672E68696265726E6174652E657863657074696F6E2E44617461457863657074696F6E3A20636F756C64206E6F7420657865637574652073746174656D656E74);
INSERT INTO `sys_log` VALUES ('10bf1fc526874403872b859e22ec17d5', '1', '1', '2016-01-31 21:12:52', '0:0:0:0:0:0:0:1', 'Mozilla/5.0 (Windows NT 6.1; WOW64) AppleWebKit/537.36 (KHTML, like Gecko) Chrome/48.0.2564.97 Safari/537.36', '/a/cms/guestbook/save', 'POST', 0x69643D31653130616566343435356534623961626263386338663230313537346337342664656C466C61673D30267265436F6E74656E743DE5B08648696265726E61746520536561726368E99B86E68890E8BF9BE5B7B2E69C89E9A1B9E79BAEE4B8ADEFBC8CE5AE9EE78EB0E585A8E69687E6A380E7B4A2E58A9FE883BD, '');
INSERT INTO `sys_log` VALUES ('4dc0fe17090e405992220ac4fe3b4f95', '1', '1', '2016-01-31 21:38:59', '0:0:0:0:0:0:0:1', 'Mozilla/5.0 (Windows NT 6.1; WOW64; rv:36.0) Gecko/20100101 Firefox/36.0', '/a/sys/menu/save', 'POST', 0x69643D376638633133303537393436343565616232346337376265373736316337346226697341637469766974693D302669636F6E3D636F6D6D656E7426736F72743D333026706172656E742E69643D3934636531303163366132663431366461643435333138636438646264326234266E616D653DE694B6E4BBB6E7AEB1267461726765743D267065726D697373696F6E3D656D61696C3A726563656976653A7669657726687265663D2F656D61696C2F6C69737426706172656E742E6E616D653D485549E982AEE7AEB126697353686F773D31, '');
INSERT INTO `sys_log` VALUES ('870cd2105514414289c14e8377b87037', '1', '1', '2016-01-31 22:18:19', '0:0:0:0:0:0:0:1', 'Mozilla/5.0 (Windows NT 6.1; WOW64) AppleWebKit/537.36 (KHTML, like Gecko) Chrome/48.0.2564.97 Safari/537.36', '/a/sys/menu/updateSort', 'POST', 0x736F7274733D313030266964733D32, '');
INSERT INTO `sys_log` VALUES ('cec66fa2d75a4093b6bd3a504891fe8c', '2', '1', '2016-01-31 22:37:17', '0:0:0:0:0:0:0:1', 'Mozilla/5.0 (Windows NT 6.1; WOW64) AppleWebKit/537.36 (KHTML, like Gecko) Chrome/48.0.2564.97 Safari/537.36', '/a/email/list', 'GET', '', 0x6A6176612E6C616E672E496C6C6567616C5374617465457863657074696F6E3A204E6569746865722042696E64696E67526573756C74206E6F7220706C61696E20746172676574206F626A65637420666F72206265616E206E616D6520276C656176652720617661696C61626C65206173207265717565737420617474726962757465);
INSERT INTO `sys_log` VALUES ('b9f831ea37d14cc9bcef8bcbc4f0a0c0', '2', '1', '2016-01-31 22:37:22', '0:0:0:0:0:0:0:1', 'Mozilla/5.0 (Windows NT 6.1; WOW64) AppleWebKit/537.36 (KHTML, like Gecko) Chrome/48.0.2564.97 Safari/537.36', '/a/email/list', 'GET', '', 0x6A6176612E6C616E672E496C6C6567616C5374617465457863657074696F6E3A204E6569746865722042696E64696E67526573756C74206E6F7220706C61696E20746172676574206F626A65637420666F72206265616E206E616D6520276C656176652720617661696C61626C65206173207265717565737420617474726962757465);
INSERT INTO `sys_log` VALUES ('83e76d9c44434d98bcf8a0f0c0e2d556', '2', '1', '2016-01-31 22:42:59', '0:0:0:0:0:0:0:1', 'Mozilla/5.0 (Windows NT 6.1; WOW64) AppleWebKit/537.36 (KHTML, like Gecko) Chrome/48.0.2564.97 Safari/537.36', '/a/email/list', 'GET', '', 0x6A6176612E6C616E672E496C6C6567616C5374617465457863657074696F6E3A204E6569746865722042696E64696E67526573756C74206E6F7220706C61696E20746172676574206F626A65637420666F72206265616E206E616D6520276C656176652720617661696C61626C65206173207265717565737420617474726962757465);
INSERT INTO `sys_log` VALUES ('a4c6583d6ce649609308aa11774f0b44', '2', '1', '2016-01-31 22:50:25', '0:0:0:0:0:0:0:1', 'Mozilla/5.0 (Windows NT 6.1; WOW64) AppleWebKit/537.36 (KHTML, like Gecko) Chrome/48.0.2564.97 Safari/537.36', '/a/email/list', 'GET', '', 0x6A6176612E6C616E672E496C6C6567616C5374617465457863657074696F6E3A204E6569746865722042696E64696E67526573756C74206E6F7220706C61696E20746172676574206F626A65637420666F72206265616E206E616D6520276C656176652720617661696C61626C65206173207265717565737420617474726962757465);
INSERT INTO `sys_log` VALUES ('5520c739dc7e40fe85b1f654c44d257e', '2', '1', '2016-01-31 22:50:55', '0:0:0:0:0:0:0:1', 'Mozilla/5.0 (Windows NT 6.1; WOW64) AppleWebKit/537.36 (KHTML, like Gecko) Chrome/48.0.2564.97 Safari/537.36', '/a/email/list', 'GET', '', 0x6A6176612E6C616E672E496C6C6567616C5374617465457863657074696F6E3A204E6569746865722042696E64696E67526573756C74206E6F7220706C61696E20746172676574206F626A65637420666F72206265616E206E616D6520276C656176652720617661696C61626C65206173207265717565737420617474726962757465);
INSERT INTO `sys_log` VALUES ('f4ea47a664264e4b8223421650c5d2f1', '2', '1', '2016-01-31 22:50:59', '0:0:0:0:0:0:0:1', 'Mozilla/5.0 (Windows NT 6.1; WOW64) AppleWebKit/537.36 (KHTML, like Gecko) Chrome/48.0.2564.97 Safari/537.36', '/a/email/list', 'GET', '', 0x6A6176612E6C616E672E496C6C6567616C5374617465457863657074696F6E3A204E6569746865722042696E64696E67526573756C74206E6F7220706C61696E20746172676574206F626A65637420666F72206265616E206E616D6520276C656176652720617661696C61626C65206173207265717565737420617474726962757465);
INSERT INTO `sys_log` VALUES ('9915fdcf74fe4aec9ec7b79453ccaaa9', '2', '1', '2016-01-31 22:51:02', '0:0:0:0:0:0:0:1', 'Mozilla/5.0 (Windows NT 6.1; WOW64) AppleWebKit/537.36 (KHTML, like Gecko) Chrome/48.0.2564.97 Safari/537.36', '/a/email/list', 'GET', '', 0x6A6176612E6C616E672E496C6C6567616C5374617465457863657074696F6E3A204E6569746865722042696E64696E67526573756C74206E6F7220706C61696E20746172676574206F626A65637420666F72206265616E206E616D6520276C656176652720617661696C61626C65206173207265717565737420617474726962757465);
INSERT INTO `sys_log` VALUES ('54ad17369765449fb2e365c0d4cd2fd0', '2', '1', '2016-01-31 22:53:23', '0:0:0:0:0:0:0:1', 'Mozilla/5.0 (Windows NT 6.1; WOW64) AppleWebKit/537.36 (KHTML, like Gecko) Chrome/48.0.2564.97 Safari/537.36', '/a/email/list', 'GET', '', 0x6A6176612E6C616E672E496C6C6567616C5374617465457863657074696F6E3A204E6569746865722042696E64696E67526573756C74206E6F7220706C61696E20746172676574206F626A65637420666F72206265616E206E616D6520276C656176652720617661696C61626C65206173207265717565737420617474726962757465);
INSERT INTO `sys_log` VALUES ('94225d69dec0421cb70689d131b1fa69', '2', '1', '2016-01-31 22:53:27', '0:0:0:0:0:0:0:1', 'Mozilla/5.0 (Windows NT 6.1; WOW64) AppleWebKit/537.36 (KHTML, like Gecko) Chrome/48.0.2564.97 Safari/537.36', '/a/email/list', 'GET', '', 0x6A6176612E6C616E672E496C6C6567616C5374617465457863657074696F6E3A204E6569746865722042696E64696E67526573756C74206E6F7220706C61696E20746172676574206F626A65637420666F72206265616E206E616D6520276C656176652720617661696C61626C65206173207265717565737420617474726962757465);
INSERT INTO `sys_log` VALUES ('58f145e50fb043dfb2eb354ac06b68d4', '1', '1', '2016-02-02 21:56:02', '0:0:0:0:0:0:0:1', 'Mozilla/5.0 (Windows NT 6.1; WOW64) AppleWebKit/537.36 (KHTML, like Gecko) Chrome/48.0.2564.97 Safari/537.36', '/a/sys/menu/save', 'POST', 0x69643D26697341637469766974693D302669636F6E3D26736F72743D31303026706172656E742E69643D31266E616D653DE4B8AAE4BABAE99DA2E69DBF267461726765743D267065726D697373696F6E3D26687265663D26706172656E742E6E616D653DE9A1B6E7BAA7E88F9CE58D9526697353686F773D31, '');
INSERT INTO `sys_log` VALUES ('0f9a83d1938b444c8701dd1c61f73d3e', '1', '1', '2016-02-02 21:56:31', '0:0:0:0:0:0:0:1', 'Mozilla/5.0 (Windows NT 6.1; WOW64) AppleWebKit/537.36 (KHTML, like Gecko) Chrome/48.0.2564.97 Safari/537.36', '/a/sys/menu/updateSort', 'POST', 0x736F7274733D333030266964733D32, '');
INSERT INTO `sys_log` VALUES ('a0e1e2bcb8b84ff0832751199238a285', '1', '1', '2016-02-02 21:56:42', '0:0:0:0:0:0:0:1', 'Mozilla/5.0 (Windows NT 6.1; WOW64) AppleWebKit/537.36 (KHTML, like Gecko) Chrome/48.0.2564.97 Safari/537.36', '/a/sys/menu/save', 'POST', 0x69643D636266623438656365366165343938343864313130363232323036666461646526697341637469766974693D302669636F6E3D26736F72743D333026706172656E742E69643D32266E616D653DE4B8AAE4BABAE4BFA1E681AF267461726765743D267065726D697373696F6E3D26687265663D26706172656E742E6E616D653DE7B3BBE7BB9FE8AEBEE7BDAE26697353686F773D31, '');
INSERT INTO `sys_log` VALUES ('17fe2a3b516443f9b8ceb65970202ed9', '1', '1', '2016-02-02 21:56:49', '0:0:0:0:0:0:0:1', 'Mozilla/5.0 (Windows NT 6.1; WOW64) AppleWebKit/537.36 (KHTML, like Gecko) Chrome/48.0.2564.97 Safari/537.36', '/a/sys/menu/save', 'POST', 0x69643D373935326364393137366533343730643864656537373962326634656238656226697341637469766974693D312669636F6E3D7573657226736F72743D333026706172656E742E69643D6362666234386563653661653439383438643131303632323230366664616465266E616D653DE4B8AAE4BABAE4BFA1E681AF267461726765743D267065726D697373696F6E3D26687265663D2F7379732F757365722F696E666F26706172656E742E6E616D653DE4B8AAE4BABAE4BFA1E681AF26697353686F773D31, '');
INSERT INTO `sys_log` VALUES ('bf70da34899240748c86dbde2c8ce2a7', '1', '1', '2016-02-02 21:57:25', '0:0:0:0:0:0:0:1', 'Mozilla/5.0 (Windows NT 6.1; WOW64) AppleWebKit/537.36 (KHTML, like Gecko) Chrome/48.0.2564.97 Safari/537.36', '/a/sys/menu/updateSort', 'POST', 0x736F7274733D333030266964733D3632, '');
INSERT INTO `sys_log` VALUES ('ea6b620d0b7e4a0c80021ca646209b5b', '1', '1', '2016-02-02 22:01:02', '0:0:0:0:0:0:0:1', 'Mozilla/5.0 (Windows NT 6.1; WOW64) AppleWebKit/537.36 (KHTML, like Gecko) Chrome/48.0.2564.97 Safari/537.36', '/a/sys/menu/save', 'POST', 0x69643D26697341637469766974693D312669636F6E3D26736F72743D333026706172656E742E69643D3661643633626630383132323464313861376534616266363934393839376335266E616D653DE4B8AAE4BABAE4BFA1E681AF267461726765743D267065726D697373696F6E3D26687265663D26706172656E742E6E616D653DE4B8AAE4BABAE99DA2E69DBF26697353686F773D31, '');
INSERT INTO `sys_log` VALUES ('3202b460ae924f4c9d9c38a040268fd4', '1', '1', '2016-02-02 22:03:06', '0:0:0:0:0:0:0:1', 'Mozilla/5.0 (Windows NT 6.1; WOW64) AppleWebKit/537.36 (KHTML, like Gecko) Chrome/48.0.2564.97 Safari/537.36', '/a/sys/menu/save', 'POST', 0x69643D346466316565626233346234343331326137313237666565333762646332633426697341637469766974693D302669636F6E3D26736F72743D333026706172656E742E69643D3661643633626630383132323464313861376534616266363934393839376335266E616D653DE4B8AAE4BABAE4BFA1E681AF267461726765743D267065726D697373696F6E3D26687265663D26706172656E742E6E616D653DE4B8AAE4BABAE99DA2E69DBF26697353686F773D31, '');
INSERT INTO `sys_log` VALUES ('0f5de2f0f63e430b9681fa0b0728b1e9', '1', '1', '2016-02-02 22:03:50', '0:0:0:0:0:0:0:1', 'Mozilla/5.0 (Windows NT 6.1; WOW64) AppleWebKit/537.36 (KHTML, like Gecko) Chrome/48.0.2564.97 Safari/537.36', '/a/sys/menu/save', 'POST', 0x69643D26697341637469766974693D312669636F6E3D7573657226736F72743D333026706172656E742E69643D3464663165656262333462343433313261373132376665653337626463326334266E616D653DE4B8AAE4BABAE4BFA1E681AF267461726765743D267065726D697373696F6E3D26687265663D2F7379732F757365722F696E666F26706172656E742E6E616D653DE4B8AAE4BABAE4BFA1E681AF26697353686F773D31, '');
INSERT INTO `sys_log` VALUES ('395c8adad2e04e9594fd73a5207461b7', '1', '1', '2016-02-02 22:04:44', '0:0:0:0:0:0:0:1', 'Mozilla/5.0 (Windows NT 6.1; WOW64) AppleWebKit/537.36 (KHTML, like Gecko) Chrome/48.0.2564.97 Safari/537.36', '/a/sys/menu/save', 'POST', 0x69643D26697341637469766974693D302669636F6E3D6C6F636B26736F72743D333026706172656E742E69643D3464663165656262333462343433313261373132376665653337626463326334266E616D653DE4BFAEE694B9E5AF86E7A081267461726765743D267065726D697373696F6E3D26687265663D2F7379732F757365722F6D6F6469667950776426706172656E742E6E616D653DE4B8AAE4BABAE4BFA1E681AF26697353686F773D31, '');
INSERT INTO `sys_log` VALUES ('a1c58571b39643adbdaa9263bdab35e8', '1', '1', '2016-02-02 22:04:52', '0:0:0:0:0:0:0:1', 'Mozilla/5.0 (Windows NT 6.1; WOW64) AppleWebKit/537.36 (KHTML, like Gecko) Chrome/48.0.2564.97 Safari/537.36', '/a/sys/menu/delete', 'GET', 0x69643D6362666234386563653661653439383438643131303632323230366664616465, '');
INSERT INTO `sys_log` VALUES ('e8cc892ff3784a9086e06aa8df7b05f0', '1', '1', '2016-02-02 22:06:28', '0:0:0:0:0:0:0:1', 'Mozilla/5.0 (Windows NT 6.1; WOW64) AppleWebKit/537.36 (KHTML, like Gecko) Chrome/48.0.2564.97 Safari/537.36', '/a/sys/menu/save', 'POST', 0x69643D26697341637469766974693D302669636F6E3D666F6C6465722D6F70656E26736F72743D333026706172656E742E69643D3464663165656262333462343433313261373132376665653337626463326334266E616D653DE68891E79A84E7BD91E79B98267461726765743D267065726D697373696F6E3D26687265663D2F2E2E2F7374617469632F636B66696E6465722F636B66696E6465722E68746D6C26706172656E742E6E616D653DE4B8AAE4BABAE4BFA1E681AF26697353686F773D31, '');
INSERT INTO `sys_log` VALUES ('830a31a3ee2d4a03ba11dd1a3ec5cb6e', '1', '1', '2016-02-02 22:07:25', '0:0:0:0:0:0:0:1', 'Mozilla/5.0 (Windows NT 6.1; WOW64) AppleWebKit/537.36 (KHTML, like Gecko) Chrome/48.0.2564.97 Safari/537.36', '/a/sys/menu/save', 'POST', 0x69643D26697341637469766974693D302669636F6E3D26736F72743D333026706172656E742E69643D3139323832356439623566373437646162363537643165353431643234363965266E616D653DE69FA5E79C8B267461726765743D267065726D697373696F6E3D26687265663D26706172656E742E6E616D653DE68891E79A84E7BD91E79B9826697353686F773D31, '');
INSERT INTO `sys_log` VALUES ('66e16e9c971742cd9b9eb1e6c32adb17', '1', '1', '2016-02-02 22:07:48', '0:0:0:0:0:0:0:1', 'Mozilla/5.0 (Windows NT 6.1; WOW64) AppleWebKit/537.36 (KHTML, like Gecko) Chrome/48.0.2564.97 Safari/537.36', '/a/sys/menu/save', 'POST', 0x69643D633539336135653839356365346561313965633730346266656536656535316326697341637469766974693D302669636F6E3D26736F72743D333026706172656E742E69643D3139323832356439623566373437646162363537643165353431643234363965266E616D653DE69FA5E79C8B267461726765743D267065726D697373696F6E3D636D733A636B66696E6465723A7669657726687265663D26706172656E742E6E616D653DE68891E79A84E7BD91E79B9826697353686F773D31, '');
INSERT INTO `sys_log` VALUES ('5b84b7a35d744fcaaa68b64995eaefe1', '1', '1', '2016-02-02 22:08:13', '0:0:0:0:0:0:0:1', 'Mozilla/5.0 (Windows NT 6.1; WOW64) AppleWebKit/537.36 (KHTML, like Gecko) Chrome/48.0.2564.97 Safari/537.36', '/a/sys/menu/save', 'POST', 0x69643D26697341637469766974693D302669636F6E3D26736F72743D333026706172656E742E69643D3139323832356439623566373437646162363537643165353431643234363965266E616D653DE4B88AE4BCA0267461726765743D267065726D697373696F6E3D636D733A636B66696E6465723A75706C6F616426687265663D26706172656E742E6E616D653DE68891E79A84E7BD91E79B9826697353686F773D31, '');
INSERT INTO `sys_log` VALUES ('c1f0b4874044438f87b09f80c2e6f8d4', '1', '1', '2016-02-02 22:09:42', '0:0:0:0:0:0:0:1', 'Mozilla/5.0 (Windows NT 6.1; WOW64) AppleWebKit/537.36 (KHTML, like Gecko) Chrome/48.0.2564.97 Safari/537.36', '/a/sys/menu/save', 'POST', 0x69643D26697341637469766974693D302669636F6E3D26736F72743D333026706172656E742E69643D3139323832356439623566373437646162363537643165353431643234363965266E616D653DE7BC96E8BE91267461726765743D267065726D697373696F6E3D636D733A636B66696E6465723A6564697426687265663D26706172656E742E6E616D653DE68891E79A84E7BD91E79B9826697353686F773D31, '');
INSERT INTO `sys_log` VALUES ('9202127cbb3a4ab98b739da778977f20', '1', '1', '2016-02-02 22:10:55', '0:0:0:0:0:0:0:1', 'Mozilla/5.0 (Windows NT 6.1; WOW64) AppleWebKit/537.36 (KHTML, like Gecko) Chrome/48.0.2564.97 Safari/537.36', '/a/sys/menu/delete', 'GET', 0x69643D3536, '');
INSERT INTO `sys_log` VALUES ('9fd139d895074ab5903d59011e159be8', '1', '1', '2016-02-02 22:21:25', '0:0:0:0:0:0:0:1', 'Mozilla/5.0 (Windows NT 6.1; WOW64) AppleWebKit/537.36 (KHTML, like Gecko) Chrome/48.0.2564.97 Safari/537.36', '/a/sys/menu/save', 'POST', 0x69643D346466316565626233346234343331326137313237666565333762646332633426697341637469766974693D302669636F6E3D26736F72743D333026706172656E742E69643D3661643633626630383132323464313861376534616266363934393839376335266E616D653DE4B8AAE4BABAE4B8ADE5BF83267461726765743D267065726D697373696F6E3D26687265663D26706172656E742E6E616D653DE4B8AAE4BABAE99DA2E69DBF26697353686F773D31, '');
INSERT INTO `sys_log` VALUES ('1c6b93493377450290a8cdeff842585b', '2', '1', '2016-02-02 22:53:01', '0:0:0:0:0:0:0:1', 'Mozilla/5.0 (Windows NT 6.1; WOW64; rv:36.0) Gecko/20100101 Firefox/36.0', '/a;jsessionid=10rh83on3j5epqwkaeun09954', 'GET', '', 0x6F72672E6170616368652E6A61737065722E4A6173706572457863657074696F6E3A202F5745422D494E462F76696577732F6D6F64756C65732F7379732F737973496E6465782E6A737028362C342920505743363131373A2046696C6520222F5745422D494E462F76696577732F696E636C7564652F6469616C6F672E6A737022206E6F7420666F756E64);
INSERT INTO `sys_log` VALUES ('13dd936e3e8841b59b2b683490ed9979', '2', '1', '2016-02-02 22:53:03', '0:0:0:0:0:0:0:1', 'Mozilla/5.0 (Windows NT 6.1; WOW64; rv:36.0) Gecko/20100101 Firefox/36.0', '/a;jsessionid=10rh83on3j5epqwkaeun09954', 'GET', '', 0x6F72672E6170616368652E6A61737065722E4A6173706572457863657074696F6E3A202F5745422D494E462F76696577732F6D6F64756C65732F7379732F737973496E6465782E6A737028362C342920505743363131373A2046696C6520222F5745422D494E462F76696577732F696E636C7564652F6469616C6F672E6A737022206E6F7420666F756E64);
INSERT INTO `sys_log` VALUES ('91c7a4ecf6a44d049abd2681b2a8f0ef', '2', '1', '2016-02-02 22:53:47', '0:0:0:0:0:0:0:1', 'Mozilla/5.0 (Windows NT 6.1; WOW64; rv:36.0) Gecko/20100101 Firefox/36.0', '/a;jsessionid=10rh83on3j5epqwkaeun09954', 'GET', '', 0x6F72672E6170616368652E6A61737065722E4A6173706572457863657074696F6E3A202F5745422D494E462F76696577732F6D6F64756C65732F7379732F737973496E6465782E6A737028362C342920505743363131373A2046696C6520222F5745422D494E462F76696577732F696E636C7564652F6469616C6F672E6A737022206E6F7420666F756E64);
INSERT INTO `sys_log` VALUES ('fb1ca8aae7c04c1da613a67a1dad4fe1', '2', '1', '2016-02-02 22:53:48', '0:0:0:0:0:0:0:1', 'Mozilla/5.0 (Windows NT 6.1; WOW64; rv:36.0) Gecko/20100101 Firefox/36.0', '/a;jsessionid=10rh83on3j5epqwkaeun09954', 'GET', '', 0x6F72672E6170616368652E6A61737065722E4A6173706572457863657074696F6E3A202F5745422D494E462F76696577732F6D6F64756C65732F7379732F737973496E6465782E6A737028362C342920505743363131373A2046696C6520222F5745422D494E462F76696577732F696E636C7564652F6469616C6F672E6A737022206E6F7420666F756E64);
INSERT INTO `sys_log` VALUES ('53eac365b69046398f268801baaa5799', '2', '1', '2016-02-03 13:45:42', '0:0:0:0:0:0:0:1', 'Mozilla/5.0 (compatible; MSIE 9.0; Windows NT 6.1; WOW64; Trident/5.0; BIDUBrowser 8.2)', '/userfiles/1/files/%E6%95%B0%E6%8D%AE%E5%BA%933(2).ppt', 'GET', '', 0x6F72672E65636C697073652E6A657474792E696F2E456F66457863657074696F6E3A2074696D656F7574);
INSERT INTO `sys_log` VALUES ('94801448554443cfaf1af8783085b59d', '1', '1', '2016-02-03 14:05:43', '0:0:0:0:0:0:0:1', 'Mozilla/5.0 (Windows NT 6.1; WOW64) AppleWebKit/537.36 (KHTML, like Gecko) Chrome/48.0.2564.97 Safari/537.36', '/a/cms/article/save', 'POST', 0x7765696768743D30266B6579776F7264733DE585B3E994AEE5AD97312CE585B3E994AEE5AD97322663617465676F72792E69643D3326637573746F6D436F6E74656E74566965773D2663617465676F72792E6E616D653DE7BD91E7AB99E7AE80E4BB8B266C696E6B3D2661727469636C65446174612E636F707966726F6D3DE69DA5E6BA90265F706F7369644C6973743D6F6E26696D6167653D2F7573657266696C65732F312F5F7468756D62732F696D616765732F2545392542422538342545372538452541422545372539312542302532302831292E6A70672661727469636C65446174612E616C6C6F77436F6D6D656E743D312669643D312661727469636C65446174612E72656C6174696F6E3D312C322C332C267469746C653DE69687E7ABA0E6A087E9A298E6A087E9A298E6A087E9A298E6A087E9A29826636F6C6F723D7265642661727469636C65446174612E636F6E74656E743D0D0A09E69687E7ABA0E58685E5AEB9E58685E5AEB9E58685E5AEB9E58685E5AEB90D0A266465736372697074696F6E3D26776569676874446174653D26637265617465446174653D323031332D30352D32372030383A30303A30302676696577436F6E6669673D2664656C466C61673D30, '');
INSERT INTO `sys_log` VALUES ('f204505f1bb041489bb7f43c02698e62', '1', '1', '2016-02-03 14:15:18', '0:0:0:0:0:0:0:1', 'Mozilla/5.0 (Windows NT 6.1; WOW64; rv:36.0) Gecko/20100101 Firefox/36.0', '/a/cms/article/save', 'POST', 0x7765696768743D30266B6579776F7264733DE585B3E994AEE5AD97312CE585B3E994AEE5AD97322663617465676F72792E69643D3326637573746F6D436F6E74656E74566965773D2663617465676F72792E6E616D653DE7BD91E7AB99E7AE80E4BB8B266C696E6B3D2661727469636C65446174612E636F707966726F6D3DE69DA5E6BA90265F706F7369644C6973743D6F6E26696D6167653D2F7573657266696C65732F312F5F7468756D62732F696D616765732F2545392542422538342545372538452541422545372539312542302532302831292E6A70672661727469636C65446174612E616C6C6F77436F6D6D656E743D312669643D312661727469636C65446174612E72656C6174696F6E3D312C322C332C267469746C653DE69687E7ABA0E6A087E9A298E6A087E9A298E6A087E9A298E6A087E9A29826636F6C6F723D7265642661727469636C65446174612E636F6E74656E743D0D0A09E69687E7ABA0E58685E5AEB9E58685E5AEB9E58685E5AEB9E58685E5AEB90D0A0D0A09E695B0E68DAEE5BA93E8AFBEE4BBB6310D0A266465736372697074696F6E3D26776569676874446174653D26637265617465446174653D323031332D30352D32372030383A30303A30302676696577436F6E6669673D2664656C466C61673D30, '');
INSERT INTO `sys_log` VALUES ('1f40221a3fa6448bac1e1a44303780eb', '1', '1', '2016-02-03 14:17:00', '0:0:0:0:0:0:0:1', 'Mozilla/5.0 (Windows NT 6.1; WOW64; rv:36.0) Gecko/20100101 Firefox/36.0', '/a/cms/article/save', 'POST', 0x7765696768743D30266B6579776F7264733DE585B3E994AEE5AD97312CE585B3E994AEE5AD97322663617465676F72792E69643D3326637573746F6D436F6E74656E74566965773D2663617465676F72792E6E616D653DE7BD91E7AB99E7AE80E4BB8B266C696E6B3D2661727469636C65446174612E636F707966726F6D3DE69DA5E6BA90265F706F7369644C6973743D6F6E26696D6167653D2F7573657266696C65732F312F5F7468756D62732F696D616765732F2545392542422538342545372538452541422545372539312542302532302831292E6A70672661727469636C65446174612E616C6C6F77436F6D6D656E743D312669643D312661727469636C65446174612E72656C6174696F6E3D312C322C332C267469746C653DE69687E7ABA0E6A087E9A298E6A087E9A298E6A087E9A298E6A087E9A29826636F6C6F723D7265642661727469636C65446174612E636F6E74656E743D0D0A09E69687E7ABA0E58685E5AEB9E58685E5AEB9E58685E5AEB9E58685E5AEB90D0A0D0A09E695B0E68DAEE5BA93E8AFBEE4BBB6310D0A266465736372697074696F6E3D26776569676874446174653D26637265617465446174653D323031332D30352D32372030383A30303A30302676696577436F6E6669673D2664656C466C61673D30, '');
INSERT INTO `sys_log` VALUES ('310543d76814415aa3faebcbbdfcdb1d', '1', '1', '2016-02-03 14:17:25', '0:0:0:0:0:0:0:1', 'Mozilla/5.0 (Windows NT 6.1; WOW64; rv:36.0) Gecko/20100101 Firefox/36.0', '/a/cms/article/save', 'POST', 0x6B6579776F7264733DE585B3E994AEE5AD97312CE585B3E994AEE5AD9732267765696768743D302663617465676F72792E69643D3326637573746F6D436F6E74656E74566965773D2663617465676F72792E6E616D653DE7BD91E7AB99E7AE80E4BB8B266C696E6B3D2661727469636C65446174612E636F707966726F6D3DE69DA5E6BA90265F706F7369644C6973743D6F6E26696D6167653D2F7573657266696C65732F312F5F7468756D62732F696D616765732F2545392542422538342545372538452541422545372539312542302532302831292E6A70672661727469636C65446174612E616C6C6F77436F6D6D656E743D312669643D312661727469636C65446174612E72656C6174696F6E3D312C322C332C267469746C653DE69687E7ABA0E6A087E9A298E6A087E9A298E6A087E9A298E6A087E9A29826636F6C6F723D726564266465736372697074696F6E3D2661727469636C65446174612E636F6E74656E743D0D0A09E69687E7ABA0E58685E5AEB9E58685E5AEB9E58685E5AEB9E58685E5AEB90D0A0D0A09E695B0E68DAEE5BA93E8AFBEE4BBB6310D0A0D0A09E695B0E68DAEE5BA93E8AFBEE4BBB6310D0A0D0A09E695B0E68DAEE5BA93E8AFBEE4BBB631E38081765C5C0D0A0D0A09E695B0E68DAEE5BA93E8AFBEE4BBB6310D0A0D0A092E2E2E26776569676874446174653D26637265617465446174653D323031332D30352D32372030383A30303A30302676696577436F6E6669673D2664656C466C61673D30, '');
INSERT INTO `sys_log` VALUES ('1c279fda8cf9445e989f8bc1c18eefa9', '1', '1', '2016-02-03 14:21:17', '0:0:0:0:0:0:0:1', 'Mozilla/5.0 (Windows NT 6.1; WOW64; rv:36.0) Gecko/20100101 Firefox/36.0', '/a/sys/area/save', 'POST', 0x69643D26706172656E742E69643D31266E616D653DE59089E69E97E79C812672656D61726B733DE59089E69E97E79C8126636F64653D31333030303026747970653D3226706172656E742E6E616D653DE4B8ADE59BBD20, '');
INSERT INTO `sys_log` VALUES ('03fdd2c72e07485d8f1c351552569f8e', '1', '1', '2016-02-03 14:22:10', '0:0:0:0:0:0:0:1', 'Mozilla/5.0 (Windows NT 6.1; WOW64; rv:36.0) Gecko/20100101 Firefox/36.0', '/a/sys/area/save', 'POST', 0x69643D26706172656E742E69643D3431616333356430393261393439396239323066346565626537306339343030266E616D653DE59089E69E97E5B8822672656D61726B733DE59089E69E97E5B88226636F64653D31333030303126747970653D3326706172656E742E6E616D653DE59089E69E97E79C8120, '');
INSERT INTO `sys_log` VALUES ('8ecb48b2c5e442b7a5bf4b9384b1c61c', '1', '1', '2016-02-03 14:23:44', '0:0:0:0:0:0:0:1', 'Mozilla/5.0 (Windows NT 6.1; WOW64; rv:36.0) Gecko/20100101 Firefox/36.0', '/a/sys/office/save', 'POST', 0x70686F6E653D266661783D26617265612E69643D36343930383031316464613634313731396231613164306265613861316238342672656D61726B733D26636F64653D31333030313026747970653D31266D61737465723D2669643D26617265612E6E616D653DE59089E69E97E5B8822026616464726573733DE4B89CE58C97E794B5E58A9BE5A4A7E5ADA626656D61696C3D267A6970436F64653D266E616D653DE4B89CE58C97E794B5E58A9BE5A4A7E5ADA626706172656E742E69643D312667726164653D3126706172656E742E6E616D653DE58C97E4BAACE5B882E680BBE585ACE58FB820, '');
INSERT INTO `sys_log` VALUES ('a89039473c304da7a14906ffef55f094', '1', '1', '2016-02-03 14:24:41', '0:0:0:0:0:0:0:1', 'Mozilla/5.0 (Windows NT 6.1; WOW64; rv:36.0) Gecko/20100101 Firefox/36.0', '/a/sys/office/save', 'POST', 0x70686F6E653D266661783D26617265612E69643D36343930383031316464613634313731396231613164306265613861316238342672656D61726B733DE4BFA1E681AFE5B7A5E7A88BE5ADA6E999A226636F64653D26747970653D32266D61737465723D2669643D26617265612E6E616D653DE59089E69E97E5B88226616464726573733D26656D61696C3D26706172656E742E69643D6561366236366566633566623464363861333638613130613565633264666264266E616D653DE4BFA1E681AFE5B7A5E7A88BE5ADA6E999A2267A6970436F64653D2667726164653D3226706172656E742E6E616D653DE4B89CE58C97E794B5E58A9BE5A4A7E5ADA6, '');
INSERT INTO `sys_log` VALUES ('9133b3bee1224c8193289076ac6202d4', '1', '1', '2016-02-03 14:25:33', '0:0:0:0:0:0:0:1', 'Mozilla/5.0 (Windows NT 6.1; WOW64; rv:36.0) Gecko/20100101 Firefox/36.0', '/a/sys/user/save', 'POST', 0x70686F6E653D266E657750617373776F72643D266E6F3D796871303031266F6C644C6F67696E4E616D653D26726F6C6549644C6973743D312672656D61726B733D266F66666963652E69643D393762313937323439623165343065663864346538396161633533653037613026636F6D70616E792E6E616D653DE4B89CE58C97E794B5E58A9BE5A4A7E5ADA6202675736572547970653D3126636F6E6669726D4E657750617373776F72643D2669643D265F726F6C6549644C6973743D6F6E26656D61696C3D266F66666963652E6E616D653DE4BFA1E681AFE5B7A5E7A88BE5ADA6E999A220266E616D653DE69DA8E685A7E5BCBA26636F6D70616E792E69643D6561366236366566633566623464363861333638613130613565633264666264266C6F67696E4E616D653D796871266D6F62696C653D, '');
INSERT INTO `sys_log` VALUES ('4e0dba11ccf6475196e48a44a14077eb', '1', '1', '2016-02-03 20:22:59', '0:0:0:0:0:0:0:1', 'Mozilla/5.0 (Windows NT 6.1; WOW64) AppleWebKit/537.36 (KHTML, like Gecko) Chrome/48.0.2564.97 Safari/537.36', '/a/sys/user/save', 'POST', 0x70686F6E653D266E657750617373776F72643D266E6F3D796871303031266F6C644C6F67696E4E616D653D79687126726F6C6549644C6973743D332672656D61726B733D266F66666963652E69643D393762313937323439623165343065663864346538396161633533653037613026636F6D70616E792E6E616D653DE4B89CE58C97E794B5E58A9BE5A4A7E5ADA62675736572547970653D3126636F6E6669726D4E657750617373776F72643D2669643D3330333861383738663135343465633961393139633866346366393335383332265F726F6C6549644C6973743D6F6E26656D61696C3D266F66666963652E6E616D653DE4BFA1E681AFE5B7A5E7A88BE5ADA6E999A2266E616D653DE69DA8E685A7E5BCBA26636F6D70616E792E69643D6561366236366566633566623464363861333638613130613565633264666264266C6F67696E4E616D653D796871266D6F62696C653D, '');
INSERT INTO `sys_log` VALUES ('4e96311baa764b3aa55f39dedd2b088e', '1', '1', '2016-02-03 20:25:14', '0:0:0:0:0:0:0:1', 'Mozilla/5.0 (Windows NT 6.1; WOW64) AppleWebKit/537.36 (KHTML, like Gecko) Chrome/48.0.2564.97 Safari/537.36', '/a/sys/role/save', 'POST', 0x69643D266D656E754964733D312C36616436336266303831323234643138613765346162663639343938393763352C34646631656562623334623434333132613731323766656533376264633263342C30363032383739643637303934363538613837323566396639313436312E2E2E266461746153636F70653D32266F66666963652E6E616D653DE4B89CE58C97E794B5E58A9BE5A4A7E5ADA620266E616D653DE7BD91E7BB9CE7AEA1E79086E59198266F66666963654964733D266F66666963652E69643D6561366236366566633566623464363861333638613130613565633264666264266F6C644E616D653D, '');
INSERT INTO `sys_log` VALUES ('3e74ef20ae374be383fa42453943746e', '1', '1', '2016-02-03 20:26:40', '0:0:0:0:0:0:0:1', 'Mozilla/5.0 (Windows NT 6.1; WOW64) AppleWebKit/537.36 (KHTML, like Gecko) Chrome/48.0.2564.97 Safari/537.36', '/a/sys/user/save', 'POST', 0x70686F6E653D38363735266E657750617373776F72643D266E6F3D30303032266F6C644C6F67696E4E616D653D61646D696E26726F6C6549644C6973743D332672656D61726B733DE7AEA1E79086E59198266F66666963652E69643D3126636F6D70616E792E6E616D653DE58C97E4BAACE5B882E680BBE585ACE58FB82675736572547970653D3126636F6E6669726D4E657750617373776F72643D2669643D32265F726F6C6549644C6973743D6F6E26656D61696C3D7468696E6B67656D403136332E636F6D266F66666963652E6E616D653DE58C97E4BAACE5B882E680BBE585ACE58FB8266E616D653DE7AEA1E79086E5919826636F6D70616E792E69643D31266C6F67696E4E616D653D61646D696E266D6F62696C653D38363735, '');
INSERT INTO `sys_log` VALUES ('d0799e9efb8a4d3eafcb336442fac011', '1', '1', '2016-02-03 20:27:18', '0:0:0:0:0:0:0:1', 'Mozilla/5.0 (Windows NT 6.1; WOW64) AppleWebKit/537.36 (KHTML, like Gecko) Chrome/48.0.2564.97 Safari/537.36', '/a/sys/user/save', 'POST', 0x70686F6E653D266F6C644C6F67696E4E616D653D796871266E6F3D796871303031266E657750617373776F72643D26726F6C6549644C6973743D35643263313831623430636534346662613534616361393033656330303337312672656D61726B733D266F66666963652E69643D393762313937323439623165343065663864346538396161633533653037613026636F6D70616E792E6E616D653DE4B89CE58C97E794B5E58A9BE5A4A7E5ADA62675736572547970653D312669643D333033386138373866313534346563396139313963386634636639333538333226636F6E6669726D4E657750617373776F72643D265F726F6C6549644C6973743D6F6E26656D61696C3D266F66666963652E6E616D653DE4BFA1E681AFE5B7A5E7A88BE5ADA6E999A226636F6D70616E792E69643D6561366236366566633566623464363861333638613130613565633264666264266E616D653DE69DA8E685A7E5BCBA266C6F67696E4E616D653D796871266D6F62696C653D, '');
INSERT INTO `sys_log` VALUES ('99db7652951343819f5da56ec8adf117', '1', '1', '2016-02-03 20:28:40', '0:0:0:0:0:0:0:1', 'Mozilla/5.0 (Windows NT 6.1; WOW64) AppleWebKit/537.36 (KHTML, like Gecko) Chrome/48.0.2564.97 Safari/537.36', '/a/sys/role/save', 'POST', 0x69643D3564326331383162343063653434666261353461636139303365633030333731266D656E754964733D312C36616436336266303831323234643138613765346162663639343938393763352C34646631656562623334623434333132613731323766656533376264633263342C30363032383739643637303934363538613837323566396639313436312E2E2E266461746153636F70653D32266F66666963652E6E616D653DE4B89CE58C97E794B5E58A9BE5A4A7E5ADA6266E616D653DE7BD91E7BB9CE7AEA1E79086E59198266F66666963654964733D266F66666963652E69643D6561366236366566633566623464363861333638613130613565633264666264266F6C644E616D653DE7BD91E7BB9CE7AEA1E79086E59198, '');
INSERT INTO `sys_log` VALUES ('156a29614693492d9edd535fe13242be', '1', '1', '2016-02-03 20:51:15', '0:0:0:0:0:0:0:1', 'Mozilla/5.0 (Windows NT 6.1; WOW64) AppleWebKit/537.36 (KHTML, like Gecko) Chrome/48.0.2564.97 Safari/537.36', '/a/sys/menu/updateSort', 'POST', 0x736F7274733D313030266964733D3661643633626630383132323464313861376534616266363934393839376335, '');
INSERT INTO `sys_log` VALUES ('cca6fde663b04eb9986cad1e26586ce7', '1', '1', '2016-02-03 20:54:11', '0:0:0:0:0:0:0:1', 'Mozilla/5.0 (Windows NT 6.1; WOW64) AppleWebKit/537.36 (KHTML, like Gecko) Chrome/48.0.2564.97 Safari/537.36', '/a/sys/role/save', 'POST', 0x69643D3564326331383162343063653434666261353461636139303365633030333731266D656E754964733D312C36616436336266303831323234643138613765346162663639343938393763352C34646631656562623334623434333132613731323766656533376264633263342C30363032383739643637303934363538613837323566396639313436312E2E2E266461746153636F70653D34266F66666963652E6E616D653DE4B89CE58C97E794B5E58A9BE5A4A7E5ADA6266E616D653DE7BD91E7BB9CE7AEA1E79086E59198266F66666963654964733D266F66666963652E69643D6561366236366566633566623464363861333638613130613565633264666264266F6C644E616D653DE7BD91E7BB9CE7AEA1E79086E59198, '');
INSERT INTO `sys_log` VALUES ('d01f0447961746aaa20e35fca40b3e58', '1', '3038a878f1544ec9a919c8f4cf935832', '2016-02-03 20:59:16', '0:0:0:0:0:0:0:1', 'Mozilla/5.0 (Windows NT 6.1; WOW64; rv:36.0) Gecko/20100101 Firefox/36.0', '/a/cms/site/delete', 'GET', 0x69643D32, '');
INSERT INTO `sys_log` VALUES ('f137be4fe2754d1ba202a0401c06d089', '1', '3038a878f1544ec9a919c8f4cf935832', '2016-02-03 21:21:16', '0:0:0:0:0:0:0:1', 'Mozilla/5.0 (Windows NT 6.1; WOW64; rv:36.0) Gecko/20100101 Firefox/36.0', '/a/cms/site/save', 'POST', 0x69643D31266C6F676F3D2F7573657266696C65732F33303338613837386631353434656339613931396338663463663933353833322F696D616765732F636D732F736974652F323031362F30322F6C6F676F5F77686974652E706E67267469746C653DE8AEA1E7AE97E69CBAE7BD91E7BB9C266B6579776F7264733D4A656553697465266465736372697074696F6E3D4A65655369746526637573746F6D496E646578566965773D313233266E616D653DE9BB98E8AEA4E7AB99E782B9267468656D653D626173696326636F707972696768743D0D0A09436F7079726967687420C2A920323031322D32303133205468696E6B47656D202D20506F7765726564204279204A6565536974652056312E300D0A, '');
INSERT INTO `sys_log` VALUES ('232bb0f279e846838f9786af78189504', '1', '3038a878f1544ec9a919c8f4cf935832', '2016-02-03 21:22:29', '0:0:0:0:0:0:0:1', 'Mozilla/5.0 (Windows NT 6.1; WOW64; rv:36.0) Gecko/20100101 Firefox/36.0', '/a/cms/site/save', 'POST', 0x69643D31266C6F676F3D2F7573657266696C65732F33303338613837386631353434656339613931396338663463663933353833322F696D616765732F636D732F736974652F323031362F30322F6C6F676F5F77686974652E706E67267469746C653DE8AEA1E7AE97E69CBAE7BD91E7BB9C266B6579776F7264733D4A656553697465266465736372697074696F6E3D4A65655369746526637573746F6D496E646578566965773D266E616D653DE9BB98E8AEA4E7AB99E782B9267468656D653D626173696326636F707972696768743D0D0A09436F7079726967687420C2A920323031322D32303133205468696E6B47656D202D20506F7765726564204279204A6565536974652056312E300D0A, '');
INSERT INTO `sys_log` VALUES ('cbf563329a6145b58dbf4390dbd68995', '1', '3038a878f1544ec9a919c8f4cf935832', '2016-02-03 21:24:26', '0:0:0:0:0:0:0:1', 'Mozilla/5.0 (Windows NT 6.1; WOW64; rv:36.0) Gecko/20100101 Firefox/36.0', '/a/cms/site/save', 'POST', 0x69643D31266C6F676F3D267469746C653DE8AEA1E7AE97E69CBAE7BD91E7BB9C266B6579776F7264733D4A656553697465266465736372697074696F6E3D4A65655369746526637573746F6D496E646578566965773D266E616D653DE9BB98E8AEA4E7AB99E782B9267468656D653D626173696326636F707972696768743D0D0A09436F7079726967687420C2A920323031322D32303133205468696E6B47656D202D20506F7765726564204279204A6565536974652056312E300D0A, '');
INSERT INTO `sys_log` VALUES ('b37b68c5e09e476cb1d4c924f548fff9', '1', '1', '2016-02-03 21:26:45', '0:0:0:0:0:0:0:1', 'Mozilla/5.0 (Windows NT 6.1; WOW64) AppleWebKit/537.36 (KHTML, like Gecko) Chrome/48.0.2564.97 Safari/537.36', '/a/sys/role/save', 'POST', 0x69643D3564326331383162343063653434666261353461636139303365633030333731266D656E754964733D312C36616436336266303831323234643138613765346162663639343938393763352C34646631656562623334623434333132613731323766656533376264633263342C30363032383739643637303934363538613837323566396639313436312E2E2E266461746153636F70653D31266F66666963652E6E616D653DE4B89CE58C97E794B5E58A9BE5A4A7E5ADA6266E616D653DE7BD91E7BB9CE7AEA1E79086E59198266F66666963654964733D266F66666963652E69643D6561366236366566633566623464363861333638613130613565633264666264266F6C644E616D653DE7BD91E7BB9CE7AEA1E79086E59198, '');
INSERT INTO `sys_log` VALUES ('35f49def54f946fea8b67eb790aca9bb', '1', '3038a878f1544ec9a919c8f4cf935832', '2016-02-03 21:39:41', '0:0:0:0:0:0:0:1', 'Mozilla/5.0 (Windows NT 6.1; WOW64; rv:36.0) Gecko/20100101 Firefox/36.0', '/a/cms/category/save', 'POST', 0x6D6F64756C653D61727469636C65266B6579776F7264733D26736F72743D313026697341756469743D3126696E4C6973743D3126637573746F6D436F6E74656E74566965773D26696E4D656E753D3126696D6167653D266F66666963652E69643D332669643D3226637573746F6D4C697374566965773D266465736372697074696F6E3D266F66666963652E6E616D653DE4BABAE58A9BE983A8266E616D653DE7BB84E7BB87E69CBAE69E843126706172656E742E69643D31267461726765743D26616C6C6F77436F6D6D656E743D302673686F774D6F6465733D3026687265663D2676696577436F6E6669673D26706172656E742E6E616D653DE9A1B6E7BAA7E6A08FE79BAE, '');
INSERT INTO `sys_log` VALUES ('62396cbb29ed429c964496522561be9c', '1', '3038a878f1544ec9a919c8f4cf935832', '2016-02-03 22:12:38', '0:0:0:0:0:0:0:1', 'Mozilla/5.0 (Windows NT 6.1; WOW64; rv:36.0) Gecko/20100101 Firefox/36.0', '/a/cms/comment/save', 'GET', 0x69643D3335366531633762616363613434666238353931386261333966646164623333, '');
INSERT INTO `sys_log` VALUES ('37391368b9b44ccfa75067a434486417', '1', '3038a878f1544ec9a919c8f4cf935832', '2016-02-03 22:46:04', '0:0:0:0:0:0:0:1', 'Mozilla/5.0 (Windows NT 6.1; WOW64; rv:36.0) Gecko/20100101 Firefox/36.0', '/a/cms/comment/save', 'GET', 0x69643D6631376235633039646639323435396661303534303137613531303562363633, '');
INSERT INTO `sys_log` VALUES ('c93ab60a622f4d699b2970f9265f4b4f', '1', '3038a878f1544ec9a919c8f4cf935832', '2016-02-03 22:46:44', '0:0:0:0:0:0:0:1', 'Mozilla/5.0 (Windows NT 6.1; WOW64; rv:36.0) Gecko/20100101 Firefox/36.0', '/a/cms/comment/save', 'GET', 0x69643D3466663132333830666435643437336438346664383835626439636231343463, '');
INSERT INTO `sys_log` VALUES ('e408e5813a174a1b858e5a69f0819646', '1', '3038a878f1544ec9a919c8f4cf935832', '2016-02-03 23:02:02', '0:0:0:0:0:0:0:1', 'Mozilla/5.0 (Windows NT 6.1; WOW64; rv:36.0) Gecko/20100101 Firefox/36.0', '/a/cms/comment/save', 'GET', 0x69643D3965623363646263643264333434663638313666376133646139623333326435, '');
INSERT INTO `sys_log` VALUES ('631dc4473a794c02955a2458a26981c4', '1', '3038a878f1544ec9a919c8f4cf935832', '2016-02-03 23:02:02', '0:0:0:0:0:0:0:1', 'Mozilla/5.0 (Windows NT 6.1; WOW64; rv:36.0) Gecko/20100101 Firefox/36.0', '/a/cms/comment/save', 'GET', 0x69643D3038623665396636333863373461386339336637396365313335653134343231, '');
INSERT INTO `sys_log` VALUES ('274d694e88dc4e64b38c26e51d0dad8a', '1', '3038a878f1544ec9a919c8f4cf935832', '2016-02-03 23:02:12', '0:0:0:0:0:0:0:1', 'Mozilla/5.0 (Windows NT 6.1; WOW64; rv:36.0) Gecko/20100101 Firefox/36.0', '/a/cms/comment/save', 'GET', 0x69643D3331623639323237393264303433623238333365623238663933633164666238, '');
INSERT INTO `sys_log` VALUES ('08ddd54e7eed44479f18e22bffa8e9e8', '1', '3038a878f1544ec9a919c8f4cf935832', '2016-02-03 23:34:59', '0:0:0:0:0:0:0:1', 'Mozilla/5.0 (Windows NT 6.1; WOW64; rv:36.0) Gecko/20100101 Firefox/36.0', '/a/cms/comment/save', 'GET', 0x69643D6633343930326131633766373439333962363237356638393239393065356338, '');
INSERT INTO `sys_log` VALUES ('5076e8ee7f3345fa99550e5753302ecd', '1', '3038a878f1544ec9a919c8f4cf935832', '2016-02-03 23:35:00', '0:0:0:0:0:0:0:1', 'Mozilla/5.0 (Windows NT 6.1; WOW64; rv:36.0) Gecko/20100101 Firefox/36.0', '/a/cms/comment/save', 'GET', 0x69643D6564393738343361356535643438326539623930353230653637313061653933, '');
INSERT INTO `sys_log` VALUES ('f14f4fa098ae498bac4d51e83e5d8f37', '1', '3038a878f1544ec9a919c8f4cf935832', '2016-02-03 23:35:01', '0:0:0:0:0:0:0:1', 'Mozilla/5.0 (Windows NT 6.1; WOW64; rv:36.0) Gecko/20100101 Firefox/36.0', '/a/cms/comment/save', 'GET', 0x69643D3939376233633734653931313461303739373166336361366532343263623635, '');
INSERT INTO `sys_log` VALUES ('bc8b8769a1b84cdda5d2cf12a6d37733', '1', '3038a878f1544ec9a919c8f4cf935832', '2016-02-03 23:35:02', '0:0:0:0:0:0:0:1', 'Mozilla/5.0 (Windows NT 6.1; WOW64; rv:36.0) Gecko/20100101 Firefox/36.0', '/a/cms/comment/save', 'GET', 0x69643D3735663762363739326365313435633662393364323666323131313266376337, '');
INSERT INTO `sys_log` VALUES ('22adc985c9d64f7fbd5f9861303a62c4', '1', '3038a878f1544ec9a919c8f4cf935832', '2016-02-03 23:35:02', '0:0:0:0:0:0:0:1', 'Mozilla/5.0 (Windows NT 6.1; WOW64; rv:36.0) Gecko/20100101 Firefox/36.0', '/a/cms/comment/save', 'GET', 0x69643D3562393730306438396462653439346539323461653035333236313166666236, '');
INSERT INTO `sys_log` VALUES ('921e7d297b394e28adf9eb6fc8326def', '1', '3038a878f1544ec9a919c8f4cf935832', '2016-02-03 23:35:03', '0:0:0:0:0:0:0:1', 'Mozilla/5.0 (Windows NT 6.1; WOW64; rv:36.0) Gecko/20100101 Firefox/36.0', '/a/cms/comment/save', 'GET', 0x69643D3235326662343832353836303438306261336338343831323933303933396537, '');
INSERT INTO `sys_log` VALUES ('0e1a37d072cc4604888d3c5746b0d169', '1', '3038a878f1544ec9a919c8f4cf935832', '2016-02-03 23:35:04', '0:0:0:0:0:0:0:1', 'Mozilla/5.0 (Windows NT 6.1; WOW64; rv:36.0) Gecko/20100101 Firefox/36.0', '/a/cms/comment/save', 'GET', 0x69643D3138303434336661323432313437353039616435616430343632616138633061, '');
INSERT INTO `sys_log` VALUES ('ed76e8cabb7147aa99c371e7fb7bc3e6', '1', '3038a878f1544ec9a919c8f4cf935832', '2016-02-03 23:43:29', '0:0:0:0:0:0:0:1', 'Mozilla/5.0 (Windows NT 6.1; WOW64; rv:36.0) Gecko/20100101 Firefox/36.0', '/a/cms/comment/save', 'GET', 0x69643D3164363261346139653436613466363561323632623435623232336131623162, '');
INSERT INTO `sys_log` VALUES ('a4f6be95703244b7bff042fdc13716e6', '1', '3038a878f1544ec9a919c8f4cf935832', '2016-02-04 12:47:43', '127.0.0.1', 'Mozilla/5.0 (Windows NT 6.1; WOW64; rv:36.0) Gecko/20100101 Firefox/36.0', '/jeesite/a/cms/comment/save', 'GET', 0x69643D6162323161626630376339633439336138326139323162363934333136313362, '');
INSERT INTO `sys_log` VALUES ('6ca10c0fb15c4c4c99a17abea36d0a28', '1', '3038a878f1544ec9a919c8f4cf935832', '2016-02-04 12:47:44', '127.0.0.1', 'Mozilla/5.0 (Windows NT 6.1; WOW64; rv:36.0) Gecko/20100101 Firefox/36.0', '/jeesite/a/cms/comment/save', 'GET', 0x69643D3761333136623732336130353461303661616535396665623066363436353335, '');
INSERT INTO `sys_log` VALUES ('526898421e974be4a91cb71c844b8f3f', '1', '3038a878f1544ec9a919c8f4cf935832', '2016-02-04 12:47:45', '127.0.0.1', 'Mozilla/5.0 (Windows NT 6.1; WOW64; rv:36.0) Gecko/20100101 Firefox/36.0', '/jeesite/a/cms/comment/save', 'GET', 0x69643D3031383266323134393030313431326161373533316633363061346562366663, '');
INSERT INTO `sys_log` VALUES ('17d017383419408db1e007dc642cfcb8', '1', '3038a878f1544ec9a919c8f4cf935832', '2016-02-04 12:47:46', '127.0.0.1', 'Mozilla/5.0 (Windows NT 6.1; WOW64; rv:36.0) Gecko/20100101 Firefox/36.0', '/jeesite/a/cms/comment/save', 'GET', 0x69643D3333393164396264663062623463633761336266376337376366613738393036, '');
INSERT INTO `sys_log` VALUES ('8b7fe6486f4048c6963b328dcd28d4df', '1', '3038a878f1544ec9a919c8f4cf935832', '2016-02-04 12:48:28', '127.0.0.1', 'Mozilla/5.0 (Windows NT 6.1; WOW64; rv:36.0) Gecko/20100101 Firefox/36.0', '/jeesite/a/cms/category/save', 'POST', 0x69643D32266F66666963652E69643D33266F66666963652E6E616D653DE4BABAE58A9BE983A826706172656E742E69643D3126706172656E742E6E616D653DE9A1B6E7BAA7E6A08FE79BAE266D6F64756C653D61727469636C65266E616D653DE7BB84E7BB87E69CBAE69E8426696D6167653D26687265663D267461726765743D266465736372697074696F6E3D266B6579776F7264733D26736F72743D313026696E4D656E753D3126696E4C6973743D312673686F774D6F6465733D3026616C6C6F77436F6D6D656E743D3026697341756469743D3126637573746F6D4C697374566965773D26637573746F6D436F6E74656E74566965773D2676696577436F6E6669673D, '');
INSERT INTO `sys_log` VALUES ('8f419a42dcbc4fab812c1cab5cd132da', '1', '3038a878f1544ec9a919c8f4cf935832', '2016-02-04 12:50:08', '127.0.0.1', 'Mozilla/5.0 (Windows NT 6.1; WOW64; rv:36.0) Gecko/20100101 Firefox/36.0', '/jeesite/a/cms/article/save', 'POST', 0x69643D312663617465676F72792E69643D332663617465676F72792E6E616D653DE7BD91E7AB99E7AE80E4BB8B267469746C653DE7BD91E7AB99E7AE80E4BB8B3126636F6C6F723D726564266C696E6B3D266B6579776F7264733DE585B3E994AEE5AD97312CE585B3E994AEE5AD9732267765696768743D3026776569676874446174653D266465736372697074696F6E3DE7BD91E7AB99E7AE80E4BB8B3126696D6167653D2F6A6565736974652F7573657266696C65732F33303338613837386631353434656339613931396338663463663933353833322F5F7468756D62732F696D616765732F636D732F61727469636C652F323031362F30322F426169647553687572752E2E2E2661727469636C65446174612E636F6E74656E743D0D0A09E7BD91E7AB99E7AE80E4BB8B310D0A0D0A09E695B0E68DAEE5BA93E8AFBEE4BBB6310D0A0D0A09E695B0E68DAEE5BA93E8AFBEE4BBB6310D0A0D0A09E695B0E68DAEE5BA93E8AFBEE4BBB631E38081765C5C0D0A0D0A09E695B0E68DAEE5BA93E8AFBEE4BBB6310D0A0D0A09E695B0E68DAEE5BA93E8AFBEE4BBB6312E2E2E2661727469636C65446174612E636F707966726F6D3DE69DA5E6BA902661727469636C65446174612E72656C6174696F6E3D312C322C332C2661727469636C65446174612E616C6C6F77436F6D6D656E743D31265F706F7369644C6973743D6F6E26637265617465446174653D323031362D30322D30342031323A34393A35352664656C466C61673D3026637573746F6D436F6E74656E74566965773D2676696577436F6E6669673D, '');
INSERT INTO `sys_log` VALUES ('049f76f2af224b7dbb5803df684c2064', '1', '3038a878f1544ec9a919c8f4cf935832', '2016-02-04 12:50:42', '127.0.0.1', 'Mozilla/5.0 (Windows NT 6.1; WOW64; rv:36.0) Gecko/20100101 Firefox/36.0', '/jeesite/a/cms/article/delete', 'GET', 0x69643D322663617465676F727949643D33, '');
INSERT INTO `sys_log` VALUES ('0dea748ea6794cd1922d63a1225390f4', '1', '3038a878f1544ec9a919c8f4cf935832', '2016-02-04 12:50:44', '127.0.0.1', 'Mozilla/5.0 (Windows NT 6.1; WOW64; rv:36.0) Gecko/20100101 Firefox/36.0', '/jeesite/a/cms/article/delete', 'GET', 0x69643D332663617465676F727949643D33, '');
INSERT INTO `sys_log` VALUES ('4f508cbb49fc4343b874fd46d6cee56a', '1', '3038a878f1544ec9a919c8f4cf935832', '2016-02-04 12:50:48', '127.0.0.1', 'Mozilla/5.0 (Windows NT 6.1; WOW64; rv:36.0) Gecko/20100101 Firefox/36.0', '/jeesite/a/cms/article/delete', 'GET', 0x69643D342663617465676F727949643D33, '');
INSERT INTO `sys_log` VALUES ('6635f3ba90a4431e9f3d6762d2772a52', '1', '3038a878f1544ec9a919c8f4cf935832', '2016-02-04 12:50:51', '127.0.0.1', 'Mozilla/5.0 (Windows NT 6.1; WOW64; rv:36.0) Gecko/20100101 Firefox/36.0', '/jeesite/a/cms/article/delete', 'GET', 0x69643D352663617465676F727949643D33, '');
INSERT INTO `sys_log` VALUES ('5b7990a67bcd4b76a1ffb177677ab2bd', '1', '3038a878f1544ec9a919c8f4cf935832', '2016-02-04 12:50:54', '127.0.0.1', 'Mozilla/5.0 (Windows NT 6.1; WOW64; rv:36.0) Gecko/20100101 Firefox/36.0', '/jeesite/a/cms/article/delete', 'GET', 0x69643D362663617465676F727949643D33, '');
INSERT INTO `sys_log` VALUES ('73dc7dfe28ca4104beb5565deb7bf048', '1', '3038a878f1544ec9a919c8f4cf935832', '2016-02-04 12:52:06', '127.0.0.1', 'Mozilla/5.0 (Windows NT 6.1; WOW64; rv:36.0) Gecko/20100101 Firefox/36.0', '/jeesite/a/cms/category/save', 'POST', 0x69643D33266F66666963652E69643D33266F66666963652E6E616D653DE4BABAE58A9BE983A826706172656E742E69643D3226706172656E742E6E616D653DE7BB84E7BB87E69CBAE69E84266D6F64756C653D61727469636C65266E616D653DE7BD91E7AB99E7AE80E4BB8B5445535426696D6167653D2F6A6565736974652F7573657266696C65732F33303338613837386631353434656339613931396338663463663933353833322F696D616765732F636D732F61727469636C652F323031362F30322F4261696475536875727566615F323031362D2E2E2E26687265663D267461726765743D266465736372697074696F6E3D266B6579776F7264733D26736F72743D333026696E4D656E753D3126696E4C6973743D312673686F774D6F6465733D3026616C6C6F77436F6D6D656E743D3126697341756469743D3126637573746F6D4C697374566965773D26637573746F6D436F6E74656E74566965773D2676696577436F6E6669673D, '');
INSERT INTO `sys_log` VALUES ('377102293093443086e64a08ccf34fb4', '1', '3038a878f1544ec9a919c8f4cf935832', '2016-02-04 12:52:23', '127.0.0.1', 'Mozilla/5.0 (Windows NT 6.1; WOW64; rv:36.0) Gecko/20100101 Firefox/36.0', '/jeesite/a/cms/category/save', 'POST', 0x69643D33266F66666963652E69643D33266F66666963652E6E616D653DE4BABAE58A9BE983A826706172656E742E69643D3226706172656E742E6E616D653DE7BB84E7BB87E69CBAE69E84266D6F64756C653D61727469636C65266E616D653DE7BD91E7AB99E7AE80E4BB8B26696D6167653D2F6A6565736974652F7573657266696C65732F33303338613837386631353434656339613931396338663463663933353833322F696D616765732F636D732F61727469636C652F323031362F30322F4261696475536875727566615F323031362D2E2E2E26687265663D267461726765743D266465736372697074696F6E3D266B6579776F7264733D26736F72743D333026696E4D656E753D3126696E4C6973743D312673686F774D6F6465733D3026616C6C6F77436F6D6D656E743D3126697341756469743D3126637573746F6D4C697374566965773D26637573746F6D436F6E74656E74566965773D2676696577436F6E6669673D, '');
INSERT INTO `sys_log` VALUES ('209e2369dda3487c832b16a5a22e6259', '1', '3038a878f1544ec9a919c8f4cf935832', '2016-02-04 12:53:29', '127.0.0.1', 'Mozilla/5.0 (Windows NT 6.1; WOW64; rv:36.0) Gecko/20100101 Firefox/36.0', '/jeesite/a/cms/category/save', 'POST', 0x69643D33266F66666963652E69643D33266F66666963652E6E616D653DE4BABAE58A9BE983A826706172656E742E69643D3226706172656E742E6E616D653DE7BB84E7BB87E69CBAE69E84266D6F64756C653D61727469636C65266E616D653DE7BD91E7AB99E7AE80E4BB8B26696D6167653D26687265663D267461726765743D266465736372697074696F6E3D266B6579776F7264733D26736F72743D333026696E4D656E753D3126696E4C6973743D312673686F774D6F6465733D3026616C6C6F77436F6D6D656E743D3126697341756469743D3126637573746F6D4C697374566965773D26637573746F6D436F6E74656E74566965773D2676696577436F6E6669673D, '');
INSERT INTO `sys_log` VALUES ('0e81e4dc060f42f4813eb636a3e3a803', '1', '3038a878f1544ec9a919c8f4cf935832', '2016-02-04 12:55:59', '127.0.0.1', 'Mozilla/5.0 (Windows NT 6.1; WOW64; rv:36.0) Gecko/20100101 Firefox/36.0', '/jeesite/a/cms/article/save', 'POST', 0x69643D312663617465676F72792E69643D332663617465676F72792E6E616D653DE7BD91E7AB99E7AE80E4BB8B267469746C653DE7BD91E7AB99E7AE80E4BB8B3126636F6C6F723D726564266C696E6B3D266B6579776F7264733DE585B3E994AEE5AD97312CE585B3E994AEE5AD9732267765696768743D39393926776569676874446174653D266465736372697074696F6E3DE7BD91E7AB99E7AE80E4BB8B3126696D6167653D2F6A6565736974652F7573657266696C65732F33303338613837386631353434656339613931396338663463663933353833322F5F7468756D62732F696D616765732F636D732F61727469636C652F323031362F30322F426169647553687572752E2E2E2661727469636C65446174612E636F6E74656E743D0D0A09E7BD91E7AB99E7AE80E4BB8B310D0A0D0A09E695B0E68DAEE5BA93E8AFBEE4BBB6310D0A0D0A09E695B0E68DAEE5BA93E8AFBEE4BBB6310D0A0D0A09E695B0E68DAEE5BA93E8AFBEE4BBB631E38081765C5C0D0A0D0A09E695B0E68DAEE5BA93E8AFBEE4BBB6310D0A0D0A09E695B0E68DAEE5BA93E8AFBEE4BBB6312E2E2E2661727469636C65446174612E636F707966726F6D3DE69DA5E6BA902661727469636C65446174612E72656C6174696F6E3D312C322C332C2661727469636C65446174612E616C6C6F77436F6D6D656E743D3126706F7369644C6973743D31265F706F7369644C6973743D6F6E26637265617465446174653D323031362D30322D30342031323A34393A35352664656C466C61673D3026637573746F6D436F6E74656E74566965773D2676696577436F6E6669673D, '');
INSERT INTO `sys_log` VALUES ('801ad70991ff4985aeb6646006fe3597', '1', '3038a878f1544ec9a919c8f4cf935832', '2016-02-04 12:56:46', '127.0.0.1', 'Mozilla/5.0 (Windows NT 6.1; WOW64; rv:36.0) Gecko/20100101 Firefox/36.0', '/jeesite/a/cms/article/save', 'POST', 0x69643D312663617465676F72792E69643D332663617465676F72792E6E616D653DE7BD91E7AB99E7AE80E4BB8B267469746C653DE7BD91E7AB99E7AE80E4BB8B3126636F6C6F723D726564266C696E6B3D266B6579776F7264733DE585B3E994AEE5AD97312CE585B3E994AEE5AD9732267765696768743D39393926776569676874446174653D266465736372697074696F6E3DE7BD91E7AB99E7AE80E4BB8B3126696D6167653D2F6A6565736974652F7573657266696C65732F33303338613837386631353434656339613931396338663463663933353833322F5F7468756D62732F696D616765732F636D732F61727469636C652F323031362F30322F426169647553687572752E2E2E2661727469636C65446174612E636F6E74656E743D0D0A09E7BD91E7AB99E7AE80E4BB8B310D0A0D0A09E695B0E68DAEE5BA93E8AFBEE4BBB6310D0A0D0A09E695B0E68DAEE5BA93E8AFBEE4BBB6310D0A0D0A09E695B0E68DAEE5BA93E8AFBEE4BBB631E38081765C5C0D0A0D0A09E695B0E68DAEE5BA93E8AFBEE4BBB6310D0A0D0A09E695B0E68DAEE5BA93E8AFBEE4BBB6312E2E2E2661727469636C65446174612E636F707966726F6D3DE69DA5E6BA902661727469636C65446174612E72656C6174696F6E3D312C322C332C2661727469636C65446174612E616C6C6F77436F6D6D656E743D3126706F7369644C6973743D31265F706F7369644C6973743D6F6E26637265617465446174653D323031362D30322D30342031323A34393A35352664656C466C61673D3026637573746F6D436F6E74656E74566965773D2676696577436F6E6669673D, '');
INSERT INTO `sys_log` VALUES ('3c68b2e3118c4bcc9953f1ecd9120654', '1', '3038a878f1544ec9a919c8f4cf935832', '2016-02-04 12:59:12', '127.0.0.1', 'Mozilla/5.0 (Windows NT 6.1; WOW64; rv:36.0) Gecko/20100101 Firefox/36.0', '/jeesite/a/cms/article/save', 'POST', 0x69643D31302663617465676F72792E69643D342663617465676F72792E6E616D653DE58685E983A8E69CBAE69E84267469746C653D3C7370616E20636C6173733D26636F6C6F723D266C696E6B3D266B6579776F7264733DE585B3E994AEE5AD97312CE585B3E994AEE5AD9732267765696768743D3026776569676874446174653D266465736372697074696F6E3DE69687E7ABA0E58685E5AEB9E58685E5AEB9E58685E5AEB9E58685E5AEB926696D6167653D2661727469636C65446174612E636F6E74656E743D0D0A090D0A2661727469636C65446174612E636F707966726F6D3DE69DA5E6BA902661727469636C65446174612E72656C6174696F6E3D312C322C332C2661727469636C65446174612E616C6C6F77436F6D6D656E743D31265F706F7369644C6973743D6F6E26637265617465446174653D323031332D30352D32372030383A30303A30302664656C466C61673D3026637573746F6D436F6E74656E74566965773D2676696577436F6E6669673D, '');
INSERT INTO `sys_log` VALUES ('532f8011020b4fdb9cba4c7aaf66a20e', '1', '3038a878f1544ec9a919c8f4cf935832', '2016-02-04 13:00:24', '127.0.0.1', 'Mozilla/5.0 (Windows NT 6.1; WOW64; rv:36.0) Gecko/20100101 Firefox/36.0', '/jeesite/a/cms/article/save', 'POST', 0x69643D31302663617465676F72792E69643D342663617465676F72792E6E616D653DE58685E983A8E69CBAE69E84267469746C653DE58685E983A8E69CBAE69E843126636F6C6F723D266C696E6B3D266B6579776F7264733DE585B3E994AEE5AD97312CE585B3E994AEE5AD9732267765696768743D3026776569676874446174653D266465736372697074696F6E3DE69198E8A68126696D6167653D2661727469636C65446174612E636F6E74656E743D0D0A090D0A2661727469636C65446174612E636F707966726F6D3DE69DA5E6BA902661727469636C65446174612E72656C6174696F6E3D312C322C332C2661727469636C65446174612E616C6C6F77436F6D6D656E743D31265F706F7369644C6973743D6F6E26637265617465446174653D323031332D30352D32372030383A30303A30302664656C466C61673D3026637573746F6D436F6E74656E74566965773D2676696577436F6E6669673D, '');
INSERT INTO `sys_log` VALUES ('db22b4262201414cb8b2e543d601db19', '1', '3038a878f1544ec9a919c8f4cf935832', '2016-02-04 13:03:40', '127.0.0.1', 'Mozilla/5.0 (Windows NT 6.1; WOW64; rv:36.0) Gecko/20100101 Firefox/36.0', '/jeesite/a/cms/article/save', 'POST', 0x69643D2663617465676F72792E69643D332663617465676F72792E6E616D653DE7BD91E7AB99E7AE80E4BB8B267469746C653DE7BD91E7AB99E7AE80E4BB8B3226636F6C6F723D677265656E266C696E6B3D266B6579776F7264733DE7BD91E7AB99E7AE80E4BB8B32267765696768743D3026776569676874446174653D323031362D30322D3035266465736372697074696F6E3DE7BD91E7AB99E7AE80E4BB8B3226696D6167653D2661727469636C65446174612E636F6E74656E743D0D0A090D0A0D0A090D0A09090D0A0909090D0A09090909C2A00D0A0909090D0A09090909C2A00D0A09090D0A09090D0A0909090D0A09090909C2A00D0A0909090D0A09090909C2A00D0A09090D0A09090D0A0909090D0A09090909C2A00D0A0909090D0A09092E2E2E2661727469636C65446174612E636F707966726F6D3D2661727469636C65446174612E72656C6174696F6E3D2661727469636C65446174612E616C6C6F77436F6D6D656E743D3126706F7369644C6973743D31265F706F7369644C6973743D6F6E26637265617465446174653D2664656C466C61673D3026637573746F6D436F6E74656E74566965773D2676696577436F6E6669673D, '');
INSERT INTO `sys_log` VALUES ('a4f5d90cc3db44a1bf9020f870303a58', '1', '3038a878f1544ec9a919c8f4cf935832', '2016-02-04 13:10:40', '127.0.0.1', 'Mozilla/5.0 (Windows NT 6.1; WOW64; rv:36.0) Gecko/20100101 Firefox/36.0', '/jeesite/a/cms/article/save', 'POST', 0x69643D312663617465676F72792E69643D332663617465676F72792E6E616D653DE7BD91E7AB99E7AE80E4BB8B267469746C653DE7BD91E7AB99E7AE80E4BB8B3126636F6C6F723D726564266C696E6B3D266B6579776F7264733DE585B3E994AEE5AD97312CE585B3E994AEE5AD9732267765696768743D39393926776569676874446174653D266465736372697074696F6E3DE8AEBAE794B5E5BDB1E79A84E4B883E4B8AAE58583E7B4A0E3808BE28094E28094E585B3E4BA8EE68891E5AFB9E794B5E5BDB1E79A84E4B880E4BA9BE79C8BE6B395E4BBA5E58F8AE3808AE5908EE4BC9AE697A0E69C9FE3808B26696D6167653D2F6A6565736974652F7573657266696C65732F33303338613837386631353434656339613931396338663463663933353833322F5F7468756D62732F696D616765732F636D732F61727469636C652F323031362F30322F426169647553687572752E2E2E2661727469636C65446174612E636F6E74656E743D0D0A09E8BF99E4BA9BE5A4A9EFBC8CE4B88DE5B091E69C8BE58F8BE5928CE5AA92E4BD93E69DA5E997AEE585B3E4BA8EE3808AE5908EE4BC9AE697A0E69C9FE3808BE79A84E68385E586B5EFBC8CE58699E4B880E7AF87E79FADE69687EFBC8CE5918AE8AF89E5A4A7E5AEB6E4B880E4BA9BE69585E4BA8BE5928CE683B3E6B395E380820D0A0D0A09C2A00D0A2E2E2E2661727469636C65446174612E636F707966726F6D3DE69DA5E6BA902661727469636C65446174612E72656C6174696F6E3D312C322C332C2661727469636C65446174612E616C6C6F77436F6D6D656E743D3126706F7369644C6973743D31265F706F7369644C6973743D6F6E26637265617465446174653D323031362D30322D30342031323A34393A35352664656C466C61673D3026637573746F6D436F6E74656E74566965773D2676696577436F6E6669673D, '');
INSERT INTO `sys_log` VALUES ('bd5980aadc9245c998d73c8adac3a64a', '1', '3038a878f1544ec9a919c8f4cf935832', '2016-02-04 13:16:15', '127.0.0.1', 'Mozilla/5.0 (Windows NT 6.1; WOW64; rv:36.0) Gecko/20100101 Firefox/36.0', '/jeesite/a/cms/article/save', 'POST', 0x69643D31302663617465676F72792E69643D342663617465676F72792E6E616D653DE58685E983A8E69CBAE69E84267469746C653DE58685E983A8E69CBAE69E843126636F6C6F723D266C696E6B3D266B6579776F7264733DE585B3E994AEE5AD97312CE585B3E994AEE5AD9732267765696768743D3026776569676874446174653D266465736372697074696F6E3DE69198E8A68126696D6167653D2661727469636C65446174612E636F6E74656E743D0D0A090D0A2661727469636C65446174612E636F707966726F6D3DE69DA5E6BA902661727469636C65446174612E72656C6174696F6E3D312C322C332C2661727469636C65446174612E616C6C6F77436F6D6D656E743D3126706F7369644C6973743D32265F706F7369644C6973743D6F6E26637265617465446174653D323031332D30352D32372030383A30303A30302664656C466C61673D3026637573746F6D436F6E74656E74566965773D2676696577436F6E6669673D, '');
INSERT INTO `sys_log` VALUES ('c14405d8f8dc4371b4702e33ba8659a9', '2', '1', '2016-02-04 23:26:48', '127.0.0.1', 'Mozilla/5.0 (Windows NT 6.1; WOW64) AppleWebKit/537.36 (KHTML, like Gecko) Chrome/48.0.2564.97 Safari/537.36', '/jeesite/f', 'GET', '', 0x6F72672E6170616368652E6A61737065722E4A6173706572457863657074696F6E3A204D6574686F642022676574496E64657841727469636C654C6973742220666F722066756E6374696F6E2022676574496E64657841727469636C654C69737422206E6F7420666F756E6420696E20636C6173732022636F6D2E7468696E6B67656D2E6A6565736974652E6D6F64756C65732E636D732E7574696C732E436D735574696C7322);
INSERT INTO `sys_log` VALUES ('3eaf7e8c4b8a4fb69edf0704f467e669', '2', '3038a878f1544ec9a919c8f4cf935832', '2016-02-04 23:26:58', '127.0.0.1', 'Mozilla/5.0 (Windows NT 6.1; WOW64; rv:36.0) Gecko/20100101 Firefox/36.0', '/jeesite/f', 'GET', '', 0x6F72672E6170616368652E6A61737065722E4A6173706572457863657074696F6E3A204D6574686F642022676574496E64657841727469636C654C6973742220666F722066756E6374696F6E2022676574496E64657841727469636C654C69737422206E6F7420666F756E6420696E20636C6173732022636F6D2E7468696E6B67656D2E6A6565736974652E6D6F64756C65732E636D732E7574696C732E436D735574696C7322);
INSERT INTO `sys_log` VALUES ('da67ccee454f411bb9cfde94215c9072', '2', '1', '2016-02-04 23:48:01', '127.0.0.1', 'Mozilla/5.0 (Windows NT 6.1; WOW64) AppleWebKit/537.36 (KHTML, like Gecko) Chrome/48.0.2564.97 Safari/537.36', '/jeesite/f', 'GET', '', 0x6F72672E6170616368652E6A61737065722E4A6173706572457863657074696F6E3A20416E20657863657074696F6E206F636375727265642070726F63657373696E67204A53502070616765202F5745422D494E462F76696577732F6D6F64756C65732F636D732F66726F6E742F7468656D65732F62617369632F66726F6E74496E6465782E6A7370206174206C696E652031360D0A0D0A31333A203C6469762069643D226D794361726F7573656C2220636C6173733D226361726F7573656C20736C69646522207374796C653D2270616464696E672D626F74746F6D3A333570783B6D617267696E3A3130707820303B223E0D0A31343A20202020203C6F6C20636C6173733D226361726F7573656C2D696E64696361746F7273223E0D0A31353A2020202020202020203C633A666F7245616368206974656D733D22247B666E633A676574496E64657841727469636C654C6973742835297D22207661723D2261727469636C6522207661725374617475733D22737461747573223E0D0A31363A202020202020202020202020203C633A696620746573743D22247B7374617475733D3D307D223E0D0A31373A20202020202020202020202020202020203C6C6920646174612D7461726765743D22236D794361726F7573656C2220646174612D736C6964652D746F3D22247B7374617475737D2220636C6173733D22616374697665223E3C2F6C693E0D0A31383A202020202020202020202020203C2F633A69663E0D0A31393A202020202020202020202020203C633A696620746573743D22247B737461747573213D307D223E0D0A0D0A0D0A537461636B74726163653A);
INSERT INTO `sys_log` VALUES ('b6b48324fde7401ea4c6cada67a77a41', '2', '3038a878f1544ec9a919c8f4cf935832', '2016-02-04 23:49:31', '127.0.0.1', 'Mozilla/5.0 (Windows NT 6.1; WOW64; rv:36.0) Gecko/20100101 Firefox/36.0', '/jeesite/f', 'GET', '', 0x6F72672E6170616368652E6A61737065722E4A6173706572457863657074696F6E3A20416E20657863657074696F6E206F636375727265642070726F63657373696E67204A53502070616765202F5745422D494E462F76696577732F6D6F64756C65732F636D732F66726F6E742F7468656D65732F62617369632F66726F6E74496E6465782E6A7370206174206C696E652031360D0A0D0A31333A203C6469762069643D226D794361726F7573656C2220636C6173733D226361726F7573656C20736C69646522207374796C653D2270616464696E672D626F74746F6D3A333570783B6D617267696E3A3130707820303B223E0D0A31343A20202020203C6F6C20636C6173733D226361726F7573656C2D696E64696361746F7273223E0D0A31353A2020202020202020203C633A666F7245616368206974656D733D22247B666E633A676574496E64657841727469636C654C6973742835297D22207661723D2261727469636C6522207661725374617475733D22737461747573223E0D0A31363A202020202020202020202020203C633A696620746573743D22247B7374617475733D3D307D223E0D0A31373A20202020202020202020202020202020203C6C6920646174612D7461726765743D22236D794361726F7573656C2220646174612D736C6964652D746F3D22247B7374617475737D2220636C6173733D22616374697665223E3C2F6C693E0D0A31383A202020202020202020202020203C2F633A69663E0D0A31393A202020202020202020202020203C633A696620746573743D22247B737461747573213D307D223E0D0A0D0A0D0A537461636B74726163653A);
INSERT INTO `sys_log` VALUES ('020c68f5f6f3408bae6b08f3aca88d29', '2', '3038a878f1544ec9a919c8f4cf935832', '2016-02-04 23:50:46', '127.0.0.1', 'Mozilla/5.0 (Windows NT 6.1; WOW64; rv:36.0) Gecko/20100101 Firefox/36.0', '/jeesite/f', 'GET', '', 0x6F72672E6170616368652E6A61737065722E4A6173706572457863657074696F6E3A20416E20657863657074696F6E206F636375727265642070726F63657373696E67204A53502070616765202F5745422D494E462F76696577732F6D6F64756C65732F636D732F66726F6E742F7468656D65732F62617369632F66726F6E74496E6465782E6A7370206174206C696E652031360D0A0D0A31333A203C6469762069643D226D794361726F7573656C2220636C6173733D226361726F7573656C20736C69646522207374796C653D2270616464696E672D626F74746F6D3A333570783B6D617267696E3A3130707820303B223E0D0A31343A20202020203C6F6C20636C6173733D226361726F7573656C2D696E64696361746F7273223E0D0A31353A2020202020202020203C633A666F7245616368206974656D733D22247B666E633A676574496E64657841727469636C654C6973742835297D22207661723D2261727469636C6522207661725374617475733D22737461747573223E0D0A31363A202020202020202020202020203C633A696620746573743D22247B7374617475733D3D307D223E0D0A31373A20202020202020202020202020202020203C6C6920646174612D7461726765743D22236D794361726F7573656C2220646174612D736C6964652D746F3D22247B7374617475737D2220636C6173733D22616374697665223E3C2F6C693E0D0A31383A202020202020202020202020203C2F633A69663E0D0A31393A202020202020202020202020203C633A696620746573743D22247B737461747573213D307D223E0D0A0D0A0D0A537461636B74726163653A);
INSERT INTO `sys_log` VALUES ('e7a573e2999745f8a4b63f60f99b64a2', '1', '1', '2016-02-05 00:21:10', '127.0.0.1', 'Mozilla/5.0 (Windows NT 6.1; WOW64) AppleWebKit/537.36 (KHTML, like Gecko) Chrome/48.0.2564.97 Safari/537.36', '/jeesite/a/cms/article/save', 'POST', 0x69643D37316465373034633632656434623166613064383734633932363066633431632663617465676F72792E69643D332663617465676F72792E6E616D653DE7BD91E7AB99E7AE80E4BB8B267469746C653DE7BD91E7AB99E7AE80E4BB8B3226636F6C6F723D677265656E266C696E6B3D266B6579776F7264733DE7BD91E7AB99E7AE80E4BB8B32267765696768743D3026776569676874446174653D323031362D30322D3035266465736372697074696F6E3DE7BD91E7AB99E7AE80E4BB8B3226696D6167653D2F6A6565736974652F7573657266696C65732F312F5F7468756D62732F696D616765732F636D732F61727469636C652F323031362F30322F4261696475536875727566615F323031362D322D345F31322D31382D31382E6A70672661727469636C65446174612E636F6E74656E743D0D0A090D0A0D0A090D0A09090D0A0909090D0A09090909C2A00D0A0909090D0A09090909C2A00D0A09090D0A09090D0A0909090D0A09090909C2A00D0A0909090D0A09090909C2A00D0A09090D0A09090D0A0909090D0A09090909C2A00D0A0909090D0A09092E2E2E2661727469636C65446174612E636F707966726F6D3D2661727469636C65446174612E72656C6174696F6E3D2661727469636C65446174612E616C6C6F77436F6D6D656E743D3126706F7369644C6973743D31265F706F7369644C6973743D6F6E26637265617465446174653D323031362D30322D30342031333A30333A34302664656C466C61673D3026637573746F6D436F6E74656E74566965773D2676696577436F6E6669673D, '');
INSERT INTO `sys_log` VALUES ('b4da59547c59463094a5bc867f08db98', '1', '3038a878f1544ec9a919c8f4cf935832', '2016-02-06 12:02:04', '127.0.0.1', 'Mozilla/5.0 (Windows NT 6.1; WOW64; rv:36.0) Gecko/20100101 Firefox/36.0', '/jeesite/a/cms/article/save', 'POST', 0x69643D312663617465676F72792E69643D332663617465676F72792E6E616D653DE7BD91E7AB99E7AE80E4BB8B267469746C653DE7BD91E7AB99E7AE80E4BB8B3126636F6C6F723D726564266C696E6B3D266B6579776F7264733DE585B3E994AEE5AD97312CE585B3E994AEE5AD9732267765696768743D39393926776569676874446174653D266465736372697074696F6E3DE5B882E59CBAE697A5E6B890E7BAA2E781ABEFBC8CE696B0E5AFBCE6BC94E4B99FE69C89E4BA86E69BB4E5A49AE79A84E7A9BAE997B4EFBC8CE697A0E5A588E8BF99E4B8AAE69585E4BA8BE69CACE8BAABE7A88DE6958FE6849FEFBC8CE68980E4BBA5E8BF98E698AFE6B2A1E69C89E68890E58A9FE38082E68891E58F88E68A8AE8BF99E4B8AAE69585E4BA8BE586992E2E2E26696D6167653D2F6A6565736974652F7573657266696C65732F33303338613837386631353434656339613931396338663463663933353833322F5F7468756D62732F696D616765732F636D732F61727469636C652F323031362F30322F426169647553687572752E2E2E2661727469636C65446174612E636F6E74656E743D0D0A09E8BF99E4BA9BE5A4A9EFBC8CE4B88DE5B091E69C8BE58F8BE5928CE5AA92E4BD93E69DA5E997AEE585B3E4BA8EE3808AE5908EE4BC9AE697A0E69C9FE3808BE79A84E68385E586B5EFBC8CE58699E4B880E7AF87E79FADE69687EFBC8CE5918AE8AF89E5A4A7E5AEB6E4B880E4BA9BE69585E4BA8BE5928CE683B3E6B395E380820D0A0D0A09E5B7AE2E2E2E2661727469636C65446174612E636F707966726F6D3DE69DA5E6BA902661727469636C65446174612E72656C6174696F6E3D312C322C332C2661727469636C65446174612E616C6C6F77436F6D6D656E743D3126706F7369644C6973743D31265F706F7369644C6973743D6F6E26637265617465446174653D323031362D30322D30342031323A34393A35352664656C466C61673D3026637573746F6D436F6E74656E74566965773D2676696577436F6E6669673D, '');
INSERT INTO `sys_log` VALUES ('9e978ef35b1f48ccb771944e7eba459a', '1', '3038a878f1544ec9a919c8f4cf935832', '2016-02-06 12:05:09', '127.0.0.1', 'Mozilla/5.0 (Windows NT 6.1; WOW64; rv:36.0) Gecko/20100101 Firefox/36.0', '/jeesite/a/cms/article/save', 'POST', 0x69643D312663617465676F72792E69643D332663617465676F72792E6E616D653DE7BD91E7AB99E7AE80E4BB8B267469746C653DE7BD91E7AB99E7AE80E4BB8B3126636F6C6F723D726564266C696E6B3D266B6579776F7264733DE585B3E994AEE5AD97312CE585B3E994AEE5AD9732267765696768743D39393926776569676874446174653D266465736372697074696F6E3DE794B5E5BDB1E4B88EE587BAE78988E4B88DE4B880E6A0B7EFBC8CE68891E58699E4B880E69CACE4B9A6EFBC8CE697A0E8AEBAE58D96E5A49AE5B091EFBC8CE68891E5928CE587BAE78988E59586E983BDE4B88DE4BC9AE4BA8FEFBC8CE697A0E99D9EE8B59AE5A49AE3808226696D6167653D2F6A6565736974652F7573657266696C65732F33303338613837386631353434656339613931396338663463663933353833322F5F7468756D62732F696D616765732F636D732F61727469636C652F323031362F30322F426169647553687572752E2E2E2661727469636C65446174612E636F6E74656E743D0D0A09E5B882E59CBAE697A5E6B890E7BAA2E781ABEFBC8CE696B0E5AFBCE6BC94E4B99FE69C89E4BA86E69BB4E5A49AE79A84E7A9BAE997B4EFBC8CE697A0E5A588E8BF99E4B8AAE69585E4BA8BE69CACE8BAABE7A88DE6958FE6849FEFBC8CE68980E4BBA5E8BF98E698AFE6B2A1E69C89E68890E58A9FE38082E68891E58F88E68A8AE8BF99E4B8AAE69585E4BA8B2E2E2E2661727469636C65446174612E636F707966726F6D3DE69DA5E6BA902661727469636C65446174612E72656C6174696F6E3D312C322C332C2661727469636C65446174612E616C6C6F77436F6D6D656E743D3126706F7369644C6973743D31265F706F7369644C6973743D6F6E26637265617465446174653D323031362D30322D30342031323A34393A35352664656C466C61673D3026637573746F6D436F6E74656E74566965773D2676696577436F6E6669673D, '');
INSERT INTO `sys_log` VALUES ('b67cd426d3044cee80155b9241f61785', '1', '3038a878f1544ec9a919c8f4cf935832', '2016-02-06 12:06:48', '127.0.0.1', 'Mozilla/5.0 (Windows NT 6.1; WOW64; rv:36.0) Gecko/20100101 Firefox/36.0', '/jeesite/a/cms/article/save', 'POST', 0x69643D312663617465676F72792E69643D332663617465676F72792E6E616D653DE7BD91E7AB99E7AE80E4BB8B267469746C653DE7BD91E7AB99E7AE80E4BB8B3126636F6C6F723D726564266C696E6B3D266B6579776F7264733DE794B5E5BDB12CE587BAE78988E59586267765696768743D39393926776569676874446174653D266465736372697074696F6E3DE794B5E5BDB1E4B88EE587BAE78988E4B88DE4B880E6A0B7EFBC8CE68891E58699E4B880E69CACE4B9A6EFBC8CE697A0E8AEBAE58D96E5A49AE5B091EFBC8CE68891E5928CE587BAE78988E59586E983BDE4B88DE4BC9AE4BA8FEFBC8CE697A0E99D9EE8B59AE5A49AE3808226696D6167653D2F6A6565736974652F7573657266696C65732F33303338613837386631353434656339613931396338663463663933353833322F5F7468756D62732F696D616765732F636D732F61727469636C652F323031362F30322F426169647553687572752E2E2E2661727469636C65446174612E636F6E74656E743D0D0A09E5B882E59CBAE697A5E6B890E7BAA2E781ABEFBC8CE696B0E5AFBCE6BC94E4B99FE69C89E4BA86E69BB4E5A49AE79A84E7A9BAE997B4EFBC8CE697A0E5A588E8BF99E4B8AAE69585E4BA8BE69CACE8BAABE7A88DE6958FE6849FEFBC8CE68980E4BBA5E8BF98E698AFE6B2A1E69C89E68890E58A9FE38082E68891E58F88E68A8AE8BF99E4B8AAE69585E4BA8B2E2E2E2661727469636C65446174612E636F707966726F6D3DE69DA5E6BA902661727469636C65446174612E72656C6174696F6E3D312C322C332C2661727469636C65446174612E616C6C6F77436F6D6D656E743D3126706F7369644C6973743D31265F706F7369644C6973743D6F6E26637265617465446174653D323031362D30322D30342031323A34393A35352664656C466C61673D3026637573746F6D436F6E74656E74566965773D2676696577436F6E6669673D, '');
INSERT INTO `sys_log` VALUES ('022d9f9e0ac046449feeaa0a8c362418', '1', '3038a878f1544ec9a919c8f4cf935832', '2016-02-06 12:08:10', '127.0.0.1', 'Mozilla/5.0 (Windows NT 6.1; WOW64; rv:36.0) Gecko/20100101 Firefox/36.0', '/jeesite/a/cms/article/save', 'POST', 0x69643D312663617465676F72792E69643D332663617465676F72792E6E616D653DE7BD91E7AB99E7AE80E4BB8B267469746C653DE7BD91E7AB99E7AE80E4BB8B3126636F6C6F723D726564266C696E6B3D266B6579776F7264733DE794B5E5BDB12CE587BAE78988E59586267765696768743D39393926776569676874446174653D266465736372697074696F6E3DE794B5E5BDB1E4B88EE587BAE78988E4B88DE4B880E6A0B7EFBC8CE68891E58699E4B880E69CACE4B9A6EFBC8CE697A0E8AEBAE58D96E5A49AE5B091EFBC8CE68891E5928CE587BAE78988E59586E983BDE4B88DE4BC9AE4BA8FEFBC8CE697A0E99D9EE8B59AE5A49AE3808226696D6167653D2F6A6565736974652F7573657266696C65732F33303338613837386631353434656339613931396338663463663933353833322F5F7468756D62732F696D616765732F636D732F61727469636C652F323031362F30322F426169647553687572752E2E2E2661727469636C65446174612E636F6E74656E743D0D0A09E5B882E59CBAE697A5E6B890E7BAA2E781ABEFBC8CE696B0E5AFBCE6BC94E4B99FE69C89E4BA86E69BB4E5A49AE79A84E7A9BAE997B4EFBC8CE697A0E5A588E8BF99E4B8AAE69585E4BA8BE69CACE8BAABE7A88DE6958FE6849FEFBC8CE68980E4BBA5E8BF98E698AFE6B2A1E69C89E68890E58A9FE38082E68891E58F88E68A8AE8BF99E4B8AAE69585E4BA8B2E2E2E2661727469636C65446174612E636F707966726F6D3DE69DA5E6BA902661727469636C65446174612E72656C6174696F6E3D312C322C332C2661727469636C65446174612E616C6C6F77436F6D6D656E743D3126706F7369644C6973743D31265F706F7369644C6973743D6F6E26637265617465446174653D323031362D30322D30342031323A34393A35352664656C466C61673D3026637573746F6D436F6E74656E74566965773D2676696577436F6E6669673D, '');
INSERT INTO `sys_log` VALUES ('42cff789288c45bbb423050cda3cca60', '1', '3038a878f1544ec9a919c8f4cf935832', '2016-02-06 12:11:10', '127.0.0.1', 'Mozilla/5.0 (Windows NT 6.1; WOW64; rv:36.0) Gecko/20100101 Firefox/36.0', '/jeesite/a/cms/article/save', 'POST', 0x69643D312663617465676F72792E69643D332663617465676F72792E6E616D653DE7BD91E7AB99E7AE80E4BB8B267469746C653DE7BD91E7AB99E7AE80E4BB8B3126636F6C6F723D726564266C696E6B3D266B6579776F7264733DE794B5E5BDB12CE587BAE78988E59586267765696768743D39393926776569676874446174653D266465736372697074696F6E3DE794B5E5BDB1E4B88EE587BAE78988E4B88DE4B880E6A0B7EFBC8CE68891E58699E4B880E69CACE4B9A6EFBC8CE697A0E8AEBAE58D96E5A49AE5B091EFBC8CE68891E5928CE587BAE78988E59586E983BDE4B88DE4BC9AE4BA8FEFBC8CE697A0E99D9EE8B59AE5A49AE3808226696D6167653D2F6A6565736974652F7573657266696C65732F33303338613837386631353434656339613931396338663463663933353833322F5F7468756D62732F696D616765732F636D732F61727469636C652F323031362F30322F426169647553687572752E2E2E2661727469636C65446174612E636F6E74656E743D0D0A09E5B882E59CBAE697A5E6B890E7BAA2E781ABEFBC8CE696B0E5AFBCE6BC94E4B99FE69C89E4BA86E69BB4E5A49AE79A84E7A9BAE997B4EFBC8CE697A0E5A588E8BF99E4B8AAE69585E4BA8BE69CACE8BAABE7A88DE6958FE6849FEFBC8CE68980E4BBA5E8BF98E698AFE6B2A1E69C89E68890E58A9FE38082E68891E58F88E68A8AE8BF99E4B8AAE69585E4BA8B2E2E2E2661727469636C65446174612E636F707966726F6D3DE69DA5E6BA902661727469636C65446174612E72656C6174696F6E3D312C322C332C2661727469636C65446174612E616C6C6F77436F6D6D656E743D3126706F7369644C6973743D31265F706F7369644C6973743D6F6E26637265617465446174653D323031362D30322D30342031323A34393A35352664656C466C61673D3026637573746F6D436F6E74656E74566965773D2676696577436F6E6669673D, '');
INSERT INTO `sys_log` VALUES ('cb9f1b1d12f04319ac1251d91c2ec00c', '1', '3038a878f1544ec9a919c8f4cf935832', '2016-02-06 12:45:12', '127.0.0.1', 'Mozilla/5.0 (Windows NT 6.1; WOW64; rv:36.0) Gecko/20100101 Firefox/36.0', '/jeesite/a/cms/article/save', 'POST', 0x69643D312663617465676F72792E69643D332663617465676F72792E6E616D653DE7BD91E7AB99E7AE80E4BB8B267469746C653DE7BD91E7AB99E7AE80E4BB8B3126636F6C6F723D726564266C696E6B3D266B6579776F7264733DE794B5E5BDB12CE587BAE78988E59586267765696768743D39393926776569676874446174653D266465736372697074696F6E3D09E5B882E59CBAE697A5E6B890E7BAA2E781ABEFBC8CE696B0E5AFBCE6BC94E4B99FE69C89E4BA86E69BB4E5A49AE79A84E7A9BAE997B4EFBC8CE697A0E5A588E8BF99E4B8AAE69585E4BA8BE69CACE8BAABE7A88DE6958FE6849FEFBC8CE68980E4BBA5E8BF98E698AFE6B2A1E69C89E68890E58A9FE38082E68891E58F88E68A8AE8BF99E4B8AAE69585E4BA8BE586992E2E2E26696D6167653D2F6A6565736974652F7573657266696C65732F33303338613837386631353434656339613931396338663463663933353833322F5F7468756D62732F696D616765732F636D732F61727469636C652F323031362F30322F426169647553687572752E2E2E2661727469636C65446174612E636F6E74656E743D0D0A09E5B882E59CBAE697A5E6B890E7BAA2E781ABEFBC8CE696B0E5AFBCE6BC94E4B99FE69C89E4BA86E69BB4E5A49AE79A84E7A9BAE997B4EFBC8CE697A0E5A588E8BF99E4B8AAE69585E4BA8BE69CACE8BAABE7A88DE6958FE6849FEFBC8CE68980E4BBA5E8BF98E698AFE6B2A1E69C89E68890E58A9FE38082E68891E58F88E68A8AE8BF99E4B8AAE69585E4BA8B2E2E2E2661727469636C65446174612E636F707966726F6D3DE69DA5E6BA902661727469636C65446174612E72656C6174696F6E3D312C322C332C2661727469636C65446174612E616C6C6F77436F6D6D656E743D3126706F7369644C6973743D31265F706F7369644C6973743D6F6E26637265617465446174653D323031362D30322D30342031323A34393A35352664656C466C61673D3026637573746F6D436F6E74656E74566965773D2676696577436F6E6669673D, '');
INSERT INTO `sys_log` VALUES ('18a57245f18f47988a94370e62541c2d', '1', '3038a878f1544ec9a919c8f4cf935832', '2016-02-06 12:46:47', '127.0.0.1', 'Mozilla/5.0 (Windows NT 6.1; WOW64; rv:36.0) Gecko/20100101 Firefox/36.0', '/jeesite/a/cms/article/save', 'POST', 0x69643D312663617465676F72792E69643D332663617465676F72792E6E616D653DE7BD91E7AB99E7AE80E4BB8B267469746C653DE7BD91E7AB99E7AE80E4BB8B3126636F6C6F723D726564266C696E6B3D266B6579776F7264733DE794B5E5BDB12CE587BAE78988E59586267765696768743D39393926776569676874446174653D266465736372697074696F6E3DE5B882E59CBAE697A5E6B890E7BAA2E781ABEFBC8CE696B0E5AFBCE6BC94E4B99FE69C89E4BA86E69BB4E5A49AE79A84E7A9BAE997B4EFBC8CE697A0E5A588E8BF99E4B8AAE69585E4BA8BE69CACE8BAABE7A88DE6958FE6849FEFBC8CE68980E4BBA5E8BF98E698AFE6B2A1E69C89E68890E58A9FE38082E68891E58F88E68A8AE8BF99E4B8AAE69585E4BA8BE586992E2E2E26696D6167653D2F6A6565736974652F7573657266696C65732F33303338613837386631353434656339613931396338663463663933353833322F5F7468756D62732F696D616765732F636D732F61727469636C652F323031362F30322F426169647553687572752E2E2E2661727469636C65446174612E636F6E74656E743D0D0A09E5B882E59CBAE697A5E6B890E7BAA2E781ABEFBC8CE696B0E5AFBCE6BC94E4B99FE69C89E4BA86E69BB4E5A49AE79A84E7A9BAE997B4EFBC8CE697A0E5A588E8BF99E4B8AAE69585E4BA8BE69CACE8BAABE7A88DE6958FE6849FEFBC8CE68980E4BBA5E8BF98E698AFE6B2A1E69C89E68890E58A9FE38082E68891E58F88E68A8AE8BF99E4B8AAE69585E4BA8B2E2E2E2661727469636C65446174612E636F707966726F6D3DE69DA5E6BA902661727469636C65446174612E72656C6174696F6E3D312C322C332C2661727469636C65446174612E616C6C6F77436F6D6D656E743D3126706F7369644C6973743D31265F706F7369644C6973743D6F6E26637265617465446174653D323031362D30322D30342031323A34393A35352664656C466C61673D3026637573746F6D436F6E74656E74566965773D2676696577436F6E6669673D, '');
INSERT INTO `sys_log` VALUES ('f4520eabb3dd43fab49a7ed25bb6c6d9', '1', '3038a878f1544ec9a919c8f4cf935832', '2016-02-06 12:47:13', '127.0.0.1', 'Mozilla/5.0 (Windows NT 6.1; WOW64; rv:36.0) Gecko/20100101 Firefox/36.0', '/jeesite/a/cms/article/save', 'POST', 0x69643D312663617465676F72792E69643D332663617465676F72792E6E616D653DE7BD91E7AB99E7AE80E4BB8B267469746C653DE7BD91E7AB99E7AE80E4BB8B3126636F6C6F723D726564266C696E6B3D266B6579776F7264733DE794B5E5BDB12CE587BAE78988E59586267765696768743D39393926776569676874446174653D266465736372697074696F6E3DE5B882E59CBAE697A5E6B890E7BAA2E781ABEFBC8CE696B0E5AFBCE6BC94E4B99FE69C89E4BA86E69BB4E5A49AE79A84E7A9BAE997B4EFBC8CE697A0E5A588E8BF99E4B8AAE69585E4BA8BE69CACE8BAABE7A88DE6958FE6849FEFBC8CE68980E4BBA5E8BF98E698AFE6B2A1E69C89E68890E58A9FE38082E68891E58F88E68A8AE8BF99E4B8AAE69585E4BA8BE586992E2E2E26696D6167653D2F6A6565736974652F7573657266696C65732F33303338613837386631353434656339613931396338663463663933353833322F5F7468756D62732F696D616765732F636D732F61727469636C652F323031362F30322F426169647553687572752E2E2E2661727469636C65446174612E636F6E74656E743D0D0A09E5B882E59CBAE697A5E6B890E7BAA2E781ABEFBC8CE696B0E5AFBCE6BC94E4B99FE69C89E4BA86E69BB4E5A49AE79A84E7A9BAE997B4EFBC8CE697A0E5A588E8BF99E4B8AAE69585E4BA8BE69CACE8BAABE7A88DE6958FE6849FEFBC8CE68980E4BBA5E8BF98E698AFE6B2A1E69C89E68890E58A9FE38082E68891E58F88E68A8AE8BF99E4B8AAE69585E4BA8B2E2E2E2661727469636C65446174612E636F707966726F6D3DE69DA5E6BA902661727469636C65446174612E72656C6174696F6E3D312C322C332C2661727469636C65446174612E616C6C6F77436F6D6D656E743D3126706F7369644C6973743D31265F706F7369644C6973743D6F6E26637265617465446174653D323031362D30322D30342031323A34393A35352664656C466C61673D3026637573746F6D436F6E74656E74566965773D2676696577436F6E6669673D, '');
INSERT INTO `sys_log` VALUES ('7a431e77f39e4b44bfbb738da47aa0ec', '1', '1', '2016-02-09 11:33:04', '127.0.0.1', 'Mozilla/5.0 (Windows NT 6.1; WOW64) AppleWebKit/537.36 (KHTML, like Gecko) Chrome/48.0.2564.97 Safari/537.36', '/jeesite/a/sys/menu/delete', 'GET', 0x69643D3731313735373066396166663434633661343138356636373038663364616135, '');
INSERT INTO `sys_log` VALUES ('f60ea0dfc62648d8a58b03fb324f2d9e', '1', '1', '2016-02-09 12:49:31', '127.0.0.1', 'Mozilla/5.0 (Windows NT 6.1; WOW64) AppleWebKit/537.36 (KHTML, like Gecko) Chrome/48.0.2564.97 Safari/537.36', '/jeesite/a/sys/role/save', 'POST', 0x69643D3564326331383162343063653434666261353461636139303365633030333731266F66666963652E69643D6561366236366566633566623464363861333638613130613565633264666264266F66666963652E6E616D653DE4B89CE58C97E794B5E58A9BE5A4A7E5ADA6266F6C644E616D653DE7BD91E7BB9CE7AEA1E79086E59198266E616D653DE7BD91E7BB9CE7AEA1E79086E59198266461746153636F70653D31266D656E754964733D312C36616436336266303831323234643138613765346162663639343938393763352C34646631656562623334623434333132613731323766656533376264633263342C30363032383739643637303934363538613837323566396639313436312E2E2E266F66666963654964733D, '');
INSERT INTO `sys_log` VALUES ('a85b617871a64439807e6fd70eaca14c', '1', '1', '2016-02-09 12:57:25', '127.0.0.1', 'Mozilla/5.0 (Windows NT 6.1; WOW64) AppleWebKit/537.36 (KHTML, like Gecko) Chrome/48.0.2564.97 Safari/537.36', '/jeesite/a/cms/article/save', 'POST', 0x69643D37316465373034633632656434623166613064383734633932363066633431632663617465676F72792E69643D332663617465676F72792E6E616D653DE7BD91E7AB99E7AE80E4BB8B267469746C653DE7BD91E7AB993C7370616E20636C6173733D26636F6C6F723D677265656E266C696E6B3D266B6579776F7264733DE7BD91E7AB99E7AE80E4BB8B32267765696768743D3026776569676874446174653D323031362D30322D3035266465736372697074696F6E3DE7BD91E7AB99E7AE80E4BB8B3226696D6167653D2F6A6565736974652F7573657266696C65732F312F5F7468756D62732F696D616765732F636D732F61727469636C652F323031362F30322F4261696475536875727566615F323031362D322D345F31322D31382D31382E6A70672661727469636C65446174612E636F6E74656E743D0D0A090D0A0D0A090D0A09090D0A0909090D0A09090909C2A00D0A0909090D0A09090909C2A00D0A09090D0A09090D0A0909090D0A09090909C2A00D0A0909090D0A09090909C2A00D0A09090D0A09090D0A0909090D0A09090909C2A00D0A0909090D0A09092E2E2E2661727469636C65446174612E636F707966726F6D3D2661727469636C65446174612E72656C6174696F6E3D2661727469636C65446174612E616C6C6F77436F6D6D656E743D3126706F7369644C6973743D31265F706F7369644C6973743D6F6E26637265617465446174653D323031362D30322D30342031333A30333A34302664656C466C61673D3026637573746F6D436F6E74656E74566965773D2676696577436F6E6669673D, '');
INSERT INTO `sys_log` VALUES ('191f7016da884f6681ef816895827a57', '1', '1', '2016-02-09 13:00:03', '127.0.0.1', 'Mozilla/5.0 (Windows NT 6.1; WOW64) AppleWebKit/537.36 (KHTML, like Gecko) Chrome/48.0.2564.97 Safari/537.36', '/jeesite/a/cms/article/save', 'POST', 0x69643D37316465373034633632656434623166613064383734633932363066633431632663617465676F72792E69643D332663617465676F72792E6E616D653DE7BD91E7AB99E7AE80E4BB8B267469746C653DE7BD91E7AB993C7370616E20636C6173733D26636F6C6F723D677265656E266C696E6B3D266B6579776F7264733DE7BD91E7AB99E7AE80E4BB8B32267765696768743D3026776569676874446174653D323031362D30322D3035266465736372697074696F6E3DE7BD91E7AB99E7AE80E4BB8B3226696D6167653D2F6A6565736974652F7573657266696C65732F312F5F7468756D62732F696D616765732F636D732F61727469636C652F323031362F30322F4261696475536875727566615F323031362D322D345F31322D31382D31382E6A70672661727469636C65446174612E636F6E74656E743D0D0A090D0A0D0A090D0A09090D0A0909090D0A09090909C2A00D0A0909090D0A09090909C2A00D0A09090D0A09090D0A0909090D0A09090909C2A00D0A0909090D0A09090909C2A00D0A09090D0A09090D0A0909090D0A09090909C2A00D0A0909090D0A09092E2E2E2661727469636C65446174612E636F707966726F6D3D2661727469636C65446174612E72656C6174696F6E3D2661727469636C65446174612E616C6C6F77436F6D6D656E743D3126706F7369644C6973743D31265F706F7369644C6973743D6F6E26637265617465446174653D323031362D30322D30342031333A30333A34302664656C466C61673D3026637573746F6D436F6E74656E74566965773D2676696577436F6E6669673D, '');
INSERT INTO `sys_log` VALUES ('6eb42c7b91654c48a610ccd0a4b1bc30', '1', '1', '2016-02-10 16:47:21', '127.0.0.1', 'Mozilla/5.0 (Windows NT 6.1; WOW64) AppleWebKit/537.36 (KHTML, like Gecko) Chrome/48.0.2564.97 Safari/537.36', '/jeesite/a/sys/menu/save', 'POST', 0x69643D26706172656E742E69643D3126706172656E742E6E616D653DE9A1B6E7BAA7E88F9CE58D95266E616D653DE69599E5B888E7ABAF26687265663D267461726765743D2669636F6E3D26736F72743D333026697353686F773D3126697341637469766974693D30267065726D697373696F6E3D6578616D3A74656163686572, '');
INSERT INTO `sys_log` VALUES ('25753d09612940ab8931024b60d60363', '1', '1', '2016-02-10 16:47:58', '127.0.0.1', 'Mozilla/5.0 (Windows NT 6.1; WOW64) AppleWebKit/537.36 (KHTML, like Gecko) Chrome/48.0.2564.97 Safari/537.36', '/jeesite/a/sys/menu/save', 'POST', 0x69643D333638316462393031613161346235646138613563643137393961383838653126706172656E742E69643D3126706172656E742E6E616D653DE9A1B6E7BAA7E88F9CE58D95266E616D653DE69599E5B888E7ABAF26687265663D267461726765743D2669636F6E3D26736F72743D333026697353686F773D3126697341637469766974693D30267065726D697373696F6E3D, '');
INSERT INTO `sys_log` VALUES ('082c18a2e0c84f6f87ca7f77ca5c1b1b', '1', '1', '2016-02-10 16:48:12', '127.0.0.1', 'Mozilla/5.0 (Windows NT 6.1; WOW64) AppleWebKit/537.36 (KHTML, like Gecko) Chrome/48.0.2564.97 Safari/537.36', '/jeesite/a/sys/menu/updateSort', 'POST', 0x6964733D333638316462393031613161346235646138613563643137393961383838653126736F7274733D343030, '');
INSERT INTO `sys_log` VALUES ('9f8c5dc583f94357bb3db7fc580a0dac', '1', '1', '2016-02-10 16:48:47', '127.0.0.1', 'Mozilla/5.0 (Windows NT 6.1; WOW64) AppleWebKit/537.36 (KHTML, like Gecko) Chrome/48.0.2564.97 Safari/537.36', '/jeesite/a/sys/menu/save', 'POST', 0x69643D26706172656E742E69643D333638316462393031613161346235646138613563643137393961383838653126706172656E742E6E616D653DE69599E5B888E7ABAF266E616D653DE8AF95E9A298E7AEA1E7908626687265663D267461726765743D2669636F6E3D6C6973742D616C7426736F72743D333026697353686F773D3126697341637469766974693D30267065726D697373696F6E3D, '');
INSERT INTO `sys_log` VALUES ('06a4cfbb1e074d52b0d43f4c8f544475', '1', '1', '2016-02-10 16:49:28', '127.0.0.1', 'Mozilla/5.0 (Windows NT 6.1; WOW64) AppleWebKit/537.36 (KHTML, like Gecko) Chrome/48.0.2564.97 Safari/537.36', '/jeesite/a/sys/menu/save', 'POST', 0x69643D26706172656E742E69643D633835326362653066373365346137343831383134303037343230363236393126706172656E742E6E616D653DE8AF95E9A298E7AEA1E79086266E616D653DE8AF95E58DB7E7AEA1E7908626687265663D267461726765743D2669636F6E3D62726965666361736526736F72743D333026697353686F773D3126697341637469766974693D30267065726D697373696F6E3D, '');
INSERT INTO `sys_log` VALUES ('4335f7304e634e4c9a1e77a16a5177ee', '1', '1', '2016-02-10 16:50:41', '127.0.0.1', 'Mozilla/5.0 (Windows NT 6.1; WOW64) AppleWebKit/537.36 (KHTML, like Gecko) Chrome/48.0.2564.97 Safari/537.36', '/jeesite/a/sys/menu/delete', 'GET', 0x69643D6530303435616234636563643464356639393131616334356564653735323437, '');
INSERT INTO `sys_log` VALUES ('c96821897f9242b1b3e8cb229590244e', '1', '1', '2016-02-10 16:51:29', '127.0.0.1', 'Mozilla/5.0 (Windows NT 6.1; WOW64) AppleWebKit/537.36 (KHTML, like Gecko) Chrome/48.0.2564.97 Safari/537.36', '/jeesite/a/sys/menu/save', 'POST', 0x69643D26706172656E742E69643D333638316462393031613161346235646138613563643137393961383838653126706172656E742E6E616D653DE69599E5B888E7ABAF266E616D653DE8AF95E58DB7E7AEA1E7908626687265663D267461726765743D2669636F6E3D62726965666361736526736F72743D343026697353686F773D3126697341637469766974693D30267065726D697373696F6E3D, '');
INSERT INTO `sys_log` VALUES ('cd2cbaaa84854cc88daf554fd41b9c38', '1', '1', '2016-02-10 16:52:37', '127.0.0.1', 'Mozilla/5.0 (Windows NT 6.1; WOW64) AppleWebKit/537.36 (KHTML, like Gecko) Chrome/48.0.2564.97 Safari/537.36', '/jeesite/a/sys/menu/save', 'POST', 0x69643D26706172656E742E69643D333638316462393031613161346235646138613563643137393961383838653126706172656E742E6E616D653DE69599E5B888E7ABAF266E616D653DE68890E7BBA9E7BB9FE8AEA126687265663D267461726765743D2669636F6E3D616C69676E2D6C65667426736F72743D353026697353686F773D3126697341637469766974693D30267065726D697373696F6E3D, '');
INSERT INTO `sys_log` VALUES ('2cee1f76beb24e95a629bcfd4f58b192', '1', '1', '2016-02-10 16:53:30', '127.0.0.1', 'Mozilla/5.0 (Windows NT 6.1; WOW64) AppleWebKit/537.36 (KHTML, like Gecko) Chrome/48.0.2564.97 Safari/537.36', '/jeesite/a/sys/menu/save', 'POST', 0x69643D333638316462393031613161346235646138613563643137393961383838653126706172656E742E69643D3126706172656E742E6E616D653DE9A1B6E7BAA7E88F9CE58D95266E616D653DE59CA8E7BABFE88083E8AF9526687265663D267461726765743D2669636F6E3D26736F72743D34303026697353686F773D3126697341637469766974693D30267065726D697373696F6E3D, '');
INSERT INTO `sys_log` VALUES ('da35270d05754f99a557960372d28686', '1', '1', '2016-02-10 16:57:52', '127.0.0.1', 'Mozilla/5.0 (Windows NT 6.1; WOW64) AppleWebKit/537.36 (KHTML, like Gecko) Chrome/48.0.2564.97 Safari/537.36', '/jeesite/a/sys/menu/save', 'POST', 0x69643D26706172656E742E69643D333638316462393031613161346235646138613563643137393961383838653126706172656E742E6E616D653DE59CA8E7BABFE88083E8AF95266E616D653DE69599E5B888E7ABAF26687265663D267461726765743D2669636F6E3D26736F72743D333026697353686F773D3126697341637469766974693D30267065726D697373696F6E3D, '');
INSERT INTO `sys_log` VALUES ('a3a0b06d8817430987123a4ee97416a3', '1', '1', '2016-02-10 16:58:44', '127.0.0.1', 'Mozilla/5.0 (Windows NT 6.1; WOW64) AppleWebKit/537.36 (KHTML, like Gecko) Chrome/48.0.2564.97 Safari/537.36', '/jeesite/a/sys/menu/delete', 'GET', 0x69643D6338353263626530663733653461373438313831343030373432303632363931, '');
INSERT INTO `sys_log` VALUES ('af3ed497cf5447f2a5d2c2acd3f0c0a5', '1', '1', '2016-02-10 16:58:51', '127.0.0.1', 'Mozilla/5.0 (Windows NT 6.1; WOW64) AppleWebKit/537.36 (KHTML, like Gecko) Chrome/48.0.2564.97 Safari/537.36', '/jeesite/a/sys/menu/delete', 'GET', 0x69643D6665303037323764313130633431396638356638326231303134326166326434, '');
INSERT INTO `sys_log` VALUES ('e471a103dbcc4b4fb3bf663736992428', '1', '1', '2016-02-10 16:59:01', '127.0.0.1', 'Mozilla/5.0 (Windows NT 6.1; WOW64) AppleWebKit/537.36 (KHTML, like Gecko) Chrome/48.0.2564.97 Safari/537.36', '/jeesite/a/sys/menu/delete', 'GET', 0x69643D3361353633653664306635323436356261366562326136646435316432623038, '');
INSERT INTO `sys_log` VALUES ('4cbeaa63a17a442abea78aba7f96c8f9', '1', '1', '2016-02-10 16:59:30', '127.0.0.1', 'Mozilla/5.0 (Windows NT 6.1; WOW64) AppleWebKit/537.36 (KHTML, like Gecko) Chrome/48.0.2564.97 Safari/537.36', '/jeesite/a/sys/menu/save', 'POST', 0x69643D26706172656E742E69643D333638316462393031613161346235646138613563643137393961383838653126706172656E742E6E616D653DE59CA8E7BABFE88083E8AF95266E616D653DE5ADA6E7949FE7ABAF26687265663D267461726765743D2669636F6E3D26736F72743D343026697353686F773D3126697341637469766974693D30267065726D697373696F6E3D, '');
INSERT INTO `sys_log` VALUES ('ae7b1f7bdebd40d0b1acf02c5aa1e7d4', '1', '1', '2016-02-10 17:00:28', '127.0.0.1', 'Mozilla/5.0 (Windows NT 6.1; WOW64) AppleWebKit/537.36 (KHTML, like Gecko) Chrome/48.0.2564.97 Safari/537.36', '/jeesite/a/sys/menu/save', 'POST', 0x69643D26706172656E742E69643D356135343762323332316332346532633832313330366138636231656338373026706172656E742E6E616D653DE69599E5B888E7ABAF266E616D653DE8AF95E9A298E7AEA1E7908626687265663D267461726765743D2669636F6E3D74682D6C69737426736F72743D333026697353686F773D3126697341637469766974693D30267065726D697373696F6E3D, '');
INSERT INTO `sys_log` VALUES ('6261af92ffae4524aaf8ac7175161819', '1', '1', '2016-02-10 17:00:56', '127.0.0.1', 'Mozilla/5.0 (Windows NT 6.1; WOW64) AppleWebKit/537.36 (KHTML, like Gecko) Chrome/48.0.2564.97 Safari/537.36', '/jeesite/a/sys/menu/save', 'POST', 0x69643D26706172656E742E69643D356135343762323332316332346532633832313330366138636231656338373026706172656E742E6E616D653DE69599E5B888E7ABAF266E616D653DE8AF95E58DB7E7AEA1E7908626687265663D267461726765743D2669636F6E3D62726965666361736526736F72743D343026697353686F773D3126697341637469766974693D30267065726D697373696F6E3D, '');
INSERT INTO `sys_log` VALUES ('2dad9a6416a64f0c92bbd726d34f3202', '1', '1', '2016-02-10 17:01:29', '127.0.0.1', 'Mozilla/5.0 (Windows NT 6.1; WOW64) AppleWebKit/537.36 (KHTML, like Gecko) Chrome/48.0.2564.97 Safari/537.36', '/jeesite/a/sys/menu/save', 'POST', 0x69643D26706172656E742E69643D356135343762323332316332346532633832313330366138636231656338373026706172656E742E6E616D653DE69599E5B888E7ABAF266E616D653DE68890E7BBA9E7BB9FE8AEA126687265663D267461726765743D2669636F6E3D616C69676E2D6C65667426736F72743D353026697353686F773D3126697341637469766974693D30267065726D697373696F6E3D, '');
INSERT INTO `sys_log` VALUES ('cc866f2b5a364fa48a44ce33fa018bd1', '1', '1', '2016-02-10 17:02:37', '127.0.0.1', 'Mozilla/5.0 (Windows NT 6.1; WOW64) AppleWebKit/537.36 (KHTML, like Gecko) Chrome/48.0.2564.97 Safari/537.36', '/jeesite/a/sys/menu/save', 'POST', 0x69643D26706172656E742E69643D353663646639643235643361343563393935383933323264653234323864663326706172656E742E6E616D653DE5ADA6E7949FE7ABAF266E616D653DE59CA8E7BABFE88083E8AF9526687265663D267461726765743D2669636F6E3D676C61737326736F72743D333026697353686F773D3126697341637469766974693D30267065726D697373696F6E3D, '');
INSERT INTO `sys_log` VALUES ('145c3caabf3747ebac94963705a7ac3c', '1', '1', '2016-02-10 17:03:12', '127.0.0.1', 'Mozilla/5.0 (Windows NT 6.1; WOW64) AppleWebKit/537.36 (KHTML, like Gecko) Chrome/48.0.2564.97 Safari/537.36', '/jeesite/a/sys/menu/save', 'POST', 0x69643D26706172656E742E69643D353663646639643235643361343563393935383933323264653234323864663326706172656E742E6E616D653DE5ADA6E7949FE7ABAF266E616D653DE68890E7BBA9E69FA5E8AFA226687265663D267461726765743D2669636F6E3D626F6F6B26736F72743D343026697353686F773D3126697341637469766974693D30267065726D697373696F6E3D, '');
INSERT INTO `sys_log` VALUES ('e3bdbb4e25134883aba7e1f3eac745df', '1', '1', '2016-02-10 17:08:29', '127.0.0.1', 'Mozilla/5.0 (Windows NT 6.1; WOW64) AppleWebKit/537.36 (KHTML, like Gecko) Chrome/48.0.2564.97 Safari/537.36', '/jeesite/a/sys/menu/save', 'POST', 0x69643D626333306334663763663835343734613834373464373434613965623366366126706172656E742E69643D356135343762323332316332346532633832313330366138636231656338373026706172656E742E6E616D653DE69599E5B888E7ABAF266E616D653DE8AF95E9A298E7AEA1E7908626687265663D2F6578616D2F267461726765743D2669636F6E3D74682D6C69737426736F72743D333026697353686F773D3126697341637469766974693D30267065726D697373696F6E3D, '');
INSERT INTO `sys_log` VALUES ('c56037e5644746eb9dbd790936737180', '1', '1', '2016-02-10 17:09:02', '127.0.0.1', 'Mozilla/5.0 (Windows NT 6.1; WOW64) AppleWebKit/537.36 (KHTML, like Gecko) Chrome/48.0.2564.97 Safari/537.36', '/jeesite/a/sys/menu/save', 'POST', 0x69643D626333306334663763663835343734613834373464373434613965623366366126706172656E742E69643D356135343762323332316332346532633832313330366138636231656338373026706172656E742E6E616D653DE69599E5B888E7ABAF266E616D653DE8AF95E9A298E7AEA1E7908626687265663D2F6578616D2F267461726765743D2669636F6E3D74682D6C69737426736F72743D333026697353686F773D3126697341637469766974693D30267065726D697373696F6E3D6578616D3A74656163686572, '');
INSERT INTO `sys_log` VALUES ('4c1e5cab557d4e0c87a82af93029e0ec', '2', '1', '2016-02-10 17:23:38', '127.0.0.1', 'Mozilla/5.0 (Windows NT 6.1; WOW64) AppleWebKit/537.36 (KHTML, like Gecko) Chrome/48.0.2564.97 Safari/537.36', '/jeesite/a/exam/', 'GET', '', 0x6F72672E6170616368652E6A61737065722E4A6173706572457863657074696F6E3A20416E20657863657074696F6E206F636375727265642070726F63657373696E67204A53502070616765202F5745422D494E462F76696577732F6D6F64756C65732F6578616D2F6578616D4C6973742E6A7370206174206C696E652037320D0A0D0A36393A202020202020202020202020202020202020202020202020202020202020202020202020202020202020202020206C6162656C4E616D653D22636F6D70616E792E6E616D6522206C6162656C56616C75653D22247B757365722E636F6D70616E792E6E616D657D220D0A37303A202020202020202020202020202020202020202020202020202020202020202020202020202020202020202020207469746C653D22E98D8FEE8480E5BE83222075726C3D222F7379732F6F66666963652F74726565446174613F747970653D312220637373436C6173733D22696E7075742D736D616C6C220D0A37313A20202020202020202020202020202020202020202020202020202020202020202020202020202020202020202020616C6C6F77436C6561723D2274727565222F3E0D0A37323A2020202020202020203C6C6162656C3EE990A7E8AFB2E7B68DE98D9AE5B68FE7B4B03C2F6C6162656C3E3C666F726D3A696E70757420706174683D226C6F67696E4E616D65222068746D6C4573636170653D2266616C736522206D61786C656E6774683D2235302220636C6173733D22696E7075742D736D616C6C222F3E0D0A37333A20202020203C2F6469763E0D0A37343A20202020203C646976207374796C653D226D617267696E2D746F703A3870783B223E0D0A37353A2020202020202020203C6C6162656C3EE8A4B0E68E91E79D98E996AEE384A9E6A3ACE9949BEFBFBD2F6C6162656C3E3C746167733A7472656573656C6563742069643D226F666669636522206E616D653D226F66666963652E6964222076616C75653D22247B757365722E6F66666963652E69647D220D0A0D0A0D0A537461636B74726163653A);
INSERT INTO `sys_log` VALUES ('ff7b728a597c46049768b89fa157d131', '2', '1', '2016-02-10 17:23:38', '127.0.0.1', 'Mozilla/5.0 (Windows NT 6.1; WOW64) AppleWebKit/537.36 (KHTML, like Gecko) Chrome/48.0.2564.97 Safari/537.36', '/jeesite/a/exam/', 'GET', '', 0x6F72672E6170616368652E6A61737065722E4A6173706572457863657074696F6E3A20416E20657863657074696F6E206F636375727265642070726F63657373696E67204A53502070616765202F5745422D494E462F76696577732F6D6F64756C65732F6578616D2F6578616D4C6973742E6A7370206174206C696E652037320D0A0D0A36393A202020202020202020202020202020202020202020202020202020202020202020202020202020202020202020206C6162656C4E616D653D22636F6D70616E792E6E616D6522206C6162656C56616C75653D22247B757365722E636F6D70616E792E6E616D657D220D0A37303A202020202020202020202020202020202020202020202020202020202020202020202020202020202020202020207469746C653D22E98D8FEE8480E5BE83222075726C3D222F7379732F6F66666963652F74726565446174613F747970653D312220637373436C6173733D22696E7075742D736D616C6C220D0A37313A20202020202020202020202020202020202020202020202020202020202020202020202020202020202020202020616C6C6F77436C6561723D2274727565222F3E0D0A37323A2020202020202020203C6C6162656C3EE990A7E8AFB2E7B68DE98D9AE5B68FE7B4B03C2F6C6162656C3E3C666F726D3A696E70757420706174683D226C6F67696E4E616D65222068746D6C4573636170653D2266616C736522206D61786C656E6774683D2235302220636C6173733D22696E7075742D736D616C6C222F3E0D0A37333A20202020203C2F6469763E0D0A37343A20202020203C646976207374796C653D226D617267696E2D746F703A3870783B223E0D0A37353A2020202020202020203C6C6162656C3EE8A4B0E68E91E79D98E996AEE384A9E6A3ACE9949BEFBFBD2F6C6162656C3E3C746167733A7472656573656C6563742069643D226F666669636522206E616D653D226F66666963652E6964222076616C75653D22247B757365722E6F66666963652E69647D220D0A0D0A0D0A537461636B74726163653A);
INSERT INTO `sys_log` VALUES ('578b19f675954f258a3ef69c7e091fc5', '2', '1', '2016-02-10 17:27:29', '127.0.0.1', 'Mozilla/5.0 (Windows NT 6.1; WOW64) AppleWebKit/537.36 (KHTML, like Gecko) Chrome/48.0.2564.97 Safari/537.36', '/jeesite/a/exam/', 'GET', '', 0x6F72672E6170616368652E6A61737065722E4A6173706572457863657074696F6E3A20416E20657863657074696F6E206F636375727265642070726F63657373696E67204A53502070616765202F5745422D494E462F76696577732F6D6F64756C65732F6578616D2F6578616D4C6973742E6A7370206174206C696E652037320D0A0D0A36393A202020202020202020202020202020202020202020202020202020202020202020202020202020202020202020206C6162656C4E616D653D22636F6D70616E792E6E616D6522206C6162656C56616C75653D22247B757365722E636F6D70616E792E6E616D657D220D0A37303A202020202020202020202020202020202020202020202020202020202020202020202020202020202020202020207469746C653D22E98D8FEE8480E5BE83222075726C3D222F7379732F6F66666963652F74726565446174613F747970653D312220637373436C6173733D22696E7075742D736D616C6C220D0A37313A20202020202020202020202020202020202020202020202020202020202020202020202020202020202020202020616C6C6F77436C6561723D2274727565222F3E0D0A37323A2020202020202020203C6C6162656C3EE990A7E8AFB2E7B68DE98D9AE5B68FE7B4B03C2F6C6162656C3E3C666F726D3A696E70757420706174683D226C6F67696E4E616D65222068746D6C4573636170653D2266616C736522206D61786C656E6774683D2235302220636C6173733D22696E7075742D736D616C6C222F3E0D0A37333A20202020203C2F6469763E0D0A37343A20202020203C646976207374796C653D226D617267696E2D746F703A3870783B223E0D0A37353A2020202020202020203C6C6162656C3EE8A4B0E68E91E79D98E996AEE384A9E6A3ACE9949BEFBFBD2F6C6162656C3E3C746167733A7472656573656C6563742069643D226F666669636522206E616D653D226F66666963652E6964222076616C75653D22247B757365722E6F66666963652E69647D220D0A0D0A0D0A537461636B74726163653A);
INSERT INTO `sys_log` VALUES ('a3e4a573582347e48ed36f14fc2f3a54', '2', '1', '2016-02-10 17:27:29', '127.0.0.1', 'Mozilla/5.0 (Windows NT 6.1; WOW64) AppleWebKit/537.36 (KHTML, like Gecko) Chrome/48.0.2564.97 Safari/537.36', '/jeesite/a/exam/', 'GET', '', 0x6F72672E6170616368652E6A61737065722E4A6173706572457863657074696F6E3A20416E20657863657074696F6E206F636375727265642070726F63657373696E67204A53502070616765202F5745422D494E462F76696577732F6D6F64756C65732F6578616D2F6578616D4C6973742E6A7370206174206C696E652037320D0A0D0A36393A202020202020202020202020202020202020202020202020202020202020202020202020202020202020202020206C6162656C4E616D653D22636F6D70616E792E6E616D6522206C6162656C56616C75653D22247B757365722E636F6D70616E792E6E616D657D220D0A37303A202020202020202020202020202020202020202020202020202020202020202020202020202020202020202020207469746C653D22E98D8FEE8480E5BE83222075726C3D222F7379732F6F66666963652F74726565446174613F747970653D312220637373436C6173733D22696E7075742D736D616C6C220D0A37313A20202020202020202020202020202020202020202020202020202020202020202020202020202020202020202020616C6C6F77436C6561723D2274727565222F3E0D0A37323A2020202020202020203C6C6162656C3EE990A7E8AFB2E7B68DE98D9AE5B68FE7B4B03C2F6C6162656C3E3C666F726D3A696E70757420706174683D226C6F67696E4E616D65222068746D6C4573636170653D2266616C736522206D61786C656E6774683D2235302220636C6173733D22696E7075742D736D616C6C222F3E0D0A37333A20202020203C2F6469763E0D0A37343A20202020203C646976207374796C653D226D617267696E2D746F703A3870783B223E0D0A37353A2020202020202020203C6C6162656C3EE8A4B0E68E91E79D98E996AEE384A9E6A3ACE9949BEFBFBD2F6C6162656C3E3C746167733A7472656573656C6563742069643D226F666669636522206E616D653D226F66666963652E6964222076616C75653D22247B757365722E6F66666963652E69647D220D0A0D0A0D0A537461636B74726163653A);
INSERT INTO `sys_log` VALUES ('002999918b4344f7a8488915f65d60f5', '2', '1', '2016-02-10 19:12:54', '127.0.0.1', 'Mozilla/5.0 (Windows NT 6.1; WOW64) AppleWebKit/537.36 (KHTML, like Gecko) Chrome/48.0.2564.97 Safari/537.36', '/jeesite/a/exam/', 'GET', '', 0x6F72672E6170616368652E6A61737065722E4A6173706572457863657074696F6E3A20416E20657863657074696F6E206F636375727265642070726F63657373696E67204A53502070616765202F5745422D494E462F76696577732F6D6F64756C65732F6578616D2F6578616D4C6973742E6A7370206174206C696E652036390D0A0D0A36363A200D0A36373A20202020203C646976207374796C653D226D617267696E2D746F703A3870783B223E0D0A36383A2020202020202020203C6C6162656C3EE79287E69BA2EE95BDE7BBABE8AFB2E780B7E9949BEFBFBD2F6C6162656C3E0D0A36393A2020202020202020203C666F726D3A73656C65637420706174683D226C6561766554797065223E0D0A37303A202020202020202020202020203C666F726D3A6F7074696F6E73206974656D733D22247B666E733A676574446963744C69737428276578616D5F7479706527297D22206974656D4C6162656C3D226C6162656C22206974656D56616C75653D2276616C7565220D0A37313A20202020202020202020202020202020202020202020202020202068746D6C4573636170653D2266616C7365222F3E0D0A37323A2020202020202020203C2F666F726D3A73656C6563743E0D0A0D0A0D0A537461636B74726163653A);
INSERT INTO `sys_log` VALUES ('723e9a6eae2841a0ae5635b6dc795cf4', '2', '1', '2016-02-10 19:12:58', '127.0.0.1', 'Mozilla/5.0 (Windows NT 6.1; WOW64) AppleWebKit/537.36 (KHTML, like Gecko) Chrome/48.0.2564.97 Safari/537.36', '/jeesite/a/exam/', 'GET', '', 0x6F72672E6170616368652E6A61737065722E4A6173706572457863657074696F6E3A20416E20657863657074696F6E206F636375727265642070726F63657373696E67204A53502070616765202F5745422D494E462F76696577732F6D6F64756C65732F6578616D2F6578616D4C6973742E6A7370206174206C696E652036390D0A0D0A36363A200D0A36373A20202020203C646976207374796C653D226D617267696E2D746F703A3870783B223E0D0A36383A2020202020202020203C6C6162656C3EE79287E69BA2EE95BDE7BBABE8AFB2E780B7E9949BEFBFBD2F6C6162656C3E0D0A36393A2020202020202020203C666F726D3A73656C65637420706174683D226C6561766554797065223E0D0A37303A202020202020202020202020203C666F726D3A6F7074696F6E73206974656D733D22247B666E733A676574446963744C69737428276578616D5F7479706527297D22206974656D4C6162656C3D226C6162656C22206974656D56616C75653D2276616C7565220D0A37313A20202020202020202020202020202020202020202020202020202068746D6C4573636170653D2266616C7365222F3E0D0A37323A2020202020202020203C2F666F726D3A73656C6563743E0D0A0D0A0D0A537461636B74726163653A);
INSERT INTO `sys_log` VALUES ('5a5f7388ff9540e7b2f615bf5a442bad', '2', '1', '2016-02-10 19:18:24', '127.0.0.1', 'Mozilla/5.0 (Windows NT 6.1; WOW64) AppleWebKit/537.36 (KHTML, like Gecko) Chrome/48.0.2564.97 Safari/537.36', '/jeesite/a/exam/', 'GET', '', 0x6F72672E6170616368652E6A61737065722E4A6173706572457863657074696F6E3A20416E20657863657074696F6E206F636375727265642070726F63657373696E67204A53502070616765202F5745422D494E462F76696577732F6D6F64756C65732F6578616D2F6578616D4C6973742E6A7370206174206C696E652036390D0A0D0A36363A200D0A36373A20202020203C646976207374796C653D226D617267696E2D746F703A3870783B223E0D0A36383A2020202020202020203C6C6162656C3EE79287E69BA2EE95BDE7BBABE8AFB2E780B7E9949BEFBFBD2F6C6162656C3E0D0A36393A2020202020202020203C666F726D3A73656C65637420706174683D226C6561766554797065223E0D0A37303A202020202020202020202020203C666F726D3A6F7074696F6E73206974656D733D22247B666E733A676574446963744C69737428276578616D5F7479706527297D22206974656D4C6162656C3D226C6162656C22206974656D56616C75653D2276616C7565220D0A37313A20202020202020202020202020202020202020202020202020202068746D6C4573636170653D2266616C7365222F3E0D0A37323A2020202020202020203C2F666F726D3A73656C6563743E0D0A0D0A0D0A537461636B74726163653A);
INSERT INTO `sys_log` VALUES ('d3d451c7f23a46e096bedb5b8acb062e', '2', '1', '2016-02-10 19:18:46', '127.0.0.1', 'Mozilla/5.0 (Windows NT 6.1; WOW64) AppleWebKit/537.36 (KHTML, like Gecko) Chrome/48.0.2564.97 Safari/537.36', '/jeesite/a/exam/', 'GET', '', 0x6F72672E6170616368652E6A61737065722E4A6173706572457863657074696F6E3A20416E20657863657074696F6E206F636375727265642070726F63657373696E67204A53502070616765202F5745422D494E462F76696577732F6D6F64756C65732F6578616D2F6578616D4C6973742E6A7370206174206C696E652036390D0A0D0A36363A200D0A36373A20202020203C646976207374796C653D226D617267696E2D746F703A3870783B223E0D0A36383A2020202020202020203C6C6162656C3EE79287E69BA2EE95BDE7BBABE8AFB2E780B7E9949BEFBFBD2F6C6162656C3E0D0A36393A2020202020202020203C666F726D3A73656C65637420706174683D226C6561766554797065223E0D0A37303A202020202020202020202020203C666F726D3A6F7074696F6E73206974656D733D22247B666E733A676574446963744C69737428276578616D5F7479706527297D22206974656D4C6162656C3D226C6162656C22206974656D56616C75653D2276616C7565220D0A37313A20202020202020202020202020202020202020202020202020202068746D6C4573636170653D2266616C7365222F3E0D0A37323A2020202020202020203C2F666F726D3A73656C6563743E0D0A0D0A0D0A537461636B74726163653A);
INSERT INTO `sys_log` VALUES ('32547674177043a595c1e971bad5edf6', '2', '1', '2016-02-10 19:28:10', '127.0.0.1', 'Mozilla/5.0 (Windows NT 6.1; WOW64) AppleWebKit/537.36 (KHTML, like Gecko) Chrome/48.0.2564.97 Safari/537.36', '/jeesite/a/exam/', 'GET', '', 0x6F72672E6170616368652E6A61737065722E4A6173706572457863657074696F6E3A20416E20657863657074696F6E206F636375727265642070726F63657373696E67204A53502070616765202F5745422D494E462F76696577732F6D6F64756C65732F6578616D2F6578616D4C6973742E6A7370206174206C696E652036390D0A0D0A36363A200D0A36373A20202020203C646976207374796C653D226D617267696E2D746F703A3870783B223E0D0A36383A2020202020202020203C6C6162656C3EE79287E69BA2EE95BDE7BBABE8AFB2E780B7E9949BEFBFBD2F6C6162656C3E0D0A36393A2020202020202020203C666F726D3A73656C65637420706174683D226C6561766554797065223E0D0A37303A202020202020202020202020203C666F726D3A6F7074696F6E73206974656D733D22247B666E733A676574446963744C69737428276F615F6C656176655F7479706527297D22206974656D4C6162656C3D226C6162656C22206974656D56616C75653D2276616C7565220D0A37313A20202020202020202020202020202020202020202020202020202068746D6C4573636170653D2266616C7365222F3E0D0A37323A2020202020202020203C2F666F726D3A73656C6563743E0D0A0D0A0D0A537461636B74726163653A);
INSERT INTO `sys_log` VALUES ('2b40c46bb0a8405596a4ec340f4fd3e5', '2', '1', '2016-02-10 19:28:11', '127.0.0.1', 'Mozilla/5.0 (Windows NT 6.1; WOW64) AppleWebKit/537.36 (KHTML, like Gecko) Chrome/48.0.2564.97 Safari/537.36', '/jeesite/a/exam/', 'GET', '', 0x6F72672E6170616368652E6A61737065722E4A6173706572457863657074696F6E3A20416E20657863657074696F6E206F636375727265642070726F63657373696E67204A53502070616765202F5745422D494E462F76696577732F6D6F64756C65732F6578616D2F6578616D4C6973742E6A7370206174206C696E652036390D0A0D0A36363A200D0A36373A20202020203C646976207374796C653D226D617267696E2D746F703A3870783B223E0D0A36383A2020202020202020203C6C6162656C3EE79287E69BA2EE95BDE7BBABE8AFB2E780B7E9949BEFBFBD2F6C6162656C3E0D0A36393A2020202020202020203C666F726D3A73656C65637420706174683D226C6561766554797065223E0D0A37303A202020202020202020202020203C666F726D3A6F7074696F6E73206974656D733D22247B666E733A676574446963744C69737428276F615F6C656176655F7479706527297D22206974656D4C6162656C3D226C6162656C22206974656D56616C75653D2276616C7565220D0A37313A20202020202020202020202020202020202020202020202020202068746D6C4573636170653D2266616C7365222F3E0D0A37323A2020202020202020203C2F666F726D3A73656C6563743E0D0A0D0A0D0A537461636B74726163653A);
INSERT INTO `sys_log` VALUES ('b4f8a905aa164b048498253721523e11', '2', '1', '2016-02-10 19:28:12', '127.0.0.1', 'Mozilla/5.0 (Windows NT 6.1; WOW64) AppleWebKit/537.36 (KHTML, like Gecko) Chrome/48.0.2564.97 Safari/537.36', '/jeesite/a/exam/', 'GET', '', 0x6F72672E6170616368652E6A61737065722E4A6173706572457863657074696F6E3A20416E20657863657074696F6E206F636375727265642070726F63657373696E67204A53502070616765202F5745422D494E462F76696577732F6D6F64756C65732F6578616D2F6578616D4C6973742E6A7370206174206C696E652036390D0A0D0A36363A200D0A36373A20202020203C646976207374796C653D226D617267696E2D746F703A3870783B223E0D0A36383A2020202020202020203C6C6162656C3EE79287E69BA2EE95BDE7BBABE8AFB2E780B7E9949BEFBFBD2F6C6162656C3E0D0A36393A2020202020202020203C666F726D3A73656C65637420706174683D226C6561766554797065223E0D0A37303A202020202020202020202020203C666F726D3A6F7074696F6E73206974656D733D22247B666E733A676574446963744C69737428276F615F6C656176655F7479706527297D22206974656D4C6162656C3D226C6162656C22206974656D56616C75653D2276616C7565220D0A37313A20202020202020202020202020202020202020202020202020202068746D6C4573636170653D2266616C7365222F3E0D0A37323A2020202020202020203C2F666F726D3A73656C6563743E0D0A0D0A0D0A537461636B74726163653A);
INSERT INTO `sys_log` VALUES ('006f05cb74974727841462ae0ab1d127', '2', '1', '2016-02-10 19:28:13', '127.0.0.1', 'Mozilla/5.0 (Windows NT 6.1; WOW64) AppleWebKit/537.36 (KHTML, like Gecko) Chrome/48.0.2564.97 Safari/537.36', '/jeesite/a/exam/', 'GET', '', 0x6F72672E6170616368652E6A61737065722E4A6173706572457863657074696F6E3A20416E20657863657074696F6E206F636375727265642070726F63657373696E67204A53502070616765202F5745422D494E462F76696577732F6D6F64756C65732F6578616D2F6578616D4C6973742E6A7370206174206C696E652036390D0A0D0A36363A200D0A36373A20202020203C646976207374796C653D226D617267696E2D746F703A3870783B223E0D0A36383A2020202020202020203C6C6162656C3EE79287E69BA2EE95BDE7BBABE8AFB2E780B7E9949BEFBFBD2F6C6162656C3E0D0A36393A2020202020202020203C666F726D3A73656C65637420706174683D226C6561766554797065223E0D0A37303A202020202020202020202020203C666F726D3A6F7074696F6E73206974656D733D22247B666E733A676574446963744C69737428276F615F6C656176655F7479706527297D22206974656D4C6162656C3D226C6162656C22206974656D56616C75653D2276616C7565220D0A37313A20202020202020202020202020202020202020202020202020202068746D6C4573636170653D2266616C7365222F3E0D0A37323A2020202020202020203C2F666F726D3A73656C6563743E0D0A0D0A0D0A537461636B74726163653A);
INSERT INTO `sys_log` VALUES ('36ed95b9ad5946639b7069aed872ff99', '2', '1', '2016-02-10 19:28:14', '127.0.0.1', 'Mozilla/5.0 (Windows NT 6.1; WOW64) AppleWebKit/537.36 (KHTML, like Gecko) Chrome/48.0.2564.97 Safari/537.36', '/jeesite/a/exam/', 'GET', '', 0x6F72672E6170616368652E6A61737065722E4A6173706572457863657074696F6E3A20416E20657863657074696F6E206F636375727265642070726F63657373696E67204A53502070616765202F5745422D494E462F76696577732F6D6F64756C65732F6578616D2F6578616D4C6973742E6A7370206174206C696E652036390D0A0D0A36363A200D0A36373A20202020203C646976207374796C653D226D617267696E2D746F703A3870783B223E0D0A36383A2020202020202020203C6C6162656C3EE79287E69BA2EE95BDE7BBABE8AFB2E780B7E9949BEFBFBD2F6C6162656C3E0D0A36393A2020202020202020203C666F726D3A73656C65637420706174683D226C6561766554797065223E0D0A37303A202020202020202020202020203C666F726D3A6F7074696F6E73206974656D733D22247B666E733A676574446963744C69737428276F615F6C656176655F7479706527297D22206974656D4C6162656C3D226C6162656C22206974656D56616C75653D2276616C7565220D0A37313A20202020202020202020202020202020202020202020202020202068746D6C4573636170653D2266616C7365222F3E0D0A37323A2020202020202020203C2F666F726D3A73656C6563743E0D0A0D0A0D0A537461636B74726163653A);
INSERT INTO `sys_log` VALUES ('a479d1a7d66e404db3c1bad80fab7e15', '2', '1', '2016-02-10 19:28:14', '127.0.0.1', 'Mozilla/5.0 (Windows NT 6.1; WOW64) AppleWebKit/537.36 (KHTML, like Gecko) Chrome/48.0.2564.97 Safari/537.36', '/jeesite/a/exam/', 'GET', '', 0x6F72672E6170616368652E6A61737065722E4A6173706572457863657074696F6E3A20416E20657863657074696F6E206F636375727265642070726F63657373696E67204A53502070616765202F5745422D494E462F76696577732F6D6F64756C65732F6578616D2F6578616D4C6973742E6A7370206174206C696E652036390D0A0D0A36363A200D0A36373A20202020203C646976207374796C653D226D617267696E2D746F703A3870783B223E0D0A36383A2020202020202020203C6C6162656C3EE79287E69BA2EE95BDE7BBABE8AFB2E780B7E9949BEFBFBD2F6C6162656C3E0D0A36393A2020202020202020203C666F726D3A73656C65637420706174683D226C6561766554797065223E0D0A37303A202020202020202020202020203C666F726D3A6F7074696F6E73206974656D733D22247B666E733A676574446963744C69737428276F615F6C656176655F7479706527297D22206974656D4C6162656C3D226C6162656C22206974656D56616C75653D2276616C7565220D0A37313A20202020202020202020202020202020202020202020202020202068746D6C4573636170653D2266616C7365222F3E0D0A37323A2020202020202020203C2F666F726D3A73656C6563743E0D0A0D0A0D0A537461636B74726163653A);
INSERT INTO `sys_log` VALUES ('2acc445950d248c19e04bd889664f15f', '2', '1', '2016-02-10 19:29:58', '127.0.0.1', 'Mozilla/5.0 (Windows NT 6.1; WOW64) AppleWebKit/537.36 (KHTML, like Gecko) Chrome/48.0.2564.97 Safari/537.36', '/jeesite/a/exam/', 'GET', '', 0x6F72672E6170616368652E6A61737065722E4A6173706572457863657074696F6E3A20416E20657863657074696F6E206F636375727265642070726F63657373696E67204A53502070616765202F5745422D494E462F76696577732F6D6F64756C65732F6578616D2F6578616D4C6973742E6A7370206174206C696E652036390D0A0D0A36363A200D0A36373A20202020203C646976207374796C653D226D617267696E2D746F703A3870783B223E0D0A36383A2020202020202020203C6C6162656C3EE79287E69BA2EE95BDE7BBABE8AFB2E780B7E9949BEFBFBD2F6C6162656C3E0D0A36393A2020202020202020203C666F726D3A73656C65637420706174683D226C6561766554797065223E0D0A37303A202020202020202020202020203C666F726D3A6F7074696F6E73206974656D733D22247B666E733A676574446963744C69737428276578616D5F7479706527297D22206974656D4C6162656C3D226C6162656C22206974656D56616C75653D2276616C7565220D0A37313A20202020202020202020202020202020202020202020202020202068746D6C4573636170653D2266616C7365222F3E0D0A37323A2020202020202020203C2F666F726D3A73656C6563743E0D0A0D0A0D0A537461636B74726163653A);
INSERT INTO `sys_log` VALUES ('3a4690f813444d9682d022cf64308e29', '2', '1', '2016-02-10 19:30:47', '127.0.0.1', 'Mozilla/5.0 (Windows NT 6.1; WOW64) AppleWebKit/537.36 (KHTML, like Gecko) Chrome/48.0.2564.97 Safari/537.36', '/jeesite/a/exam/', 'GET', '', 0x6F72672E6170616368652E6A61737065722E4A6173706572457863657074696F6E3A20416E20657863657074696F6E206F636375727265642070726F63657373696E67204A53502070616765202F5745422D494E462F76696577732F6D6F64756C65732F6578616D2F6578616D4C6973742E6A7370206174206C696E652036390D0A0D0A36363A200D0A36373A20202020203C646976207374796C653D226D617267696E2D746F703A3870783B223E0D0A36383A2020202020202020203C6C6162656C3EE79287E69BA2EE95BDE7BBABE8AFB2E780B7E9949BEFBFBD2F6C6162656C3E0D0A36393A2020202020202020203C666F726D3A73656C65637420706174683D226C6561766554797065223E0D0A37303A202020202020202020202020203C666F726D3A6F7074696F6E73206974656D733D22247B666E733A676574446963744C69737428276578616D5F7479706527297D22206974656D4C6162656C3D226C6162656C22206974656D56616C75653D2276616C7565220D0A37313A20202020202020202020202020202020202020202020202020202068746D6C4573636170653D2266616C7365222F3E0D0A37323A2020202020202020203C2F666F726D3A73656C6563743E0D0A0D0A0D0A537461636B74726163653A);
INSERT INTO `sys_log` VALUES ('6753fed306c04997a054dc363a05f123', '2', '1', '2016-02-10 19:34:35', '127.0.0.1', 'Mozilla/5.0 (Windows NT 6.1; WOW64) AppleWebKit/537.36 (KHTML, like Gecko) Chrome/48.0.2564.97 Safari/537.36', '/jeesite/a/exam/', 'GET', '', 0x6F72672E6170616368652E6A61737065722E4A6173706572457863657074696F6E3A20416E20657863657074696F6E206F636375727265642070726F63657373696E67204A53502070616765202F5745422D494E462F76696577732F6D6F64756C65732F6578616D2F6578616D4C6973742E6A7370206174206C696E652036390D0A0D0A36363A200D0A36373A20202020203C646976207374796C653D226D617267696E2D746F703A3870783B223E0D0A36383A2020202020202020203C6C6162656C3EE79287E69BA2EE95BDE7BBABE8AFB2E780B7E9949BEFBFBD2F6C6162656C3E0D0A36393A2020202020202020203C666F726D3A73656C65637420706174683D226C6561766554797065223E0D0A37303A202020202020202020202020203C666F726D3A6F7074696F6E73206974656D733D22247B666E733A676574446963744C69737428276578616D5F7479706527297D22206974656D4C6162656C3D226C6162656C22206974656D56616C75653D2276616C7565220D0A37313A20202020202020202020202020202020202020202020202020202068746D6C4573636170653D2266616C7365222F3E0D0A37323A2020202020202020203C2F666F726D3A73656C6563743E0D0A0D0A0D0A537461636B74726163653A);
INSERT INTO `sys_log` VALUES ('484e292e6cc54b3fa66917fcc14b9cf1', '2', '1', '2016-02-10 19:54:44', '127.0.0.1', 'Mozilla/5.0 (Windows NT 6.1; WOW64) AppleWebKit/537.36 (KHTML, like Gecko) Chrome/48.0.2564.97 Safari/537.36', '/jeesite/a/exam/', 'GET', '', 0x6F72672E6170616368652E6A61737065722E4A6173706572457863657074696F6E3A20416E20657863657074696F6E206F636375727265642070726F63657373696E67204A53502070616765202F5745422D494E462F76696577732F6D6F64756C65732F6578616D2F6578616D4C6973742E6A7370206174206C696E652032350D0A0D0A32323A203C62722F3E0D0A32333A200D0A32343A203C666F726D3A666F726D2069643D22696E707574466F726D22206D6F64656C4174747269627574653D226C656176652220616374696F6E3D22247B6374787D2F6F612F6C656176652F7361766522206D6574686F643D22706F73742220636C6173733D22666F726D2D686F72697A6F6E74616C223E0D0A32353A20202020203C666F726D3A68696464656E20706174683D226964222F3E0D0A32363A20202020203C746167733A6D65737361676520636F6E74656E743D22247B6D6573736167657D222F3E0D0A32373A200D0A32383A20202020203C64697620636C6173733D22636F6E74726F6C2D67726F7570223E0D0A0D0A0D0A537461636B74726163653A);
INSERT INTO `sys_log` VALUES ('1a6ded364ef547c7a90036befd73c2c3', '1', '1', '2016-02-10 21:03:17', '127.0.0.1', 'Mozilla/5.0 (Windows NT 6.1; WOW64) AppleWebKit/537.36 (KHTML, like Gecko) Chrome/48.0.2564.97 Safari/537.36', '/jeesite/a/oa/leave/save', 'POST', 0x69643D266C65617665547970653D3126737461727454696D653D323031362D30322D31302032313A30333A303826656E6454696D653D323031362D30322D31302032313A30333A313026726561736F6E3DE4BDA0E5A5BDE4B896E7958CEFBC81, '');
INSERT INTO `sys_log` VALUES ('971c45e621014417b92f918e62645624', '1', '1', '2016-02-10 21:25:59', '127.0.0.1', 'Mozilla/5.0 (Windows NT 6.1; WOW64) AppleWebKit/537.36 (KHTML, like Gecko) Chrome/48.0.2564.97 Safari/537.36', '/jeesite/a/exam/delete', 'GET', 0x69643D31, '');
INSERT INTO `sys_log` VALUES ('3f813b0fee2343958ca88a7698944982', '2', '1', '2016-02-10 21:27:45', '127.0.0.1', 'Mozilla/5.0 (Windows NT 6.1; WOW64) AppleWebKit/537.36 (KHTML, like Gecko) Chrome/48.0.2564.97 Safari/537.36', '/jeesite/a/exam/form', 'GET', '', 0x6F72672E6170616368652E6A61737065722E4A6173706572457863657074696F6E3A20416E20657863657074696F6E206F636375727265642070726F63657373696E67204A53502070616765202F5745422D494E462F76696577732F6D6F64756C65732F6578616D2F6578616D466F726D2E6A7370206174206C696E652033320D0A0D0A32393A203C62722F3E0D0A33303A200D0A33313A203C666F726D3A666F726D2069643D22696E707574466F726D22206D6F64656C4174747269627574653D22757365722220616374696F6E3D22247B6374787D2F7379732F757365722F7361766522206D6574686F643D22706F73742220636C6173733D22666F726D2D686F72697A6F6E74616C223E0D0A33323A20202020203C666F726D3A68696464656E20706174683D226964222F3E0D0A33333A20202020203C746167733A6D65737361676520636F6E74656E743D22247B6D6573736167657D222F3E0D0A33343A20202020203C64697620636C6173733D22636F6E74726F6C2D67726F7570223E0D0A33353A2020202020202020203C6C6162656C20636C6173733D22636F6E74726F6C2D6C6162656C2220666F723D22636F6D70616E79223EE8A4B0E68E91E79D98E98D8FEE8480E5BE833A3C2F6C6162656C3E0D0A0D0A0D0A537461636B74726163653A);
INSERT INTO `sys_log` VALUES ('a56981619b32428890aedf9c9de513e2', '2', '1', '2016-02-10 21:44:06', '127.0.0.1', 'Mozilla/5.0 (Windows NT 6.1; WOW64) AppleWebKit/537.36 (KHTML, like Gecko) Chrome/48.0.2564.97 Safari/537.36', '/jeesite/a/exam/form', 'GET', '', 0x6F72672E6170616368652E6A61737065722E4A6173706572457863657074696F6E3A20416E20657863657074696F6E206F636375727265642070726F63657373696E67204A53502070616765202F5745422D494E462F76696577732F6D6F64756C65732F6578616D2F6578616D466F726D2E6A7370206174206C696E652035390D0A0D0A35363A200D0A35373A2020202020202020203C64697620636C6173733D22636F6E74726F6C73223E0D0A35383A202020202020202020202020203C696E7075742069643D226F6C644C6F67696E4E616D6522206E616D653D226F6C644C6F67696E4E616D652220747970653D2268696464656E222076616C75653D22247B757365722E6C6F67696E4E616D657D223E0D0A35393A202020202020202020202020203C666F726D3A696E70757420706174683D226C6F67696E4E616D65222068746D6C4573636170653D2266616C736522206D61786C656E6774683D2235302220636C6173733D22726571756972656420757365724E616D65222F3E0D0A36303A2020202020202020203C2F6469763E0D0A36313A20202020203C2F6469763E0D0A36323A20202020203C64697620636C6173733D22636F6E74726F6C2D67726F7570223E0D0A0D0A0D0A537461636B74726163653A);
INSERT INTO `sys_log` VALUES ('c89887e75e8a4c09b5d597fc324f00ab', '2', '1', '2016-02-11 10:43:39', '127.0.0.1', 'Mozilla/5.0 (Windows NT 6.1; WOW64) AppleWebKit/537.36 (KHTML, like Gecko) Chrome/48.0.2564.97 Safari/537.36', '/jeesite/a/exam/form', 'GET', '', 0x6F72672E6170616368652E6A61737065722E4A6173706572457863657074696F6E3A20416E20657863657074696F6E206F636375727265642070726F63657373696E67204A53502070616765202F5745422D494E462F76696577732F6D6F64756C65732F6578616D2F6578616D466F726D2E6A7370206174206C696E652035390D0A0D0A35363A200D0A35373A2020202020202020203C64697620636C6173733D22636F6E74726F6C73223E0D0A35383A202020202020202020202020203C696E7075742069643D226F6C644C6F67696E4E616D6522206E616D653D226F6C644C6F67696E4E616D652220747970653D2268696464656E222076616C75653D22247B757365722E6C6F67696E4E616D657D223E0D0A35393A202020202020202020202020203C666F726D3A696E70757420706174683D226C6F67696E4E616D65222068746D6C4573636170653D2266616C736522206D61786C656E6774683D2235302220636C6173733D22726571756972656420757365724E616D65222F3E0D0A36303A2020202020202020203C2F6469763E0D0A36313A20202020203C2F6469763E0D0A36323A20202020203C64697620636C6173733D22636F6E74726F6C2D67726F7570223E0D0A0D0A0D0A537461636B74726163653A);
INSERT INTO `sys_log` VALUES ('5bd02539f79247f295d7463192d3bbd9', '2', '1', '2016-02-11 10:46:18', '127.0.0.1', 'Mozilla/5.0 (Windows NT 6.1; WOW64) AppleWebKit/537.36 (KHTML, like Gecko) Chrome/48.0.2564.97 Safari/537.36', '/jeesite/a/exam/form', 'GET', '', 0x6F72672E6170616368652E6A61737065722E4A6173706572457863657074696F6E3A20416E20657863657074696F6E206F636375727265642070726F63657373696E67204A53502070616765202F5745422D494E462F76696577732F6D6F64756C65732F6578616D2F6578616D466F726D2E6A7370206174206C696E652035390D0A0D0A35363A200D0A35373A2020202020202020203C64697620636C6173733D22636F6E74726F6C73223E0D0A35383A202020202020202020202020203C696E7075742069643D226F6C644C6F67696E4E616D6522206E616D653D226F6C644C6F67696E4E616D652220747970653D2268696464656E222076616C75653D22247B757365722E6C6F67696E4E616D657D223E0D0A35393A202020202020202020202020203C666F726D3A696E70757420706174683D226C6F67696E4E616D65222068746D6C4573636170653D2266616C736522206D61786C656E6774683D2235302220636C6173733D22726571756972656420757365724E616D65222F3E0D0A36303A2020202020202020203C2F6469763E0D0A36313A20202020203C2F6469763E0D0A36323A20202020203C64697620636C6173733D22636F6E74726F6C2D67726F7570223E0D0A0D0A0D0A537461636B74726163653A);
INSERT INTO `sys_log` VALUES ('8ddfa92b21c44cd18d6dba5b6a17aaba', '2', '1', '2016-02-11 13:23:30', '127.0.0.1', 'Mozilla/5.0 (Windows NT 6.1; WOW64) AppleWebKit/537.36 (KHTML, like Gecko) Chrome/48.0.2564.97 Safari/537.36', '/jeesite/a/exam/form', 'GET', 0x69643D, 0x6F72672E6170616368652E6A61737065722E4A6173706572457863657074696F6E3A202F5745422D494E462F76696577732F6D6F64756C65732F6578616D2F6578616D466F726D2E6A737020286C696E653A2036312C20636F6C756D6E3A20313629204163636F7264696E6720746F20544C442C2074616720666F726D3A7465787461726561206D75737420626520656D7074792C20627574206973206E6F74);
INSERT INTO `sys_log` VALUES ('772de80f2ac14d5c84b7c2c3618aa9df', '2', '1', '2016-02-11 13:51:20', '127.0.0.1', 'Mozilla/5.0 (Windows NT 6.1; WOW64) AppleWebKit/537.36 (KHTML, like Gecko) Chrome/48.0.2564.97 Safari/537.36', '/jeesite/a/exam/save', 'POST', 0x69643D26636C6173736966793D31267469746C653DE4BB80E4B988E6A0B7E79A84E5ADA9E5AD90E6898DE698AFE5A5BDE5ADA9E5AD90EFBC9F0D0A41EFBC9AE788B1E78EA9E79A8420423AE788B1E5ADA6E4B9A0E79A8420433AE788B1E59083E79A8420443AE8AEA8E4BABAE5969CE6ACA2E79A8426696D6167653D7C2F6A6565736974652F7573657266696C65732F312F5F7468756D62732F696D616765732F6578616D2F323031362F30322F4261696475536875727566615F323031362D322D345F31322D31382D332E6A706726616E737765723D41, 0x6F72672E68696265726E6174652E657863657074696F6E2E53514C4772616D6D6172457863657074696F6E3A20636F756C64206E6F74206578747261637420526573756C74536574);
INSERT INTO `sys_log` VALUES ('d19bf19b9ac14a89bfb3eff297949937', '1', '1', '2016-02-11 13:55:03', '127.0.0.1', 'Mozilla/5.0 (Windows NT 6.1; WOW64) AppleWebKit/537.36 (KHTML, like Gecko) Chrome/48.0.2564.97 Safari/537.36', '/jeesite/a/exam/save', 'POST', 0x69643D26636C6173736966793D31267469746C653DE4BB80E4B988E6A0B7E79A84E5ADA9E5AD90E698AFE5A5BDE5ADA9E5AD90EFBC9F0D0A41EFBC9AE788B1E5ADA6E4B9A0E79A842042EFBC9AE788B1E58AB3E58AA8E79A842043EFBC9AE8AEA8E4BABAE5969CE6ACA2E79A842044EFBC9AE6BC82E4BAAEE79A8426696D6167653D7C2F6A6565736974652F7573657266696C65732F312F5F7468756D62732F696D616765732F6578616D2F323031362F30322F4261696475536875727566615F323031362D322D345F31322D31382D332E6A706726616E737765723D41266465736372697074696F6E3DE8BF99E698AFE4B880E4B8AAE6B58BE8AF95E9A298E79BAEE38082, '');
INSERT INTO `sys_log` VALUES ('a418e6f97b62404e88adc0c524bb7515', '2', '1', '2016-02-11 14:00:24', '127.0.0.1', 'Mozilla/5.0 (Windows NT 6.1; WOW64) AppleWebKit/537.36 (KHTML, like Gecko) Chrome/48.0.2564.97 Safari/537.36', '/jeesite/a/exam', 'POST', 0x706167654E6F3D267061676553697A653D266F7264657242793D6578616D547970652041534326636C6173736966793D30266372656174654461746553746172743D2663726561746544617465456E643D, 0x6F72672E68696265726E6174652E5175657279457863657074696F6E3A20636F756C64206E6F74207265736F6C76652070726F70657274793A206578616D54797065206F663A20636F6D2E7468696E6B67656D2E6A6565736974652E6D6F64756C65732E6578616D2E656E746974792E4578616D696E65);
INSERT INTO `sys_log` VALUES ('faa3ab2c80ba4b7883a6f68f1a5eac2b', '1', '1', '2016-02-11 14:19:10', '127.0.0.1', 'Mozilla/5.0 (Windows NT 6.1; WOW64) AppleWebKit/537.36 (KHTML, like Gecko) Chrome/48.0.2564.97 Safari/537.36', '/jeesite/a/exam/save', 'POST', 0x69643D26636C6173736966793D32267469746C653DE69DA8E4B8BDE98B86E698AFE4B880E4B8AAE5A5BDE5ADA9E5AD90E59097EFBC9F26696D6167653D7C2F6A6565736974652F7573657266696C65732F312F5F7468756D62732F696D616765732F6578616D2F323031362F30322F4261696475536875727566615F323031362D322D345F31322D31382D332E6A706726616E737765723D58266465736372697074696F6E3DE6B58BE8AF95E588A4E696ADE9A298, '');
INSERT INTO `sys_log` VALUES ('a0afd8c853fc46bf9c7be65b83250d92', '1', '1', '2016-02-11 14:28:08', '127.0.0.1', 'Mozilla/5.0 (Windows NT 6.1; WOW64) AppleWebKit/537.36 (KHTML, like Gecko) Chrome/48.0.2564.97 Safari/537.36', '/jeesite/a/exam/save', 'POST', 0x69643D26636C6173736966793D33267469746C653DE8AF9DE8AFB4E8A5BFE6B8B8E8AEB0EFBC9F26696D6167653D7C2F6A6565736974652F7573657266696C65732F312F5F7468756D62732F696D616765732F6578616D2F323031362F30322F4261696475536875727566615F323031362D312D32395F32312D35362D31312E6A706726616E737765723DE8A5BFE6B8B8E8AEB0E698AFE4B880E4B8AAE7BB8FE585B8E4BCA0E5A587E38082266465736372697074696F6E3DE6B58BE8AF95E7AE80E7AD94E9A298, '');
INSERT INTO `sys_log` VALUES ('9dfd85e15dd94bd9b6bd69210bae8e85', '1', '1', '2016-02-11 14:31:43', '127.0.0.1', 'Mozilla/5.0 (Windows NT 6.1; WOW64) AppleWebKit/537.36 (KHTML, like Gecko) Chrome/48.0.2564.97 Safari/537.36', '/jeesite/a/exam/save', 'POST', 0x69643D646430343939376466633962343636356135373931313638383664333966623126636C6173736966793D31267469746C653DE4BB80E4B988E6A0B7E79A84E5ADA9E5AD90E698AFE5A5BDE5ADA9E5AD90EFBC9F0D0A41EFBC9AE788B1E5ADA6E4B9A0E79A842042EFBC9AE788B1E58AB3E58AA8E79A842043EFBC9AE8AEA8E4BABAE5969CE6ACA2E79A842044EFBC9AE6BC82E4BAAEE79A8426696D6167653D7C2F6A6565736974652F7573657266696C65732F312F5F7468756D62732F696D616765732F6578616D2F323031362F30322F4261696475536875727566615F323031362D322D345F31322D31382D332E6A706726616E737765723D41266465736372697074696F6E3DE8BF99E698AFE4B880E4B8AAE6B58BE8AF95E9A298E79BAEE38082, '');
INSERT INTO `sys_log` VALUES ('6fcf7cc5965c4f19b4d13bf96dfe0d13', '1', '1', '2016-02-11 14:35:33', '127.0.0.1', 'Mozilla/5.0 (Windows NT 6.1; WOW64) AppleWebKit/537.36 (KHTML, like Gecko) Chrome/48.0.2564.97 Safari/537.36', '/jeesite/a/exam/save', 'POST', 0x69643D643333663332623534623961343265633938623139393531663838656539326526636C6173736966793D33267469746C653DE8AF9DE8AFB4E8A5BFE6B8B8E8AEB0EFBC9F26696D6167653D7C2F6A6565736974652F7573657266696C65732F312F5F7468756D62732F696D616765732F6578616D2F323031362F30322F4261696475536875727566615F323031362D312D32395F32312D35362D31312E6A706726616E737765723DE8A5BFE6B8B8E8AEB0E698AFE4B880E4B8AAE7BB8FE585B8E4BCA0E5A587E38082266465736372697074696F6E3DE6B58BE8AF95E7AE80E7AD94E9A298, '');
INSERT INTO `sys_log` VALUES ('00e3405179cc4da78ec73f81af252e7e', '1', '1', '2016-02-11 14:36:28', '127.0.0.1', 'Mozilla/5.0 (Windows NT 6.1; WOW64) AppleWebKit/537.36 (KHTML, like Gecko) Chrome/48.0.2564.97 Safari/537.36', '/jeesite/a/exam/save', 'POST', 0x69643D663434323632643938353962343334346132643862633939656462366331343026636C6173736966793D32267469746C653DE69DA8E4B8BDE98B86E698AFE4B880E4B8AAE5A5BDE5ADA9E5AD90E59097EFBC9F26696D6167653D26616E737765723D58266465736372697074696F6E3DE6B58BE8AF95E588A4E696ADE9A298, '');
INSERT INTO `sys_log` VALUES ('36b30fab073e4c66b2688fac701683af', '1', '1', '2016-02-11 14:36:34', '127.0.0.1', 'Mozilla/5.0 (Windows NT 6.1; WOW64) AppleWebKit/537.36 (KHTML, like Gecko) Chrome/48.0.2564.97 Safari/537.36', '/jeesite/a/exam/save', 'POST', 0x69643D646430343939376466633962343636356135373931313638383664333966623126636C6173736966793D31267469746C653DE4BB80E4B988E6A0B7E79A84E5ADA9E5AD90E698AFE5A5BDE5ADA9E5AD90EFBC9F0D0A41EFBC9AE788B1E5ADA6E4B9A0E79A842042EFBC9AE788B1E58AB3E58AA8E79A842043EFBC9AE8AEA8E4BABAE5969CE6ACA2E79A842044EFBC9AE6BC82E4BAAEE79A8426696D6167653D26616E737765723D41266465736372697074696F6E3DE8BF99E698AFE4B880E4B8AAE6B58BE8AF95E9A298E79BAEE38082, '');
INSERT INTO `sys_log` VALUES ('76b75c90078f4ca5bbde66427c462fcf', '1', '1', '2016-02-11 14:36:40', '127.0.0.1', 'Mozilla/5.0 (Windows NT 6.1; WOW64) AppleWebKit/537.36 (KHTML, like Gecko) Chrome/48.0.2564.97 Safari/537.36', '/jeesite/a/exam/save', 'POST', 0x69643D643333663332623534623961343265633938623139393531663838656539326526636C6173736966793D33267469746C653DE8AF9DE8AFB4E8A5BFE6B8B8E8AEB0EFBC9F26696D6167653D26616E737765723DE8A5BFE6B8B8E8AEB0E698AFE4B880E4B8AAE7BB8FE585B8E4BCA0E5A587E38082266465736372697074696F6E3DE6B58BE8AF95E7AE80E7AD94E9A298, '');
INSERT INTO `sys_log` VALUES ('acadcbf5852d430fb3625629e48cfd17', '1', '1', '2016-02-11 14:38:25', '127.0.0.1', 'Mozilla/5.0 (Windows NT 6.1; WOW64) AppleWebKit/537.36 (KHTML, like Gecko) Chrome/48.0.2564.97 Safari/537.36', '/jeesite/a/exam/save', 'POST', 0x69643D663434323632643938353962343334346132643862633939656462366331343026636C6173736966793D32267469746C653DE69DA8E4B8BDE98B86E698AFE4B880E4B8AAE5A5BDE5ADA9E5AD90E59097EFBC9F26696D6167653D7C2F6A6565736974652F7573657266696C65732F312F5F7468756D62732F696D616765732F636D732F61727469636C652F323031362F30322F4261696475536875727566615F323031362D322D345F31322D31382D31382E6A706726616E737765723D58266465736372697074696F6E3DE6B58BE8AF95E588A4E696ADE9A298, '');
INSERT INTO `sys_log` VALUES ('06b2d137ac2a454a9eebacd42f5b7c22', '1', '1', '2016-02-11 14:42:17', '127.0.0.1', 'Mozilla/5.0 (Windows NT 6.1; WOW64) AppleWebKit/537.36 (KHTML, like Gecko) Chrome/48.0.2564.97 Safari/537.36', '/jeesite/a/exam/save', 'POST', 0x69643D663434323632643938353962343334346132643862633939656462366331343026636C6173736966793D32267469746C653DE69DA8E4B8BDE98B86E698AFE4B880E4B8AAE5A5BDE5ADA9E5AD90E59097EFBC9F26696D6167653D7C2F6A6565736974652F7573657266696C65732F312F5F7468756D62732F696D616765732F636D732F61727469636C652F323031362F30322F4261696475536875727566615F323031362D322D345F31322D31382D332E6A706726616E737765723D58266465736372697074696F6E3DE6B58BE8AF95E588A4E696ADE9A298, '');
INSERT INTO `sys_log` VALUES ('7d6051fd82bf4d65800698f9c05a3127', '1', '1', '2016-02-11 14:42:49', '127.0.0.1', 'Mozilla/5.0 (Windows NT 6.1; WOW64) AppleWebKit/537.36 (KHTML, like Gecko) Chrome/48.0.2564.97 Safari/537.36', '/jeesite/a/exam/save', 'POST', 0x69643D646430343939376466633962343636356135373931313638383664333966623126636C6173736966793D31267469746C653DE4BB80E4B988E6A0B7E79A84E5ADA9E5AD90E698AFE5A5BDE5ADA9E5AD90EFBC9F0D0A41EFBC9AE788B1E5ADA6E4B9A0E79A842042EFBC9AE788B1E58AB3E58AA8E79A842043EFBC9AE8AEA8E4BABAE5969CE6ACA2E79A842044EFBC9AE6BC82E4BAAEE79A8426696D6167653D7C2F6A6565736974652F7573657266696C65732F312F5F7468756D62732F696D616765732F636D732F61727469636C652F323031362F30322F4261696475536875727566615F323031362D322D345F31322D31382D332E6A706726616E737765723D41266465736372697074696F6E3DE8BF99E698AFE4B880E4B8AAE6B58BE8AF95E9A298E79BAEE38082, '');
INSERT INTO `sys_log` VALUES ('87e907fba7d44da69a80d7620fa18e75', '1', '1', '2016-02-11 14:47:22', '127.0.0.1', 'Mozilla/5.0 (Windows NT 6.1; WOW64) AppleWebKit/537.36 (KHTML, like Gecko) Chrome/48.0.2564.97 Safari/537.36', '/jeesite/a/exam/save', 'POST', 0x69643D643333663332623534623961343265633938623139393531663838656539326526636C6173736966793D33267469746C653DE8AF9DE8AFB4E8A5BFE6B8B8E8AEB0EFBC9F26696D6167653D2F6A6565736974652F7573657266696C65732F312F5F7468756D62732F696D616765732F636D732F61727469636C652F323031362F30322F4261696475536875727566615F323031362D322D345F31322D31382D31382E6A706726616E737765723DE8A5BFE6B8B8E8AEB0E698AFE4B880E4B8AAE7BB8FE585B8E4BCA0E5A587E38082266465736372697074696F6E3DE6B58BE8AF95E7AE80E7AD94E9A298, '');
INSERT INTO `sys_log` VALUES ('87fd3b1a794c4e8d9b6b2b5e75bf52cf', '1', '1', '2016-02-11 14:47:42', '127.0.0.1', 'Mozilla/5.0 (Windows NT 6.1; WOW64) AppleWebKit/537.36 (KHTML, like Gecko) Chrome/48.0.2564.97 Safari/537.36', '/jeesite/a/exam/save', 'POST', 0x69643D646430343939376466633962343636356135373931313638383664333966623126636C6173736966793D31267469746C653DE4BB80E4B988E6A0B7E79A84E5ADA9E5AD90E698AFE5A5BDE5ADA9E5AD90EFBC9F0D0A41EFBC9AE788B1E5ADA6E4B9A0E79A842042EFBC9AE788B1E58AB3E58AA8E79A842043EFBC9AE8AEA8E4BABAE5969CE6ACA2E79A842044EFBC9AE6BC82E4BAAEE79A8426696D6167653D2F6A6565736974652F7573657266696C65732F312F5F7468756D62732F696D616765732F636D732F61727469636C652F323031362F30322F4261696475536875727566615F323031362D322D345F31322D31382D332E6A706726616E737765723D41266465736372697074696F6E3DE8BF99E698AFE4B880E4B8AAE6B58BE8AF95E9A298E79BAEE38082, '');
INSERT INTO `sys_log` VALUES ('dc5f9c3983cc42438a0170744f6e2ed0', '1', '1', '2016-02-11 14:47:57', '127.0.0.1', 'Mozilla/5.0 (Windows NT 6.1; WOW64) AppleWebKit/537.36 (KHTML, like Gecko) Chrome/48.0.2564.97 Safari/537.36', '/jeesite/a/exam/save', 'POST', 0x69643D663434323632643938353962343334346132643862633939656462366331343026636C6173736966793D32267469746C653DE69DA8E4B8BDE98B86E698AFE4B880E4B8AAE5A5BDE5ADA9E5AD90E59097EFBC9F26696D6167653D2F6A6565736974652F7573657266696C65732F312F5F7468756D62732F696D616765732F636D732F61727469636C652F323031362F30322F4261696475536875727566615F323031362D322D345F31322D31382D332E6A706726616E737765723D58266465736372697074696F6E3DE6B58BE8AF95E588A4E696ADE9A298, '');
INSERT INTO `sys_log` VALUES ('07ea0c6b5c7642c090f2a00b9325ae51', '2', '1', '2016-02-11 14:58:58', '127.0.0.1', 'Mozilla/5.0 (Windows NT 6.1; WOW64) AppleWebKit/537.36 (KHTML, like Gecko) Chrome/48.0.2564.97 Safari/537.36', '/jeesite/a/exam', 'POST', 0x706167654E6F3D267061676553697A653D266F7264657242793D6578616D547970652041534326636C6173736966793D30266372656174654461746553746172743D2663726561746544617465456E643D, 0x6F72672E68696265726E6174652E5175657279457863657074696F6E3A20636F756C64206E6F74207265736F6C76652070726F70657274793A206578616D54797065206F663A20636F6D2E7468696E6B67656D2E6A6565736974652E6D6F64756C65732E6578616D2E656E746974792E4578616D696E65);
INSERT INTO `sys_log` VALUES ('9f54ad0d08264ab6a1f157d0f959c90a', '2', '1', '2016-02-11 15:02:04', '127.0.0.1', 'Mozilla/5.0 (Windows NT 6.1; WOW64; rv:36.0) Gecko/20100101 Firefox/36.0', '/jeesite/a/exam', 'POST', 0x706167654E6F3D267061676553697A653D266F7264657242793D6578616D547970652041534326636C6173736966793D30266372656174654461746553746172743D2663726561746544617465456E643D, 0x6F72672E68696265726E6174652E5175657279457863657074696F6E3A20636F756C64206E6F74207265736F6C76652070726F70657274793A206578616D54797065206F663A20636F6D2E7468696E6B67656D2E6A6565736974652E6D6F64756C65732E6578616D2E656E746974792E4578616D696E65);
INSERT INTO `sys_log` VALUES ('61f68af7b7b947eeb739853455c8c869', '2', '1', '2016-02-11 15:03:51', '127.0.0.1', 'Mozilla/5.0 (Windows NT 6.1; WOW64; rv:36.0) Gecko/20100101 Firefox/36.0', '/jeesite/a/exam/', 'POST', 0x706167654E6F3D267061676553697A653D266F7264657242793D6578616D547970652041534326636C6173736966793D30266372656174654461746553746172743D2663726561746544617465456E643D, 0x6F72672E68696265726E6174652E5175657279457863657074696F6E3A20636F756C64206E6F74207265736F6C76652070726F70657274793A206578616D54797065206F663A20636F6D2E7468696E6B67656D2E6A6565736974652E6D6F64756C65732E6578616D2E656E746974792E4578616D696E65);
INSERT INTO `sys_log` VALUES ('7a4d0c496cc14d748d131f6a98f42f68', '1', '1', '2016-02-11 16:41:30', '127.0.0.1', 'Mozilla/5.0 (Windows NT 6.1; WOW64) AppleWebKit/537.36 (KHTML, like Gecko) Chrome/48.0.2564.97 Safari/537.36', '/jeesite/a/exam/save', 'POST', 0x69643D312E30303030303026636C6173736966793D33267469746C653DE8AF9DE8AFB4E8A5BFE6B8B8E8AEB0EFBC9F26696D6167653D2F6A6565736974652F7573657266696C65732F312F5F7468756D62732F696D616765732F61312E6A706726616E737765723DE8A5BFE6B8B8E8AEB0E698AFE4B880E4B8AAE7BB8FE585B8E4BCA0E5A587E38082266465736372697074696F6E3DE6B58BE8AF95E7AE80E7AD94E9A298, '');
INSERT INTO `sys_log` VALUES ('ce8771ef55fe4dc2bbe00905a12dc05f', '1', '1', '2016-02-11 16:41:46', '127.0.0.1', 'Mozilla/5.0 (Windows NT 6.1; WOW64) AppleWebKit/537.36 (KHTML, like Gecko) Chrome/48.0.2564.97 Safari/537.36', '/jeesite/a/exam/save', 'POST', 0x69643D312E30303030303026636C6173736966793D33267469746C653DE8AF9DE8AFB4E8A5BFE6B8B8E8AEB0EFBC9F26696D6167653D2F6A6565736974652F7573657266696C65732F312F5F7468756D62732F696D616765732F61312E6A706726616E737765723DE8A5BFE6B8B8E8AEB0E698AFE4B880E4B8AAE7BB8FE585B8E4BCA0E5A587E38082266465736372697074696F6E3DE6B58BE8AF95E7AE80E7AD94E9A298, '');
INSERT INTO `sys_log` VALUES ('2b6cc3cbe32f40bb994cf299efeb158e', '1', '1', '2016-02-11 16:49:20', '127.0.0.1', 'Mozilla/5.0 (Windows NT 6.1; WOW64) AppleWebKit/537.36 (KHTML, like Gecko) Chrome/48.0.2564.97 Safari/537.36', '/jeesite/a/exam/save', 'POST', 0x69643D3226636C6173736966793D31267469746C653DE4BB80E4B988E6A0B7E79A84E5ADA9E5AD90E698AFE5A5BDE5ADA9E5AD90EFBC9F2041EFBC9AE788B1E5ADA6E4B9A0E79A842042EFBC9AE788B1E58AB3E58AA8E79A842043EFBC9AE8AEA8E4BABAE5969CE6ACA2E79A842044EFBC9AE6BC82E4BAAEE79A8426696D6167653D2F6A6565736974652F7573657266696C65732F312F5F7468756D62732F696D616765732F61322E6A706726616E737765723D41266465736372697074696F6E3DE8BF99E698AFE4B880E4B8AAE6B58BE8AF95E9A298E79BAEE38082, '');
INSERT INTO `sys_log` VALUES ('e3b1545d963749c99261eb6affd310d8', '1', '1', '2016-02-11 16:51:09', '127.0.0.1', 'Mozilla/5.0 (Windows NT 6.1; WOW64) AppleWebKit/537.36 (KHTML, like Gecko) Chrome/48.0.2564.97 Safari/537.36', '/jeesite/a/exam/save', 'POST', 0x69643D31303326636C6173736966793D32267469746C653DE69DA8E4B8BDE98B86E698AFE4B880E4B8AAE5A5BDE5ADA9E5AD90E59097EFBC9F26696D6167653D2F6A6565736974652F7573657266696C65732F312F5F7468756D62732F696D616765732F61352E6A706726616E737765723D58266465736372697074696F6E3DE6B58BE8AF95E588A4E696ADE9A298, '');
INSERT INTO `sys_log` VALUES ('06d21937659d478e960df20a3f5cdee8', '1', '1', '2016-02-11 16:55:19', '127.0.0.1', 'Mozilla/5.0 (Windows NT 6.1; WOW64) AppleWebKit/537.36 (KHTML, like Gecko) Chrome/48.0.2564.97 Safari/537.36', '/jeesite/a/cms/article/save', 'POST', 0x69643D31302663617465676F72792E69643D342663617465676F72792E6E616D653DE58685E983A8E69CBAE69E84267469746C653DE58685E983A8E69CBAE69E843126636F6C6F723D266C696E6B3D266B6579776F7264733DE585B3E994AEE5AD97312CE585B3E994AEE5AD9732267765696768743D3026776569676874446174653D266465736372697074696F6E3DE69198E8A68126696D6167653D2661727469636C65446174612E636F6E74656E743D0D0A090D0A2661727469636C65446174612E636F707966726F6D3DE69DA5E6BA902661727469636C65446174612E72656C6174696F6E3D312C322C332C2661727469636C65446174612E616C6C6F77436F6D6D656E743D3126706F7369644C6973743D32265F706F7369644C6973743D6F6E26637265617465446174653D323031332D30352D32372030383A30303A30302664656C466C61673D3026637573746F6D436F6E74656E74566965773D2676696577436F6E6669673D, '');
INSERT INTO `sys_log` VALUES ('52041f70399d48b3a718a010885bc285', '1', '1', '2016-02-11 16:56:27', '127.0.0.1', 'Mozilla/5.0 (Windows NT 6.1; WOW64) AppleWebKit/537.36 (KHTML, like Gecko) Chrome/48.0.2564.97 Safari/537.36', '/jeesite/a/cms/article/save', 'POST', 0x69643D31302663617465676F72792E69643D342663617465676F72792E6E616D653DE58685E983A8E69CBAE69E84267469746C653DE58685E983A8E69CBAE69E843126636F6C6F723D266C696E6B3D266B6579776F7264733DE585B3E994AEE5AD97312CE585B3E994AEE5AD9732267765696768743D3026776569676874446174653D266465736372697074696F6E3DE69198E8A68126696D6167653D2661727469636C65446174612E636F6E74656E743D0D0A090D0A2661727469636C65446174612E636F707966726F6D3DE69DA5E6BA902661727469636C65446174612E72656C6174696F6E3D312C322C332C2661727469636C65446174612E616C6C6F77436F6D6D656E743D3126706F7369644C6973743D32265F706F7369644C6973743D6F6E26637265617465446174653D323031332D30352D32372030383A30303A30302664656C466C61673D3026637573746F6D436F6E74656E74566965773D2676696577436F6E6669673D, '');
INSERT INTO `sys_log` VALUES ('029514fd9e80475e808ac835c7ce1b97', '1', '1', '2016-02-11 16:59:27', '127.0.0.1', 'Mozilla/5.0 (Windows NT 6.1; WOW64) AppleWebKit/537.36 (KHTML, like Gecko) Chrome/48.0.2564.97 Safari/537.36', '/jeesite/a/cms/article/save', 'POST', 0x69643D31302663617465676F72792E69643D342663617465676F72792E6E616D653DE58685E983A8E69CBAE69E84267469746C653DE58685E983A8E69CBAE69E843126636F6C6F723D266C696E6B3D266B6579776F7264733DE585B3E994AEE5AD97312CE585B3E994AEE5AD9732267765696768743D3026776569676874446174653D266465736372697074696F6E3DE69198E8A68126696D6167653D2661727469636C65446174612E636F6E74656E743D0D0A090D0A0D0A090D0A2661727469636C65446174612E636F707966726F6D3DE69DA5E6BA902661727469636C65446174612E72656C6174696F6E3D312C322C332C2661727469636C65446174612E616C6C6F77436F6D6D656E743D3126706F7369644C6973743D32265F706F7369644C6973743D6F6E26637265617465446174653D323031332D30352D32372030383A30303A30302664656C466C61673D3026637573746F6D436F6E74656E74566965773D2676696577436F6E6669673D, '');
INSERT INTO `sys_log` VALUES ('f76a0d7f99724c89a2524ee9ff2cacba', '1', '1', '2016-02-11 17:00:13', '127.0.0.1', 'Mozilla/5.0 (Windows NT 6.1; WOW64) AppleWebKit/537.36 (KHTML, like Gecko) Chrome/48.0.2564.97 Safari/537.36', '/jeesite/a/cms/article/save', 'POST', 0x69643D31302663617465676F72792E69643D342663617465676F72792E6E616D653DE58685E983A8E69CBAE69E84267469746C653DE58685E983A8E69CBAE69E843126636F6C6F723D266C696E6B3D266B6579776F7264733DE585B3E994AEE5AD97312CE585B3E994AEE5AD9732267765696768743D3026776569676874446174653D266465736372697074696F6E3DE69198E8A68126696D6167653D2661727469636C65446174612E636F6E74656E743D0D0A090D0A0D0A090D0A2661727469636C65446174612E636F707966726F6D3DE69DA5E6BA902661727469636C65446174612E72656C6174696F6E3D312C322C332C2661727469636C65446174612E616C6C6F77436F6D6D656E743D3126706F7369644C6973743D32265F706F7369644C6973743D6F6E26637265617465446174653D323031332D30352D32372030383A30303A30302664656C466C61673D3026637573746F6D436F6E74656E74566965773D2676696577436F6E6669673D, '');
INSERT INTO `sys_log` VALUES ('11409486dffe466fa46335c0e4a18452', '1', '1', '2016-02-11 17:02:45', '127.0.0.1', 'Mozilla/5.0 (Windows NT 6.1; WOW64) AppleWebKit/537.36 (KHTML, like Gecko) Chrome/48.0.2564.97 Safari/537.36', '/jeesite/a/cms/comment/save', 'GET', 0x69643D6363356430623266353161663461633638343730636366303738333463373533, '');
INSERT INTO `sys_log` VALUES ('c60c0f613be84ed5a7ae903bfa3f96ea', '1', '1', '2016-02-11 17:06:03', '127.0.0.1', 'Mozilla/5.0 (Windows NT 6.1; WOW64) AppleWebKit/537.36 (KHTML, like Gecko) Chrome/48.0.2564.97 Safari/537.36', '/jeesite/a/cms/comment/delete', 'GET', 0x69643D6633343930326131633766373439333962363237356638393239393065356338, '');
INSERT INTO `sys_log` VALUES ('69ef429927c045a99f8686072d4d35bc', '1', '1', '2016-02-11 17:21:25', '127.0.0.1', 'Mozilla/5.0 (Windows NT 6.1; WOW64) AppleWebKit/537.36 (KHTML, like Gecko) Chrome/48.0.2564.97 Safari/537.36', '/jeesite/a/exam/save', 'POST', 0x69643D31303226636C6173736966793D31267469746C653DE4BB80E4B988E6A0B7E79A84E5ADA9E5AD90E698AFE5A5BDE5ADA9E5AD90EFBC9F0D0A41EFBC9AE788B1E5ADA6E4B9A0E79A84200D0A42EFBC9AE788B1E58AB3E58AA8E79A84200D0A43EFBC9AE8AEA8E4BABAE5969CE6ACA2E79A84200D0A44EFBC9AE6BC82E4BAAEE79A8426696D6167653D2F6A6565736974652F7573657266696C65732F312F5F7468756D62732F696D616765732F636D732F61727469636C652F323031362F30322F422F7573657266696C65732F312F5F7468756D62732F696D616765732F636D732F61727469636C652F2E2E2E26616E737765723D41266465736372697074696F6E3DE8BF99E698AFE4B880E4B8AAE6B58BE8AF95E9A298E79BAEE38082, '');
INSERT INTO `sys_log` VALUES ('2f18494ecb07417c80f32bcc5b7ecc5f', '1', '1', '2016-02-11 17:21:48', '127.0.0.1', 'Mozilla/5.0 (Windows NT 6.1; WOW64) AppleWebKit/537.36 (KHTML, like Gecko) Chrome/48.0.2564.97 Safari/537.36', '/jeesite/a/exam/save', 'POST', 0x69643D31303226636C6173736966793D31267469746C653DE4BB80E4B988E6A0B7E79A84E5ADA9E5AD90E698AFE5A5BDE5ADA9E5AD90EFBC9F0D0A41EFBC9AE788B1E5ADA6E4B9A0E79A84200D0A42EFBC9AE788B1E58AB3E58AA8E79A84200D0A43EFBC9AE8AEA8E4BABAE5969CE6ACA2E79A84200D0A44EFBC9AE6BC82E4BAAEE79A8426696D6167653D2F6A6565736974652F7573657266696C65732F312F5F7468756D62732F696D616765732F6C6F67696E2D6261636B67726F756E642E6A706726616E737765723D41266465736372697074696F6E3DE8BF99E698AFE4B880E4B8AAE6B58BE8AF95E9A298E79BAEE38082, '');
INSERT INTO `sys_log` VALUES ('09968863872241f09448dbca11d0f0a7', '1', '1', '2016-02-11 17:23:38', '127.0.0.1', 'Mozilla/5.0 (Windows NT 6.1; WOW64) AppleWebKit/537.36 (KHTML, like Gecko) Chrome/48.0.2564.97 Safari/537.36', '/jeesite/a/exam/save', 'POST', 0x69643D3126636C6173736966793D33267469746C653DE8AF9DE8AFB4E8A5BFE6B8B8E8AEB0EFBC9F26696D6167653D2F6A6565736974652F7573657266696C65732F312F5F7468756D62732F696D616765732F6C6F67696E2D6261636B67726F756E642E6A706726616E737765723DE8A5BFE6B8B8E8AEB0E698AFE4B880E4B8AAE7BB8FE585B8E4BCA0E5A587E38082266465736372697074696F6E3DE6B58BE8AF95E7AE80E7AD94E9A298, '');
INSERT INTO `sys_log` VALUES ('94bfd6da7d0f43f4923246f183bac6b9', '1', '1', '2016-02-11 23:18:57', '127.0.0.1', 'Mozilla/5.0 (Windows NT 6.1; WOW64) AppleWebKit/537.36 (KHTML, like Gecko) Chrome/48.0.2564.97 Safari/537.36', '/jeesite/a/sys/menu/updateSort', 'POST', 0x6964733D366164363362663038313232346431386137653461626636393439383937633526736F7274733D313030, '');
INSERT INTO `sys_log` VALUES ('3acf4d1f2d9e4a4d9a10cae437d2be75', '1', '1', '2016-02-11 23:29:28', '127.0.0.1', 'Mozilla/5.0 (Windows NT 6.1; WOW64) AppleWebKit/537.36 (KHTML, like Gecko) Chrome/48.0.2564.97 Safari/537.36', '/jeesite/a/cms/article/save', 'POST', 0x69643D32372663617465676F72792E69643D31312663617465676F72792E6E616D653DE7BD91E7BB9CE5B7A5E585B7267469746C653D476F6F676C65E6B58FE8A788E599A8E4BC98E58C96E4BD93E9AA8C26636F6C6F723D266C696E6B3D266B6579776F7264733D476F6F676C652CE4BC98E58C96E4BD93E9AA8C267765696768743D39393926776569676874446174653D323031362D30322D3239266465736372697074696F6E3D476F6F676C65E6B58FE8A788E599A8E9809AE8BF87E4BDBFE794A8E68F92E4BBB6E69DA5E4BC98E58C96E4BD93E9AA8C26696D6167653D2F6A6565736974652F7573657266696C65732F312F5F7468756D62732F696D616765732F6C6F67696E2D6261636B67726F756E642E6A70672661727469636C65446174612E636F6E74656E743D0D0A09E4B88BE8BDBD476F6F676C65E6B58FE8A788E599A8E68F92E4BBB6EFBC8CE9809AE8BF87E68B96E68BBDE588B0E6B58FE8A788E599A8E79A84E696B9E5BC8FE5AE8CE68890E68F92E4BBB6E79A84E5AE89E8A385E380820D0A0D0A09E68F92E4BBB6E5AE89E8A385E68890E58A9FE6B58BE8AF95EFBC9AE59CA8E68891E79A84E7BD91E79B982E2E2E2661727469636C65446174612E636F707966726F6D3DE69DA5E6BA902661727469636C65446174612E72656C6174696F6E3D312C322C332C2661727469636C65446174612E616C6C6F77436F6D6D656E743D3126706F7369644C6973743D31265F706F7369644C6973743D6F6E26637265617465446174653D323031362D30322D31312032333A32393A31372664656C466C61673D3026637573746F6D436F6E74656E74566965773D2676696577436F6E6669673D, '');
INSERT INTO `sys_log` VALUES ('e9e9380c805741e3a81343c920dc5c61', '1', '1', '2016-02-11 23:30:54', '127.0.0.1', 'Mozilla/5.0 (Windows NT 6.1; WOW64) AppleWebKit/537.36 (KHTML, like Gecko) Chrome/48.0.2564.97 Safari/537.36', '/jeesite/a/cms/article/save', 'POST', 0x69643D32372663617465676F72792E69643D31312663617465676F72792E6E616D653DE7BD91E7BB9CE5B7A5E585B7267469746C653D476F6F676C65E6B58FE8A788E599A8E4BC98E58C96E4BD93E9AA8C26636F6C6F723D266C696E6B3D266B6579776F7264733D476F6F676C652CE4BC98E58C96E4BD93E9AA8C267765696768743D39393926776569676874446174653D323031362D30322D3239266465736372697074696F6E3D476F6F676C65E6B58FE8A788E599A8E9809AE8BF87E4BDBFE794A8E68F92E4BBB6E69DA5E4BC98E58C96E4BD93E9AA8C26696D6167653D2F6A6565736974652F7573657266696C65732F312F5F7468756D62732F696D616765732F6C6F67696E2D6261636B67726F756E642E6A70672661727469636C65446174612E636F6E74656E743D0D0A09E4B88BE8BDBD476F6F676C65E6B58FE8A788E599A8E68F92E4BBB6EFBC8CE9809AE8BF87E68B96E68BBDE588B0E6B58FE8A788E599A8E79A84E696B9E5BC8FE5AE8CE68890E68F92E4BBB6E79A84E5AE89E8A385E380820D0A0D0A09E68F92E4BBB6E5AE89E8A385E68890E58A9FE6B58BE8AF95EFBC9AE59CA8E68891E79A84E7BD91E79B982E2E2E2661727469636C65446174612E636F707966726F6D3DE69DA5E6BA902661727469636C65446174612E72656C6174696F6E3D312C322C332C2661727469636C65446174612E616C6C6F77436F6D6D656E743D3126706F7369644C6973743D31265F706F7369644C6973743D6F6E26637265617465446174653D323031362D30322D31312032333A32393A31372664656C466C61673D3026637573746F6D436F6E74656E74566965773D2676696577436F6E6669673D, '');
INSERT INTO `sys_log` VALUES ('cb9efdfa5b8f4c90ab78938958c825a9', '1', '1', '2016-02-11 23:31:52', '127.0.0.1', 'Mozilla/5.0 (Windows NT 6.1; WOW64) AppleWebKit/537.36 (KHTML, like Gecko) Chrome/48.0.2564.97 Safari/537.36', '/jeesite/a/cms/comment/save', 'GET', 0x69643D3136333735366364353862363433396239653437313962336637303466383362, '');
INSERT INTO `sys_log` VALUES ('06092908598e4d9eb52b85ea727eb766', '1', '1', '2016-02-11 23:32:38', '127.0.0.1', 'Mozilla/5.0 (Windows NT 6.1; WOW64) AppleWebKit/537.36 (KHTML, like Gecko) Chrome/48.0.2564.97 Safari/537.36', '/jeesite/a/cms/comment/save', 'GET', 0x69643D6164666662353462646239313466666138663333656462613631633062333630, '');
INSERT INTO `sys_log` VALUES ('33e87ba566e7407d8b9d05737f8a922d', '1', '1', '2016-02-11 23:36:29', '127.0.0.1', 'Mozilla/5.0 (Windows NT 6.1; WOW64) AppleWebKit/537.36 (KHTML, like Gecko) Chrome/48.0.2564.97 Safari/537.36', '/jeesite/a/cms/article/save', 'POST', 0x69643D32372663617465676F72792E69643D31312663617465676F72792E6E616D653DE7BD91E7BB9CE5B7A5E585B7267469746C653D476F6F676C65E6B58FE8A788E599A8E4BC98E58C96E4BD93E9AA8C26636F6C6F723D266C696E6B3D266B6579776F7264733D476F6F676C652CE4BC98E58C96E4BD93E9AA8C267765696768743D39393926776569676874446174653D323031362D30322D3239266465736372697074696F6E3D476F6F676C65E6B58FE8A788E599A8E9809AE8BF87E4BDBFE794A8E68F92E4BBB6E69DA5E4BC98E58C96E4BD93E9AA8C26696D6167653D2F6A6565736974652F7573657266696C65732F312F5F7468756D62732F696D616765732F6C6F67696E2D6261636B67726F756E642E6A70672661727469636C65446174612E636F6E74656E743D0D0A09E4B88BE8BDBD476F6F676C65E6B58FE8A788E599A8E68F92E4BBB6EFBC8CE9809AE8BF87E68B96E68BBDE588B0E6B58FE8A788E599A8E79A84E696B9E5BC8FE5AE8CE68890E68F92E4BBB6E79A84E5AE89E8A385E380820D0A0D0A09E68F92E4BBB6E5AE89E8A385E68890E58A9FE6B58BE8AF95EFBC9AE59CA8E68891E79A84E7BD91E79B982E2E2E2661727469636C65446174612E636F707966726F6D3DE69DA5E6BA902661727469636C65446174612E72656C6174696F6E3D312C322C332C2661727469636C65446174612E616C6C6F77436F6D6D656E743D3126706F7369644C6973743D31265F706F7369644C6973743D6F6E26637265617465446174653D323031362D30322D31312032333A32393A31372664656C466C61673D3026637573746F6D436F6E74656E74566965773D2676696577436F6E6669673D, '');
INSERT INTO `sys_log` VALUES ('cad4d2705da04fcc921582daadfdefe5', '1', '1', '2016-02-12 10:35:56', '127.0.0.1', 'Mozilla/5.0 (Windows NT 6.1; WOW64) AppleWebKit/537.36 (KHTML, like Gecko) Chrome/48.0.2564.97 Safari/537.36', '/jeesite/a/cms/article/save', 'POST', 0x69643D312663617465676F72792E69643D332663617465676F72792E6E616D653DE7BD91E7AB99E7AE80E4BB8B267469746C653DE7BD91E7AB99E7AE80E4BB8B3126636F6C6F723D726564266C696E6B3D266B6579776F7264733DE794B5E5BDB12CE587BAE78988E59586267765696768743D39393926776569676874446174653D266465736372697074696F6E3DE5B882E59CBAE697A5E6B890E7BAA2E781ABEFBC8CE696B0E5AFBCE6BC94E4B99FE69C89E4BA86E69BB4E5A49AE79A84E7A9BAE997B4EFBC8CE697A0E5A588E8BF99E4B8AAE69585E4BA8BE69CACE8BAABE7A88DE6958FE6849FEFBC8CE68980E4BBA5E8BF98E698AFE6B2A1E69C89E68890E58A9FE38082E68891E58F88E68A8AE8BF99E4B8AAE69585E4BA8BE586992E2E2E26696D6167653D2F6A6565736974652F7573657266696C65732F33303338613837386631353434656339613931396338663463663933353833322F5F7468756D62732F696D616765732F636D732F61727469636C652F323031362F30322F426169647553687572752E2E2E2661727469636C65446174612E636F6E74656E743D0D0A090D0A0909E5B882E59CBAE697A5E6B890E7BAA2E781ABEFBC8CE696B0E5AFBCE6BC94E4B99FE69C89E4BA86E69BB4E5A49AE79A84E7A9BAE997B4EFBC8CE697A0E5A588E8BF99E4B8AAE69585E4BA8BE69CACE8BAABE7A88DE6958FE6849FEFBC8CE68980E4BBA5E8BF98E698AFE6B2A1E69C89E68890E58A9FE38082E68891E58F88E68A8AE8BF99E4B8AA2E2E2E2661727469636C65446174612E636F707966726F6D3DE69DA5E6BA902661727469636C65446174612E72656C6174696F6E3D312C322C332C2661727469636C65446174612E616C6C6F77436F6D6D656E743D3126706F7369644C6973743D31265F706F7369644C6973743D6F6E26637265617465446174653D323031362D30322D30342031323A34393A35352664656C466C61673D3026637573746F6D436F6E74656E74566965773D2676696577436F6E6669673D, '');
INSERT INTO `sys_log` VALUES ('1a94c6ec867a4923b89b22cd02aa17cb', '1', '1', '2016-02-12 10:48:59', '127.0.0.1', 'Mozilla/5.0 (Windows NT 6.1; WOW64) AppleWebKit/537.36 (KHTML, like Gecko) Chrome/48.0.2564.97 Safari/537.36', '/jeesite/a/cms/category/save', 'POST', 0x69643D3234266F66666963652E69643D36266F66666963652E6E616D653DE7A094E58F91E983A826706172656E742E69643D3126706172656E742E6E616D653DE9A1B6E7BAA7E6A08FE79BAE266D6F64756C653D266E616D653D4A65655349746520E8AEBAE59D9B26696D6167653D26687265663D687474703A2F2F7777772E62616964752E636F6D267461726765743D5F626C616E6B266465736372697074696F6E3D266B6579776F7264733D26736F72743D393026696E4D656E753D3126696E4C6973743D312673686F774D6F6465733D3026616C6C6F77436F6D6D656E743D3026697341756469743D3126637573746F6D4C697374566965773D26637573746F6D436F6E74656E74566965773D2676696577436F6E6669673D, '');
INSERT INTO `sys_log` VALUES ('17b322b455244d81b5516566df7e08d3', '1', '1', '2016-02-12 10:49:34', '127.0.0.1', 'Mozilla/5.0 (Windows NT 6.1; WOW64) AppleWebKit/537.36 (KHTML, like Gecko) Chrome/48.0.2564.97 Safari/537.36', '/jeesite/a/cms/category/save', 'POST', 0x69643D3234266F66666963652E69643D36266F66666963652E6E616D653DE7A094E58F91E983A826706172656E742E69643D3126706172656E742E6E616D653DE9A1B6E7BAA7E6A08FE79BAE266D6F64756C653D266E616D653D4A65655369746520E8AEBAE59D9B26696D6167653D26687265663D687474703A2F2F7777772E62616964752E636F6D267461726765743D5F626C616E6B266465736372697074696F6E3D266B6579776F7264733D26736F72743D393026696E4D656E753D3126696E4C6973743D312673686F774D6F6465733D3026616C6C6F77436F6D6D656E743D3026697341756469743D3126637573746F6D4C697374566965773D26637573746F6D436F6E74656E74566965773D2676696577436F6E6669673D, '');
INSERT INTO `sys_log` VALUES ('53c1a59062384cf5bc866c944d000e1b', '1', '1', '2016-02-12 15:37:54', '127.0.0.1', 'Mozilla/5.0 (Windows NT 6.1; WOW64) AppleWebKit/537.36 (KHTML, like Gecko) Chrome/48.0.2564.97 Safari/537.36', '/jeesite/a/sys/menu/save', 'POST', 0x69643D626333306334663763663835343734613834373464373434613965623366366126706172656E742E69643D356135343762323332316332346532633832313330366138636231656338373026706172656E742E6E616D653DE69599E5B888E7ABAF266E616D653DE8AF95E9A298E7AEA1E7908626687265663D2F6578616D2F267461726765743D2669636F6E3D74682D6C69737426736F72743D333026697353686F773D3126697341637469766974693D30267065726D697373696F6E3D6578616D3A74656163686572, '');
INSERT INTO `sys_log` VALUES ('eaf6b21402ee4dbc83fe96265755deb8', '1', '1', '2016-02-12 15:38:47', '127.0.0.1', 'Mozilla/5.0 (Windows NT 6.1; WOW64) AppleWebKit/537.36 (KHTML, like Gecko) Chrome/48.0.2564.97 Safari/537.36', '/jeesite/a/sys/menu/save', 'POST', 0x69643D26706172656E742E69643D626333306334663763663835343734613834373464373434613965623366366126706172656E742E6E616D653DE8AF95E9A298E7AEA1E79086266E616D653DE8AF95E9A298E588A0E999A426687265663D267461726765743D2669636F6E3D26736F72743D333026697353686F773D3026697341637469766974693D30267065726D697373696F6E3D6578616D3A746561636865723A64656C657465, '');
INSERT INTO `sys_log` VALUES ('e88e8af5d3d347b09ed29035496e44ef', '1', '1', '2016-02-12 15:39:48', '127.0.0.1', 'Mozilla/5.0 (Windows NT 6.1; WOW64) AppleWebKit/537.36 (KHTML, like Gecko) Chrome/48.0.2564.97 Safari/537.36', '/jeesite/a/sys/menu/save', 'POST', 0x69643D663830393532626636623138343164656134343162333237363535303361383126706172656E742E69643D626333306334663763663835343734613834373464373434613965623366366126706172656E742E6E616D653DE8AF95E9A298E7AEA1E79086266E616D653DE588A0E999A426687265663D267461726765743D2669636F6E3D26736F72743D333026697353686F773D3026697341637469766974693D30267065726D697373696F6E3D6578616D3A746561636865723A64656C657465, '');
INSERT INTO `sys_log` VALUES ('01097e5ddec14d87a89b8d7ffe55f2bf', '1', '1', '2016-02-12 15:41:06', '127.0.0.1', 'Mozilla/5.0 (Windows NT 6.1; WOW64) AppleWebKit/537.36 (KHTML, like Gecko) Chrome/48.0.2564.97 Safari/537.36', '/jeesite/a/sys/menu/save', 'POST', 0x69643D26706172656E742E69643D626333306334663763663835343734613834373464373434613965623366366126706172656E742E6E616D653DE8AF95E9A298E7AEA1E79086266E616D653DE69FA5E79C8B26687265663D267461726765743D2669636F6E3D26736F72743D333026697353686F773D3026697341637469766974693D30267065726D697373696F6E3D6578616D3A746561636865723A76696577, '');
INSERT INTO `sys_log` VALUES ('44b6a1d9fb0d4333aa5d9923b1e916d2', '1', '1', '2016-02-12 15:41:32', '127.0.0.1', 'Mozilla/5.0 (Windows NT 6.1; WOW64) AppleWebKit/537.36 (KHTML, like Gecko) Chrome/48.0.2564.97 Safari/537.36', '/jeesite/a/sys/menu/save', 'POST', 0x69643D26706172656E742E69643D626333306334663763663835343734613834373464373434613965623366366126706172656E742E6E616D653DE8AF95E9A298E7AEA1E79086266E616D653DE4BFAEE694B926687265663D267461726765743D2669636F6E3D26736F72743D333026697353686F773D3026697341637469766974693D30267065726D697373696F6E3D6578616D3A746561636865723A65646974, '');
INSERT INTO `sys_log` VALUES ('63131f63c6c64cd7b46261d8fcd444d8', '1', '1', '2016-02-12 15:41:53', '127.0.0.1', 'Mozilla/5.0 (Windows NT 6.1; WOW64) AppleWebKit/537.36 (KHTML, like Gecko) Chrome/48.0.2564.97 Safari/537.36', '/jeesite/a/sys/menu/save', 'POST', 0x69643D626333306334663763663835343734613834373464373434613965623366366126706172656E742E69643D356135343762323332316332346532633832313330366138636231656338373026706172656E742E6E616D653DE69599E5B888E7ABAF266E616D653DE8AF95E9A298E7AEA1E7908626687265663D2F6578616D2F267461726765743D2669636F6E3D74682D6C69737426736F72743D333026697353686F773D3126697341637469766974693D30267065726D697373696F6E3D, '');
INSERT INTO `sys_log` VALUES ('ff1439860f494c75b19a81d10d5e0c5f', '1', '1', '2016-02-12 15:42:11', '127.0.0.1', 'Mozilla/5.0 (Windows NT 6.1; WOW64) AppleWebKit/537.36 (KHTML, like Gecko) Chrome/48.0.2564.97 Safari/537.36', '/jeesite/a/sys/menu/save', 'POST', 0x69643D356135343762323332316332346532633832313330366138636231656338373026706172656E742E69643D333638316462393031613161346235646138613563643137393961383838653126706172656E742E6E616D653DE59CA8E7BABFE88083E8AF95266E616D653DE69599E5B888E7ABAF26687265663D267461726765743D2669636F6E3D26736F72743D333026697353686F773D3126697341637469766974693D30267065726D697373696F6E3D6578616D3A74656163686572, '');
INSERT INTO `sys_log` VALUES ('9d0f9f664fd741fb805158b92a038ae6', '1', '1', '2016-02-12 15:42:56', '127.0.0.1', 'Mozilla/5.0 (Windows NT 6.1; WOW64) AppleWebKit/537.36 (KHTML, like Gecko) Chrome/48.0.2564.97 Safari/537.36', '/jeesite/a/sys/menu/save', 'POST', 0x69643D383464303133633764373637343636626162633933643533613163323637623026706172656E742E69643D356135343762323332316332346532633832313330366138636231656338373026706172656E742E6E616D653DE69599E5B888E7ABAF266E616D653DE8AF95E58DB7E7AEA1E7908626687265663D2F6578616D2F7061706572267461726765743D2669636F6E3D62726965666361736526736F72743D343026697353686F773D3126697341637469766974693D30267065726D697373696F6E3D, '');
INSERT INTO `sys_log` VALUES ('597e3721e9e14db2a3bd2750f967fc8e', '1', '1', '2016-02-12 15:44:41', '127.0.0.1', 'Mozilla/5.0 (Windows NT 6.1; WOW64) AppleWebKit/537.36 (KHTML, like Gecko) Chrome/48.0.2564.97 Safari/537.36', '/jeesite/a/sys/role/save', 'POST', 0x69643D3564326331383162343063653434666261353461636139303365633030333731266F66666963652E69643D6561366236366566633566623464363861333638613130613565633264666264266F66666963652E6E616D653DE4B89CE58C97E794B5E58A9BE5A4A7E5ADA6266F6C644E616D653DE7BD91E7BB9CE7AEA1E79086E59198266E616D653DE7BD91E7BB9CE7AEA1E79086E59198266461746153636F70653D31266D656E754964733D312C36616436336266303831323234643138613765346162663639343938393763352C34646631656562623334623434333132613731323766656533376264633263342C31393238323564396235663734376461623635376431653534316432342E2E2E266F66666963654964733D, '');
INSERT INTO `sys_log` VALUES ('4eab89fc541d447087f87ddb05f9c890', '1', '3038a878f1544ec9a919c8f4cf935832', '2016-02-12 15:45:32', '127.0.0.1', 'Mozilla/5.0 (Windows NT 6.1; WOW64; rv:36.0) Gecko/20100101 Firefox/36.0', '/jeesite/a/exam/delete', 'GET', 0x69643D313032, '');
INSERT INTO `sys_log` VALUES ('9bf2d16ea9df4e1499c46062d4d41933', '1', '1', '2016-02-12 15:47:09', '127.0.0.1', 'Mozilla/5.0 (Windows NT 6.1; WOW64) AppleWebKit/537.36 (KHTML, like Gecko) Chrome/48.0.2564.97 Safari/537.36', '/jeesite/a/sys/menu/save', 'POST', 0x69643D356135343762323332316332346532633832313330366138636231656338373026706172656E742E69643D333638316462393031613161346235646138613563643137393961383838653126706172656E742E6E616D653DE59CA8E7BABFE88083E8AF95266E616D653DE69599E5B888E7ABAF26687265663D267461726765743D2669636F6E3D26736F72743D333026697353686F773D3126697341637469766974693D30267065726D697373696F6E3D6578616D3A746561636865723A76696577, '');
INSERT INTO `sys_log` VALUES ('e667334a3494467abe49c15419b881c1', '1', '1', '2016-02-12 15:49:10', '127.0.0.1', 'Mozilla/5.0 (Windows NT 6.1; WOW64) AppleWebKit/537.36 (KHTML, like Gecko) Chrome/48.0.2564.97 Safari/537.36', '/jeesite/a/sys/menu/save', 'POST', 0x69643D356135343762323332316332346532633832313330366138636231656338373026706172656E742E69643D333638316462393031613161346235646138613563643137393961383838653126706172656E742E6E616D653DE59CA8E7BABFE88083E8AF95266E616D653DE69599E5B888E7ABAF26687265663D267461726765743D2669636F6E3D26736F72743D333026697353686F773D3126697341637469766974693D30267065726D697373696F6E3D, '');
INSERT INTO `sys_log` VALUES ('8b4f18b9ea3e4c2f83726d143ecef4fb', '1', '1', '2016-02-12 15:50:26', '127.0.0.1', 'Mozilla/5.0 (Windows NT 6.1; WOW64) AppleWebKit/537.36 (KHTML, like Gecko) Chrome/48.0.2564.97 Safari/537.36', '/jeesite/a/sys/role/save', 'POST', 0x69643D3564326331383162343063653434666261353461636139303365633030333731266F66666963652E69643D6561366236366566633566623464363861333638613130613565633264666264266F66666963652E6E616D653DE4B89CE58C97E794B5E58A9BE5A4A7E5ADA6266F6C644E616D653DE7BD91E7BB9CE7AEA1E79086E59198266E616D653DE7BD91E7BB9CE7AEA1E79086E59198266461746153636F70653D31266D656E754964733D312C36616436336266303831323234643138613765346162663639343938393763352C34646631656562623334623434333132613731323766656533376264633263342C31393238323564396235663734376461623635376431653534316432342E2E2E266F66666963654964733D, '');
INSERT INTO `sys_log` VALUES ('0dbbe18272ff404e92a26d938ac9c6ae', '1', '1', '2016-02-12 15:54:25', '127.0.0.1', 'Mozilla/5.0 (Windows NT 6.1; WOW64) AppleWebKit/537.36 (KHTML, like Gecko) Chrome/48.0.2564.97 Safari/537.36', '/jeesite/a/sys/menu/save', 'POST', 0x69643D663830393532626636623138343164656134343162333237363535303361383126706172656E742E69643D626333306334663763663835343734613834373464373434613965623366366126706172656E742E6E616D653DE8AF95E9A298E7AEA1E79086266E616D653DE588A0E999A426687265663D267461726765743D2669636F6E3D26736F72743D333026697353686F773D3026697341637469766974693D30267065726D697373696F6E3D6578616D3A746561636865723A65646974, '');
INSERT INTO `sys_log` VALUES ('6633ac1ef1db4902936ad6ea5b75012e', '1', '1', '2016-02-12 15:55:29', '127.0.0.1', 'Mozilla/5.0 (Windows NT 6.1; WOW64) AppleWebKit/537.36 (KHTML, like Gecko) Chrome/48.0.2564.97 Safari/537.36', '/jeesite/a/sys/role/save', 'POST', 0x69643D3564326331383162343063653434666261353461636139303365633030333731266F66666963652E69643D6561366236366566633566623464363861333638613130613565633264666264266F66666963652E6E616D653DE4B89CE58C97E794B5E58A9BE5A4A7E5ADA6266F6C644E616D653DE7BD91E7BB9CE7AEA1E79086E59198266E616D653DE7BD91E7BB9CE7AEA1E79086E59198266461746153636F70653D31266D656E754964733D312C36616436336266303831323234643138613765346162663639343938393763352C34646631656562623334623434333132613731323766656533376264633263342C31393238323564396235663734376461623635376431653534316432342E2E2E266F66666963654964733D, '');
INSERT INTO `sys_log` VALUES ('bb0b596adf00479792bf1d352e5b2a3d', '1', '1', '2016-02-12 15:55:51', '127.0.0.1', 'Mozilla/5.0 (Windows NT 6.1; WOW64) AppleWebKit/537.36 (KHTML, like Gecko) Chrome/48.0.2564.97 Safari/537.36', '/jeesite/a/sys/menu/delete', 'GET', 0x69643D6638303935326266366231383431646561343431623332373635353033613831, '');
INSERT INTO `sys_log` VALUES ('7408e61367144e4eb29af260b6937463', '2', '3038a878f1544ec9a919c8f4cf935832', '2016-02-12 16:02:39', '127.0.0.1', 'Mozilla/5.0 (Windows NT 6.1; WOW64) AppleWebKit/537.36 (KHTML, like Gecko) Chrome/48.0.2564.97 Safari/537.36', '/jeesite/a/exam/', 'POST', 0x706167654E6F3D267061676553697A653D266F7264657242793D6E616D6520415343266372656174654461746553746172743D2663726561746544617465456E643D, 0x6F72672E68696265726E6174652E5175657279457863657074696F6E3A20636F756C64206E6F74207265736F6C76652070726F70657274793A206E616D65206F663A20636F6D2E7468696E6B67656D2E6A6565736974652E6D6F64756C65732E6578616D2E656E746974792E4578616D696E65);
INSERT INTO `sys_log` VALUES ('4bbaf160e9334b2a81e07de9d2cb7117', '1', '1', '2016-02-12 16:25:45', '127.0.0.1', 'Mozilla/5.0 (Windows NT 6.1; WOW64) AppleWebKit/537.36 (KHTML, like Gecko) Chrome/48.0.2564.97 Safari/537.36', '/jeesite/a/oa/leave/save', 'POST', 0x69643D266C65617665547970653D3226737461727454696D653D323031362D30322D31322031363A32353A333626656E6454696D653D323031362D30322D31322031363A32353A333826726561736F6E3D68616861, '');
INSERT INTO `sys_log` VALUES ('0cd830109f494621a78a8c9fbb83ba25', '1', '1', '2016-02-12 17:42:19', '127.0.0.1', 'Mozilla/5.0 (Windows NT 6.1; WOW64) AppleWebKit/537.36 (KHTML, like Gecko) Chrome/48.0.2564.97 Safari/537.36', '/jeesite/a/exam/paper/save', 'POST', 0x69643D266E616D653DE6B58BE8AF95312672656D61726B733DE6B58BE8AF9531, '');
INSERT INTO `sys_log` VALUES ('e4aca3ede590410995b0b6352ce5f6b8', '2', '1', '2016-02-12 17:50:25', '127.0.0.1', 'Mozilla/5.0 (Windows NT 6.1; WOW64) AppleWebKit/537.36 (KHTML, like Gecko) Chrome/48.0.2564.97 Safari/537.36', '/jeesite/a/exam/paper', 'GET', '', 0x6F72672E6170616368652E6A61737065722E4A6173706572457863657074696F6E3A206F72672E6170616368652E6A61737065722E4A6173706572457863657074696F6E3A20556E61626C6520746F20636F6D70696C6520636C61737320666F72204A5350);
INSERT INTO `sys_log` VALUES ('fecf871da16a44b191b2115450648a75', '2', '1', '2016-02-12 19:57:36', '127.0.0.1', 'Mozilla/5.0 (Windows NT 6.1; WOW64) AppleWebKit/537.36 (KHTML, like Gecko) Chrome/48.0.2564.97 Safari/537.36', '/jeesite/f', 'GET', '', 0x6F72672E6170616368652E6A61737065722E4A6173706572457863657074696F6E3A20416E20657863657074696F6E206F636375727265642070726F63657373696E67204A53502070616765202F5745422D494E462F76696577732F6D6F64756C65732F636D732F66726F6E742F7468656D65732F62617369632F66726F6E74496E6465782E6A7370206174206C696E652032380D0A0D0A32353A20202020203C212D2D6361726F7573656C206974656D732D2D3E0D0A32363A20202020203C64697620636C6173733D226361726F7573656C2D696E6E6572223E0D0A32373A2020202020202020203C633A666F7245616368206974656D733D22247B666E633A676574496E64657841727469636C654C6973742835297D22207661723D2261727469636C6522207661725374617475733D22737461747573223E0D0A32383A202020202020202020202020203C633A7768656E20746573743D22247B7374617475732E66697273747D223E0D0A32393A20202020202020202020202020202020203C64697620636C6173733D22616374697665206974656D223E0D0A33303A2020202020202020202020202020202020202020203C696D67207372633D22247B70616765436F6E746578742E726571756573742E636F6E74657874506174687D247B61727469636C652E696D6167657D22207374796C653D2277696474683A2039343070783B6865696768743A203335307078220D0A33313A2020202020202020202020202020202020202020202020202020636C6173733D22696D672D726F756E6465642220616C743D22247B61727469636C652E7469746C657D222F3E0D0A0D0A0D0A537461636B74726163653A);
INSERT INTO `sys_log` VALUES ('bbb71c5a468f480e9ace5fbcfab5ebe8', '1', '1', '2016-02-12 20:00:08', '127.0.0.1', 'Mozilla/5.0 (Windows NT 6.1; WOW64) AppleWebKit/537.36 (KHTML, like Gecko) Chrome/48.0.2564.97 Safari/537.36', '/jeesite/a/cms/article/save', 'POST', 0x69643D37316465373034633632656434623166613064383734633932363066633431632663617465676F72792E69643D332663617465676F72792E6E616D653DE7BD91E7AB99E7AE80E4BB8B267469746C653DE7BD91E7AB9926636F6C6F723D79656C6C6F77266C696E6B3D266B6579776F7264733DE7BD91E7AB99E7AE80E4BB8B32267765696768743D3026776569676874446174653D323031362D30322D3035266465736372697074696F6E3DE7BD91E7AB99E7AE80E4BB8B26696D6167653D2F6A6565736974652F7573657266696C65732F312F5F7468756D62732F696D616765732F636D732F61727469636C652F323031362F30322F4261696475536875727566615F323031362D322D345F31322D31382D31382E6A70672661727469636C65446174612E636F6E74656E743D0D0A090D0A0D0A090D0A09090D0A0909090D0A09090909C2A00D0A0909090D0A09090909C2A00D0A09090D0A09090D0A0909090D0A09090909C2A00D0A0909090D0A09090909C2A00D0A09090D0A09090D0A0909090D0A09090909C2A00D0A0909090D0A09092E2E2E2661727469636C65446174612E636F707966726F6D3D2661727469636C65446174612E72656C6174696F6E3D2661727469636C65446174612E616C6C6F77436F6D6D656E743D3126706F7369644C6973743D31265F706F7369644C6973743D6F6E26637265617465446174653D323031362D30322D30342031333A30333A34302664656C466C61673D3026637573746F6D436F6E74656E74566965773D2676696577436F6E6669673D, '');
INSERT INTO `sys_log` VALUES ('c89ce7c7126d4fcaabcd5885bc923644', '1', '1', '2016-02-12 20:01:05', '127.0.0.1', 'Mozilla/5.0 (Windows NT 6.1; WOW64) AppleWebKit/537.36 (KHTML, like Gecko) Chrome/48.0.2564.97 Safari/537.36', '/jeesite/a/cms/article/save', 'POST', 0x69643D32372663617465676F72792E69643D31312663617465676F72792E6E616D653DE7BD91E7BB9CE5B7A5E585B7267469746C653D476F6F676C65E6B58FE8A788E599A8E9809AE8BF87E4BDBFE794A8E68F92E4BBB6E69DA5E4BC98E58C96E4BD93E9AA8C26636F6C6F723D266C696E6B3D266B6579776F7264733D476F6F676C652CE4BC98E58C96E4BD93E9AA8C267765696768743D39393926776569676874446174653D323031362D30322D3239266465736372697074696F6E3D476F6F676C65E6B58FE8A788E599A8E9809AE8BF87E4BDBFE794A8E68F92E4BBB6E69DA5E4BC98E58C96E4BD93E9AA8C26696D6167653D2F6A6565736974652F7573657266696C65732F312F5F7468756D62732F696D616765732F6C6F67696E2D6261636B67726F756E642E6A70672661727469636C65446174612E636F6E74656E743D0D0A09E4B88BE8BDBD476F6F676C65E6B58FE8A788E599A8E68F92E4BBB6EFBC8CE9809AE8BF87E68B96E68BBDE588B0E6B58FE8A788E599A8E79A84E696B9E5BC8FE5AE8CE68890E68F92E4BBB6E79A84E5AE89E8A385E380820D0A0D0A09E68F92E4BBB6E5AE89E8A385E68890E58A9FE6B58BE8AF95EFBC9AE59CA8E68891E79A84E7BD91E79B982E2E2E2661727469636C65446174612E636F707966726F6D3DE69DA5E6BA902661727469636C65446174612E72656C6174696F6E3D312C322C332C2661727469636C65446174612E616C6C6F77436F6D6D656E743D3126706F7369644C6973743D31265F706F7369644C6973743D6F6E26637265617465446174653D323031362D30322D31312032333A32393A31372664656C466C61673D3026637573746F6D436F6E74656E74566965773D2676696577436F6E6669673D, '');
INSERT INTO `sys_log` VALUES ('53d1206d8b444d05810017d807d29c11', '1', '1', '2016-02-12 20:02:23', '127.0.0.1', 'Mozilla/5.0 (Windows NT 6.1; WOW64) AppleWebKit/537.36 (KHTML, like Gecko) Chrome/48.0.2564.97 Safari/537.36', '/jeesite/a/cms/category/save', 'POST', 0x69643D3234266F66666963652E69643D36266F66666963652E6E616D653DE7A094E58F91E983A826706172656E742E69643D3126706172656E742E6E616D653DE9A1B6E7BAA7E6A08FE79BAE266D6F64756C653D266E616D653D4A656553697465E8AEBAE59D9B26696D6167653D26687265663D687474703A2F2F7777772E62616964752E636F6D267461726765743D5F626C616E6B266465736372697074696F6E3D266B6579776F7264733D26736F72743D393026696E4D656E753D3126696E4C6973743D312673686F774D6F6465733D3026616C6C6F77436F6D6D656E743D3026697341756469743D3126637573746F6D4C697374566965773D26637573746F6D436F6E74656E74566965773D2676696577436F6E6669673D, '');
INSERT INTO `sys_log` VALUES ('e066cd12cf3c4cbf909137cea99b1877', '1', '1', '2016-02-12 20:03:19', '127.0.0.1', 'Mozilla/5.0 (Windows NT 6.1; WOW64) AppleWebKit/537.36 (KHTML, like Gecko) Chrome/48.0.2564.97 Safari/537.36', '/jeesite/a/cms/category/save', 'POST', 0x69643D3234266F66666963652E69643D36266F66666963652E6E616D653DE7A094E58F91E983A826706172656E742E69643D3126706172656E742E6E616D653DE9A1B6E7BAA7E6A08FE79BAE266D6F64756C653D266E616D653DE8AEBAE59D9B26696D6167653D26687265663D687474703A2F2F7777772E62616964752E636F6D267461726765743D266465736372697074696F6E3D266B6579776F7264733D26736F72743D393026696E4D656E753D3126696E4C6973743D312673686F774D6F6465733D3026616C6C6F77436F6D6D656E743D3026697341756469743D3126637573746F6D4C697374566965773D26637573746F6D436F6E74656E74566965773D2676696577436F6E6669673D, '');
INSERT INTO `sys_log` VALUES ('d840930c91934d6b8e0a82f7db13e635', '1', '1', '2016-02-12 20:16:09', '127.0.0.1', 'Mozilla/5.0 (Windows NT 6.1; WOW64) AppleWebKit/537.36 (KHTML, like Gecko) Chrome/48.0.2564.97 Safari/537.36', '/jeesite/a/cms/article/save', 'POST', 0x69643D312663617465676F72792E69643D332663617465676F72792E6E616D653DE7BD91E7AB99E7AE80E4BB8B267469746C653DE7BD91E7AB99E7AE80E4BB8B3126636F6C6F723D726564266C696E6B3D266B6579776F7264733DE794B5E5BDB12CE587BAE78988E59586267765696768743D39393926776569676874446174653D266465736372697074696F6E3DE5B882E59CBAE697A5E6B890E7BAA2E781ABEFBC8CE696B0E5AFBCE6BC94E4B99FE69C89E4BA86E69BB4E5A49AE79A84E7A9BAE997B4EFBC8CE697A0E5A588E8BF99E4B8AAE69585E4BA8BE69CACE8BAABE7A88DE6958FE6849FEFBC8CE68980E4BBA5E8BF98E698AFE6B2A1E69C89E68890E58A9FE38082E68891E58F88E68A8AE8BF99E4B8AAE69585E4BA8BE586992E2E2E26696D6167653D2F6A6565736974652F7573657266696C65732F312F5F7468756D62732F696D616765732F2545352541342541392545372541392542412E706E672661727469636C65446174612E636F6E74656E743D0D0A090D0A0909E5B882E59CBAE697A5E6B890E7BAA2E781ABEFBC8CE696B0E5AFBCE6BC94E4B99FE69C89E4BA86E69BB4E5A49AE79A84E7A9BAE997B4EFBC8CE697A0E5A588E8BF99E4B8AAE69585E4BA8BE69CACE8BAABE7A88DE6958FE6849FEFBC8CE68980E4BBA5E8BF98E698AFE6B2A1E69C89E68890E58A9FE38082E68891E58F88E68A8AE8BF99E4B8AA2E2E2E2661727469636C65446174612E636F707966726F6D3DE69DA5E6BA902661727469636C65446174612E72656C6174696F6E3D312C322C332C2661727469636C65446174612E616C6C6F77436F6D6D656E743D3126706F7369644C6973743D31265F706F7369644C6973743D6F6E26637265617465446174653D323031362D30322D30342031323A34393A35352664656C466C61673D3026637573746F6D436F6E74656E74566965773D2676696577436F6E6669673D, '');
INSERT INTO `sys_log` VALUES ('698df5f7310344a48624ca675c869329', '1', '1', '2016-02-12 20:16:47', '127.0.0.1', 'Mozilla/5.0 (Windows NT 6.1; WOW64) AppleWebKit/537.36 (KHTML, like Gecko) Chrome/48.0.2564.97 Safari/537.36', '/jeesite/a/cms/article/save', 'POST', 0x69643D37316465373034633632656434623166613064383734633932363066633431632663617465676F72792E69643D332663617465676F72792E6E616D653DE7BD91E7AB99E7AE80E4BB8B267469746C653DE7BD91E7AB9926636F6C6F723D79656C6C6F77266C696E6B3D266B6579776F7264733DE7BD91E7AB99E7AE80E4BB8B32267765696768743D3026776569676874446174653D323031362D30322D3035266465736372697074696F6E3DE7BD91E7AB99E7AE80E4BB8B26696D6167653D2F6A6565736974652F7573657266696C65732F312F5F7468756D62732F696D616765732F5562756E7475253230283230292E6A70672661727469636C65446174612E636F6E74656E743D0D0A090D0A0D0A090D0A09090D0A0909090D0A09090909C2A00D0A0909090D0A09090909C2A00D0A09090D0A09090D0A0909090D0A09090909C2A00D0A0909090D0A09090909C2A00D0A09090D0A09090D0A0909090D0A09090909C2A00D0A0909090D0A09092E2E2E2661727469636C65446174612E636F707966726F6D3D2661727469636C65446174612E72656C6174696F6E3D2661727469636C65446174612E616C6C6F77436F6D6D656E743D3126706F7369644C6973743D31265F706F7369644C6973743D6F6E26637265617465446174653D323031362D30322D30342031333A30333A34302664656C466C61673D3026637573746F6D436F6E74656E74566965773D2676696577436F6E6669673D, '');
INSERT INTO `sys_log` VALUES ('613a4fd217ee4e9681af3b452d031e08', '1', '1', '2016-02-12 20:17:37', '127.0.0.1', 'Mozilla/5.0 (Windows NT 6.1; WOW64) AppleWebKit/537.36 (KHTML, like Gecko) Chrome/48.0.2564.97 Safari/537.36', '/jeesite/a/cms/article/save', 'POST', 0x69643D312663617465676F72792E69643D332663617465676F72792E6E616D653DE7BD91E7AB99E7AE80E4BB8B267469746C653DE7BD91E7AB99E7AE80E4BB8B3126636F6C6F723D726564266C696E6B3D266B6579776F7264733DE794B5E5BDB12CE587BAE78988E59586267765696768743D39393926776569676874446174653D266465736372697074696F6E3DE5B882E59CBAE697A5E6B890E7BAA2E781ABEFBC8CE696B0E5AFBCE6BC94E4B99FE69C89E4BA86E69BB4E5A49AE79A84E7A9BAE997B4EFBC8CE697A0E5A588E8BF99E4B8AAE69585E4BA8BE69CACE8BAABE7A88DE6958FE6849FEFBC8CE68980E4BBA5E8BF98E698AFE6B2A1E69C89E68890E58A9FE38082E68891E58F88E68A8AE8BF99E4B8AAE69585E4BA8BE586992E2E2E26696D6167653D2F6A6565736974652F7573657266696C65732F312F5F7468756D62732F696D616765732F2545352541342541392545372541392542412E706E672661727469636C65446174612E636F6E74656E743D0D0A090D0A0909C2A00D0A090D0A0909C2A00D0A090D0A0909E5B882E59CBAE697A5E6B890E7BAA2E781ABEFBC8CE696B0E5AFBCE6BC94E4B99FE69C89E4BA86E69BB4E5A49AE79A84E7A9BAE997B4EFBC8CE697A0E5A588E8BF99E4B8AAE69585E4BA8BE69CACE8BAABE7A88DE6958FE6849FEFBC8CE68980E4BBA5E8BF98E698AFE6B2A1E69C892E2E2E2661727469636C65446174612E636F707966726F6D3DE69DA5E6BA902661727469636C65446174612E72656C6174696F6E3D312C322C332C2661727469636C65446174612E616C6C6F77436F6D6D656E743D3126706F7369644C6973743D31265F706F7369644C6973743D6F6E26637265617465446174653D323031362D30322D30342031323A34393A35352664656C466C61673D3026637573746F6D436F6E74656E74566965773D2676696577436F6E6669673D, '');
INSERT INTO `sys_log` VALUES ('57e64fd5888949858f0a41048ce23155', '1', '1', '2016-02-12 20:18:16', '127.0.0.1', 'Mozilla/5.0 (Windows NT 6.1; WOW64) AppleWebKit/537.36 (KHTML, like Gecko) Chrome/48.0.2564.97 Safari/537.36', '/jeesite/a/exam/save', 'POST', 0x69643D31303126636C6173736966793D33267469746C653DE8AF9DE8AFB4E8A5BFE6B8B8E8AEB0EFBC9F26696D6167653D2F6A6565736974652F7573657266696C65732F312F5F7468756D62732F696D616765732F2545352541342541392545372541392542412E706E6726616E737765723DE8A5BFE6B8B8E8AEB0E698AFE4B880E4B8AAE7BB8FE585B8E4BCA0E5A587E38082266465736372697074696F6E3DE6B58BE8AF95E7AE80E7AD94E9A298, '');
INSERT INTO `sys_log` VALUES ('011c42cc38e64348a1d3606448448bc4', '1', '1', '2016-02-12 20:18:29', '127.0.0.1', 'Mozilla/5.0 (Windows NT 6.1; WOW64) AppleWebKit/537.36 (KHTML, like Gecko) Chrome/48.0.2564.97 Safari/537.36', '/jeesite/a/exam/save', 'POST', 0x69643D313026636C6173736966793D33267469746C653DE8AF9DE8AFB4E8A5BFE6B8B8E8AEB0EFBC9F26696D6167653D2F6A6565736974652F7573657266696C65732F312F5F7468756D62732F696D616765732F31362E6A706726616E737765723DE8A5BFE6B8B8E8AEB0E698AFE4B880E4B8AAE7BB8FE585B8E4BCA0E5A587E38082266465736372697074696F6E3DE6B58BE8AF95E7AE80E7AD94E9A298, '');
INSERT INTO `sys_log` VALUES ('516228b319ad4f979525d800dfb39b72', '2', '1', '2016-02-13 11:21:25', '127.0.0.1', 'Mozilla/5.0 (Windows NT 6.1; WOW64) AppleWebKit/537.36 (KHTML, like Gecko) Chrome/48.0.2564.97 Safari/537.36', '/jeesite/a/exam/paper', 'GET', '', 0x6F72672E6170616368652E6A61737065722E4A6173706572457863657074696F6E3A206F72672E6170616368652E6A61737065722E4A6173706572457863657074696F6E3A20556E61626C6520746F20636F6D70696C6520636C61737320666F72204A5350);
INSERT INTO `sys_log` VALUES ('704c1f455b6d4cf3890535e044d4f93e', '2', '1', '2016-02-13 11:22:18', '127.0.0.1', 'Mozilla/5.0 (Windows NT 6.1; WOW64) AppleWebKit/537.36 (KHTML, like Gecko) Chrome/48.0.2564.97 Safari/537.36', '/jeesite/a/exam/paper', 'GET', '', 0x6F72672E6170616368652E6A61737065722E4A6173706572457863657074696F6E3A20416E20657863657074696F6E206F636375727265642070726F63657373696E67204A53502070616765202F5745422D494E462F76696577732F6D6F64756C65732F6578616D2F70617065724C6973742E6A7370206174206C696E652039310D0A0D0A38383A2020202020202020203C74722069643D22635F247B70617065722E69647D22207374796C653D226261636B67726F756E643A236664666466643B646973706C61793A6E6F6E653B223E0D0A38393A202020202020202020202020203C746420636F6C7370616E3D2236223E0D0A39303A20202020202020202020202020202020203C633A666F7245616368206974656D733D22247B70617065722E6578616D696E654C6973747D22207661723D226578616D696E6522207661725374617475733D22737461747573223E0D0A39313A2020202020202020202020202020202020202020203C703E247B7374617475732E696E6465782B317DE98A86EFBFBD7B6578616D696E652E7469746C657D3C696D67207372633D22247B6578616D696E652E696D6167657D2220616C743D22247B666E733A61626272286578616D696E652E7469746C652C31357D222F3E3C2F703E0D0A39323A20202020202020202020202020202020203C2F633A666F72456163683E0D0A39333A202020202020202020202020203C2F74643E0D0A39343A2020202020202020203C2F74723E0D0A0D0A0D0A537461636B74726163653A);
INSERT INTO `sys_log` VALUES ('4426e296f31745b0b0dd380d4a921ff2', '2', '1', '2016-02-13 11:22:20', '127.0.0.1', 'Mozilla/5.0 (Windows NT 6.1; WOW64) AppleWebKit/537.36 (KHTML, like Gecko) Chrome/48.0.2564.97 Safari/537.36', '/jeesite/a/exam/paper', 'GET', '', 0x6F72672E6170616368652E6A61737065722E4A6173706572457863657074696F6E3A20416E20657863657074696F6E206F636375727265642070726F63657373696E67204A53502070616765202F5745422D494E462F76696577732F6D6F64756C65732F6578616D2F70617065724C6973742E6A7370206174206C696E652039310D0A0D0A38383A2020202020202020203C74722069643D22635F247B70617065722E69647D22207374796C653D226261636B67726F756E643A236664666466643B646973706C61793A6E6F6E653B223E0D0A38393A202020202020202020202020203C746420636F6C7370616E3D2236223E0D0A39303A20202020202020202020202020202020203C633A666F7245616368206974656D733D22247B70617065722E6578616D696E654C6973747D22207661723D226578616D696E6522207661725374617475733D22737461747573223E0D0A39313A2020202020202020202020202020202020202020203C703E247B7374617475732E696E6465782B317DE98A86EFBFBD7B6578616D696E652E7469746C657D3C696D67207372633D22247B6578616D696E652E696D6167657D2220616C743D22247B666E733A61626272286578616D696E652E7469746C652C31357D222F3E3C2F703E0D0A39323A20202020202020202020202020202020203C2F633A666F72456163683E0D0A39333A202020202020202020202020203C2F74643E0D0A39343A2020202020202020203C2F74723E0D0A0D0A0D0A537461636B74726163653A);
INSERT INTO `sys_log` VALUES ('e280e605f597414fa06757622e84b5c5', '2', '1', '2016-02-13 11:22:20', '127.0.0.1', 'Mozilla/5.0 (Windows NT 6.1; WOW64) AppleWebKit/537.36 (KHTML, like Gecko) Chrome/48.0.2564.97 Safari/537.36', '/jeesite/a/exam/paper', 'GET', '', 0x6F72672E6170616368652E6A61737065722E4A6173706572457863657074696F6E3A20416E20657863657074696F6E206F636375727265642070726F63657373696E67204A53502070616765202F5745422D494E462F76696577732F6D6F64756C65732F6578616D2F70617065724C6973742E6A7370206174206C696E652039310D0A0D0A38383A2020202020202020203C74722069643D22635F247B70617065722E69647D22207374796C653D226261636B67726F756E643A236664666466643B646973706C61793A6E6F6E653B223E0D0A38393A202020202020202020202020203C746420636F6C7370616E3D2236223E0D0A39303A20202020202020202020202020202020203C633A666F7245616368206974656D733D22247B70617065722E6578616D696E654C6973747D22207661723D226578616D696E6522207661725374617475733D22737461747573223E0D0A39313A2020202020202020202020202020202020202020203C703E247B7374617475732E696E6465782B317DE98A86EFBFBD7B6578616D696E652E7469746C657D3C696D67207372633D22247B6578616D696E652E696D6167657D2220616C743D22247B666E733A61626272286578616D696E652E7469746C652C31357D222F3E3C2F703E0D0A39323A20202020202020202020202020202020203C2F633A666F72456163683E0D0A39333A202020202020202020202020203C2F74643E0D0A39343A2020202020202020203C2F74723E0D0A0D0A0D0A537461636B74726163653A);
INSERT INTO `sys_log` VALUES ('ff5cf52003314cf0b716ebbea57f2214', '2', '1', '2016-02-13 11:32:16', '127.0.0.1', 'Mozilla/5.0 (Windows NT 6.1; WOW64) AppleWebKit/537.36 (KHTML, like Gecko) Chrome/48.0.2564.97 Safari/537.36', '/jeesite/a/exam/paper/form', 'GET', 0x69643D3732333833323965386133333436363538663636306238656634626432396663, 0x6F72672E6170616368652E6A61737065722E4A6173706572457863657074696F6E3A20416E20657863657074696F6E206F636375727265642070726F63657373696E67204A53502070616765202F5745422D494E462F76696577732F6D6F64756C65732F6578616D2F7061706572466F726D2E6A7370206174206C696E652035380D0A0D0A35353A20202020203C2F6469763E0D0A35363A200D0A35373A20202020203C64697620636C6173733D22636F6E74726F6C2D67726F7570223E0D0A35383A2020202020202020203C6C6162656C20636C6173733D22636F6E74726F6C2D6C6162656C223E247B6E6F7420656D7074792070617065722E6578616D696E654C69737427E79287E69B9EE5B58EE6A3B0E6A8BCE6B4B03A277D3C2F6C6162656C3E0D0A35393A200D0A36303A2020202020202020203C64697620636C6173733D22636F6E74726F6C73223E0D0A36313A202020202020202020202020203C633A666F7245616368206974656D733D22247B70617065722E6578616D696E654C6973747D22207661723D226578616D696E65223E0D0A0D0A0D0A537461636B74726163653A);
INSERT INTO `sys_log` VALUES ('876ce19caea9413f862f2a809d815e79', '1', '1', '2016-02-13 11:48:57', '127.0.0.1', 'Mozilla/5.0 (Windows NT 6.1; WOW64) AppleWebKit/537.36 (KHTML, like Gecko) Chrome/48.0.2564.97 Safari/537.36', '/jeesite/a/exam/paper/save', 'POST', 0x69643D3732333833323965386133333436363538663636306238656634626432396663266E616D653DE6B58BE8AF95312672656D61726B733DE7BC96E8AF91E599A8E7BAA7E588ABEFBC9A31E38081E7BC96E8AF91E599A8E59CA8E4B88DE694B9E58F98E7BABFE7A88BE8AFADE4B989E79A84E5898DE68F90E4B88BE8BF9BE8A18CE68E92E5BA8FEFBC8CE4B8BAE4BA86E998B2E6ADA2E7BC96E8AF91E599A8E79A84E68E92E5BA8FE58FAFE4BBA5E8AEBEE5AE9AE58685E5AD98E5A381E99A9CEFBC8CE5BCBAE8BFAB2E2E2E, '');
INSERT INTO `sys_log` VALUES ('c06ce9bc646e4f038b21c7232efa13f4', '1', '1', '2016-02-13 11:50:13', '127.0.0.1', 'Mozilla/5.0 (Windows NT 6.1; WOW64) AppleWebKit/537.36 (KHTML, like Gecko) Chrome/48.0.2564.97 Safari/537.36', '/jeesite/a/exam/paper/save', 'POST', 0x69643D3732333833323965386133333436363538663636306238656634626432396663266E616D653DE6B58BE8AF95312672656D61726B733DE7BC96E8AF91E599A8E59CA8E4B88DE694B9E58F98E7BABFE7A88BE8AFADE4B989E79A84E5898DE68F90E4B88BE8BF9BE8A18CE68E92E5BA8FEFBC8CE4B8BAE4BA86E998B2E6ADA2E7BC96E8AF91E599A8E79A84E68E92E5BA8FE58FAFE4BBA5E8AEBEE5AE9AE58685E5AD98E5A381E99A9CEFBC8CE5BCBAE8BFABE7BC96E8AF91E599A8E4B88DE8BF9BE8A18CE68E922E2E2E, '');
INSERT INTO `sys_log` VALUES ('23530a4d87ef49a29ef619354df2a24f', '1', '1', '2016-02-13 12:07:58', '127.0.0.1', 'Mozilla/5.0 (Windows NT 6.1; WOW64) AppleWebKit/537.36 (KHTML, like Gecko) Chrome/48.0.2564.97 Safari/537.36', '/jeesite/a/exam/paper/save', 'POST', 0x69643D3732333833323965386133333436363538663636306238656634626432396663266E616D653DE6B58BE8AF95E58DB7312672656D61726B733DE7BC96E8AF91E599A8E59CA8E4B88DE694B9E58F98E7BABFE7A88BE8AFADE4B989E79A84E5898DE68F90E4B88BE8BF9BE8A18CE68E92E5BA8FEFBC8CE4B8BAE4BA86E998B2E6ADA2E7BC96E8AF91E599A8E79A84E68E92E5BA8FE58FAFE4BBA5E8AEBEE5AE9AE58685E5AD98E5A381E99A9CEFBC8CE5BCBAE8BFABE7BC96E8AF91E599A8E4B88DE8BF9BE8A18CE68E922E2E2E, '');
INSERT INTO `sys_log` VALUES ('cc4153853de34e128d5bd46694b90a97', '1', '1', '2016-02-13 12:12:42', '127.0.0.1', 'Mozilla/5.0 (Windows NT 6.1; WOW64) AppleWebKit/537.36 (KHTML, like Gecko) Chrome/48.0.2564.97 Safari/537.36', '/jeesite/a/exam/save', 'POST', 0x69643D31303526636C6173736966793D31267469746C653DE4BB80E4B988E6A0B7E79A84E5ADA9E5AD90E698AFE5A5BDE5ADA9E5AD90EFBC9F2041EFBC9AE788B1E5ADA6E4B9A0E79A842042EFBC9AE788B1E58AB3E58AA8E79A842043EFBC9AE8AEA8E4BABAE5969CE6ACA2E79A842044EFBC9AE6BC82E4BAAEE79A8426696D6167653D2F6A6565736974652F7573657266696C65732F312F5F7468756D62732F696D616765732F5562756E74752D64656661756C742532302834292E6A706726616E737765723D41266465736372697074696F6E3DE8BF99E698AFE4B880E4B8AAE6B58BE8AF95E9A298E79BAEE38082, '');
INSERT INTO `sys_log` VALUES ('5b054713f5274fc1a0f0d86dd9b4402a', '2', '1', '2016-02-13 16:28:53', '127.0.0.1', 'Mozilla/5.0 (Windows NT 6.1; WOW64) AppleWebKit/537.36 (KHTML, like Gecko) Chrome/48.0.2564.97 Safari/537.36', '/jeesite/a/exam/paper/examine2Paper', 'GET', 0x69643D3732333833323965386133333436363538663636306238656634626432396663265F5F5F74302E383438323537333032333036353932353D, 0x6F72672E6170616368652E6A61737065722E4A6173706572457863657074696F6E3A20416E20657863657074696F6E206F636375727265642070726F63657373696E67204A53502070616765202F5745422D494E462F76696577732F6D6F64756C65732F6578616D2F6578616D696E653250617065722E6A7370206174206C696E652033350D0A0D0A33323A202020202020202020202020203C633A666F7245616368206974656D733D22247B70617065722E6578616D696E654C6973747D22207661723D226578616D696E65223E0D0A33333A202020202020202020202020207B69643A2022247B6578616D696E652E69647D222C0D0A33343A20202020202020202020202020202020207049643A202230222C0D0A33353A20202020202020202020202020202020206E616D653A20223C666F6E7420636F6C6F723D2772656427207374796C653D27666F6E742D7765696768743A626F6C643B273E247B6578616D696E652E6E616D657D3C2F666F6E743E227D2C0D0A33363A202020202020202020202020203C2F633A666F72456163683E0D0A33373A2020202020202020205D3B0D0A33383A200D0A0D0A0D0A537461636B74726163653A);
INSERT INTO `sys_log` VALUES ('f784905084bd4918bdec18f5723f9bea', '2', '1', '2016-02-13 16:33:11', '127.0.0.1', 'Mozilla/5.0 (Windows NT 6.1; WOW64) AppleWebKit/537.36 (KHTML, like Gecko) Chrome/48.0.2564.97 Safari/537.36', '/jeesite/a/exam/paper/examine2Paper', 'GET', 0x69643D3732333833323965386133333436363538663636306238656634626432396663265F5F5F74302E393430313431393336373634313231313D, 0x6F72672E6170616368652E6A61737065722E4A6173706572457863657074696F6E3A20416E20657863657074696F6E206F636375727265642070726F63657373696E67204A53502070616765202F5745422D494E462F76696577732F6D6F64756C65732F6578616D2F6578616D696E653250617065722E6A7370206174206C696E652033350D0A0D0A33323A202020202020202020202020203C633A666F7245616368206974656D733D22247B70617065722E6578616D696E654C6973747D22207661723D226578616D696E65223E0D0A33333A202020202020202020202020207B69643A2022247B6578616D696E652E69647D222C0D0A33343A20202020202020202020202020202020207049643A202230222C0D0A33353A20202020202020202020202020202020206E616D653A20223C666F6E7420636F6C6F723D2772656427207374796C653D27666F6E742D7765696768743A626F6C643B273E247B6578616D696E652E6E616D657D3C2F666F6E743E227D2C0D0A33363A202020202020202020202020203C2F633A666F72456163683E0D0A33373A2020202020202020205D3B0D0A33383A200D0A0D0A0D0A537461636B74726163653A);
INSERT INTO `sys_log` VALUES ('6aecf8160f7e496ea8b07c3b4eb52b32', '2', '1', '2016-02-13 16:35:34', '127.0.0.1', 'Mozilla/5.0 (Windows NT 6.1; WOW64) AppleWebKit/537.36 (KHTML, like Gecko) Chrome/48.0.2564.97 Safari/537.36', '/jeesite/a/exam/paper/examine2Paper', 'GET', 0x69643D3732333833323965386133333436363538663636306238656634626432396663265F5F5F74302E32323731333835353536303836383937393D, 0x6F72672E6170616368652E6A61737065722E4A6173706572457863657074696F6E3A20416E20657863657074696F6E206F636375727265642070726F63657373696E67204A53502070616765202F5745422D494E462F76696577732F6D6F64756C65732F6578616D2F6578616D696E653250617065722E6A7370206174206C696E652033350D0A0D0A33323A202020202020202020202020203C633A666F7245616368206974656D733D22247B70617065722E6578616D696E654C6973747D22207661723D226578616D696E65223E0D0A33333A202020202020202020202020207B69643A2022247B6578616D696E652E69647D222C0D0A33343A20202020202020202020202020202020207049643A202230222C0D0A33353A20202020202020202020202020202020206E616D653A20223C666F6E7420636F6C6F723D2772656427207374796C653D27666F6E742D7765696768743A626F6C643B273E247B6578616D696E652E6E616D657D3C2F666F6E743E227D2C0D0A33363A202020202020202020202020203C2F633A666F72456163683E0D0A33373A2020202020202020205D3B0D0A33383A200D0A0D0A0D0A537461636B74726163653A);
INSERT INTO `sys_log` VALUES ('386c12fd4c784892aeaef1809c7e6519', '2', '1', '2016-02-13 17:24:26', '127.0.0.1', 'Mozilla/5.0 (Windows NT 6.1; WOW64; rv:36.0) Gecko/20100101 Firefox/36.0', '/jeesite/a/exam/paper/examine2Paper', 'GET', 0x69643D3732333833323965386133333436363538663636306238656634626432396663265F5F5F74302E383537383132393836313432343037323D, 0x6F72672E6170616368652E6A61737065722E4A6173706572457863657074696F6E3A20416E20657863657074696F6E206F636375727265642070726F63657373696E67204A53502070616765202F5745422D494E462F76696577732F6D6F64756C65732F6578616D2F6578616D696E653250617065722E6A7370206174206C696E652033350D0A0D0A33323A202020202020202020202020203C633A666F7245616368206974656D733D22247B70617065722E6578616D696E654C6973747D22207661723D226578616D696E65223E0D0A33333A202020202020202020202020207B69643A2022247B6578616D696E652E69647D222C0D0A33343A20202020202020202020202020202020207049643A202230222C0D0A33353A20202020202020202020202020202020206E616D653A2022247B666E733A7261626272286578616D696E652E7469746C652C31307D227D2C0D0A33363A202020202020202020202020203C2F633A666F72456163683E0D0A33373A2020202020202020205D3B0D0A33383A200D0A0D0A0D0A537461636B74726163653A);
INSERT INTO `sys_log` VALUES ('a2cdb808ba144e8d8cdb2f51cfd5ad3b', '1', '1', '2016-02-13 18:16:13', '127.0.0.1', 'Mozilla/5.0 (Windows NT 6.1; WOW64) AppleWebKit/537.36 (KHTML, like Gecko) Chrome/48.0.2564.97 Safari/537.36', '/jeesite/a/exam/paper/save', 'POST', 0x69643D266E616D653DE6B58BE8AF95E58DB7322672656D61726B733DE7A88BE5BA8FE9A1BAE5BA8FE8A784E58899EFBC9AE59CA8E4B880E4B8AAE7BABFE7A88BE4B8ADE6AF8FE4B880E4B8AA68617070656E732D6265666F7265E58588E4BA8EE8AFA5E7BABFE7A88BE79A84E6AF8FE4B880E4B8AAE5908EE7BBADE6938DE4BD9CEFBC88E6AF8FE4B880E4B8AAE5898DE99DA2E79A84E6938DE4BD9CE4BC98E58588E4BA8E2E2E2E, '');
INSERT INTO `sys_log` VALUES ('42483752c5b847a78640b118f5cf9272', '1', '1', '2016-02-13 18:16:26', '127.0.0.1', 'Mozilla/5.0 (Windows NT 6.1; WOW64) AppleWebKit/537.36 (KHTML, like Gecko) Chrome/48.0.2564.97 Safari/537.36', '/jeesite/a/exam/paper/save', 'POST', 0x69643D6636653562646633356339623466386461613566346639396461363330626663266E616D653DE6B58BE8AF95E58DB7322672656D61726B733DE7A88BE5BA8FE9A1BAE5BA8FE8A784E58899EFBC9AE59CA8E4B880E4B8AAE7BABFE7A88BE4B8ADE6AF8FE4B880E4B8AA68617070656E732D6265666F7265E58588E4BA8EE8AFA5E7BABFE7A88BE79A84E6AF8FE4B880E4B8AAE5908EE7BBADE6938DE4BD9CEFBC88E6AF8FE4B880E4B8AAE5898DE99DA2E79A84E6938DE4BD9CE4BC98E58588E4BA8E2E2E2E, '');
INSERT INTO `sys_log` VALUES ('5ad12c16b8e94544870779b3c5d662a6', '2', '1', '2016-02-13 18:32:42', '127.0.0.1', 'Mozilla/5.0 (Windows NT 6.1; WOW64) AppleWebKit/537.36 (KHTML, like Gecko) Chrome/48.0.2564.97 Safari/537.36', '/jeesite/a/exam/paper/assignExamine', 'POST', 0x69643D6636653562646633356339623466386461613566346639396461363330626663266964734172723D3130352C3130382C3131322C3131352C3131382C31322C3132322C3132352C3133322C3133352C3133382C3134322C3134352C3134382C31352C3135322C3135352C3135382C3136322C3130332C3130362C3130392C3131332C3131362C3132332E2E2E, 0x6A6176612E6C616E672E4E756C6C506F696E746572457863657074696F6E);
INSERT INTO `sys_log` VALUES ('82191a8a936f435d8a124ecfe6f3dcac', '2', '1', '2016-02-13 18:35:04', '127.0.0.1', 'Mozilla/5.0 (Windows NT 6.1; WOW64; rv:36.0) Gecko/20100101 Firefox/36.0', '/jeesite/a/exam/paper/assignExamine', 'POST', 0x69643D6636653562646633356339623466386461613566346639396461363330626663266964734172723D313132, 0x6A6176612E6C616E672E4E756C6C506F696E746572457863657074696F6E);
INSERT INTO `sys_log` VALUES ('a89f904d6af046888c0c0de803184fda', '1', '1', '2016-02-13 18:42:20', '127.0.0.1', 'Mozilla/5.0 (Windows NT 6.1; WOW64; rv:36.0) Gecko/20100101 Firefox/36.0', '/jeesite/a/exam/paper/save', 'POST', 0x69643D266E616D653DE6B58BE8AF95E58DB7332672656D61726B733D, '');
INSERT INTO `sys_log` VALUES ('a26e518376fd40e6aebafc608ac8a81f', '2', '1', '2016-02-13 18:42:32', '127.0.0.1', 'Mozilla/5.0 (Windows NT 6.1; WOW64; rv:36.0) Gecko/20100101 Firefox/36.0', '/jeesite/a/exam/paper/assignExamine', 'POST', 0x69643D6331626464343861633434623461333661343538313362396266616631646365266964734172723D, 0x6A6176612E6C616E672E4E756C6C506F696E746572457863657074696F6E);
INSERT INTO `sys_log` VALUES ('f65e3d1f831b440081ccdfaa8ffb7a59', '2', '1', '2016-02-13 18:47:53', '127.0.0.1', 'Mozilla/5.0 (Windows NT 6.1; WOW64; rv:36.0) Gecko/20100101 Firefox/36.0', '/jeesite/a/exam/paper/assignExamine', 'POST', 0x69643D6331626464343861633434623461333661343538313362396266616631646365266964734172723D, 0x6A6176612E6C616E672E4E756C6C506F696E746572457863657074696F6E);
INSERT INTO `sys_log` VALUES ('c0f5e554677841f3a66905669e032898', '2', '1', '2016-02-13 18:49:23', '127.0.0.1', 'Mozilla/5.0 (Windows NT 6.1; WOW64; rv:36.0) Gecko/20100101 Firefox/36.0', '/jeesite/a/exam/paper/assignExamine', 'POST', 0x69643D6331626464343861633434623461333661343538313362396266616631646365266964734172723D, 0x6A6176612E6C616E672E4E756C6C506F696E746572457863657074696F6E);
INSERT INTO `sys_log` VALUES ('9da303c81aea47f09d0bb0efc188acf8', '2', '1', '2016-02-13 18:50:48', '127.0.0.1', 'Mozilla/5.0 (Windows NT 6.1; WOW64; rv:36.0) Gecko/20100101 Firefox/36.0', '/jeesite/a/exam/paper/assignExamine', 'POST', 0x69643D6331626464343861633434623461333661343538313362396266616631646365266964734172723D, 0x6A6176612E6C616E672E4E756C6C506F696E746572457863657074696F6E);
INSERT INTO `sys_log` VALUES ('5c3922abcc4349acad2ffe39ca1dd5ec', '2', '1', '2016-02-13 18:51:09', '127.0.0.1', 'Mozilla/5.0 (Windows NT 6.1; WOW64; rv:36.0) Gecko/20100101 Firefox/36.0', '/jeesite/a/exam/paper/assignExamine', 'POST', 0x69643D6331626464343861633434623461333661343538313362396266616631646365266964734172723D3130382C3132, 0x6A6176612E6C616E672E4E756C6C506F696E746572457863657074696F6E);
INSERT INTO `sys_log` VALUES ('2253699c7f7e4494a2c5f4ae02aae886', '2', '1', '2016-02-13 18:54:26', '127.0.0.1', 'Mozilla/5.0 (Windows NT 6.1; WOW64; rv:36.0) Gecko/20100101 Firefox/36.0', '/jeesite/a/exam/paper/assignExamine', 'POST', 0x69643D6331626464343861633434623461333661343538313362396266616631646365266964734172723D313135, 0x6A6176612E6C616E672E4E756C6C506F696E746572457863657074696F6E);
INSERT INTO `sys_log` VALUES ('b99a1b57912442d0b2f9f242a0cddb71', '2', '1', '2016-02-13 18:55:39', '127.0.0.1', 'Mozilla/5.0 (Windows NT 6.1; WOW64; rv:36.0) Gecko/20100101 Firefox/36.0', '/jeesite/a/exam/paper/assignExamine', 'POST', 0x69643D6331626464343861633434623461333661343538313362396266616631646365266964734172723D3131352C313232, 0x6A6176612E6C616E672E4E756C6C506F696E746572457863657074696F6E);
INSERT INTO `sys_log` VALUES ('4fd77356bd2e4e1d8c113bf2ca61f420', '2', '1', '2016-02-13 18:58:49', '127.0.0.1', 'Mozilla/5.0 (Windows NT 6.1; WOW64; rv:36.0) Gecko/20100101 Firefox/36.0', '/jeesite/a/exam/paper/assignExamine', 'POST', 0x69643D6331626464343861633434623461333661343538313362396266616631646365266964734172723D3131332C313139, 0x6A6176612E6C616E672E4E756C6C506F696E746572457863657074696F6E);
INSERT INTO `sys_log` VALUES ('0b4dbbd571ce4f73b3685f727af0c512', '2', '1', '2016-02-13 19:02:28', '127.0.0.1', 'Mozilla/5.0 (Windows NT 6.1; WOW64; rv:36.0) Gecko/20100101 Firefox/36.0', '/jeesite/a/exam/paper/assignExamine', 'POST', 0x69643D6331626464343861633434623461333661343538313362396266616631646365266964734172723D3131362C3132362C3131302C313137, 0x6A6176612E6C616E672E4E756C6C506F696E746572457863657074696F6E);
INSERT INTO `sys_log` VALUES ('3603ffe5f1834e1b88e591f260e63697', '2', '1', '2016-02-13 19:04:41', '127.0.0.1', 'Mozilla/5.0 (Windows NT 6.1; WOW64; rv:36.0) Gecko/20100101 Firefox/36.0', '/jeesite/a/exam/paper/assignExamine', 'POST', 0x69643D6331626464343861633434623461333661343538313362396266616631646365266964734172723D3131352C3131362C313131, 0x6A6176612E6C616E672E4E756C6C506F696E746572457863657074696F6E);
INSERT INTO `sys_log` VALUES ('e96b5f93d80946adba66728d99e59b08', '2', '1', '2016-02-13 19:10:33', '127.0.0.1', 'Mozilla/5.0 (Windows NT 6.1; WOW64; rv:36.0) Gecko/20100101 Firefox/36.0', '/jeesite/a/exam/paper/assignExamine', 'POST', 0x69643D6331626464343861633434623461333661343538313362396266616631646365266964734172723D3130382C3131362C313031, 0x6A6176612E6C616E672E4E756C6C506F696E746572457863657074696F6E);
INSERT INTO `sys_log` VALUES ('1e6a5e180ee74b798a923c89033b307b', '2', '1', '2016-02-13 19:15:06', '127.0.0.1', 'Mozilla/5.0 (Windows NT 6.1; WOW64; rv:36.0) Gecko/20100101 Firefox/36.0', '/jeesite/a/exam/paper/assignExamine', 'POST', 0x69643D6331626464343861633434623461333661343538313362396266616631646365266964734172723D3131322C3130392C3131, 0x6A6176612E6C616E672E4E756C6C506F696E746572457863657074696F6E);
INSERT INTO `sys_log` VALUES ('4494660b81014134a20e4a88d35dd97f', '2', '1', '2016-02-13 19:16:16', '127.0.0.1', 'Mozilla/5.0 (Windows NT 6.1; WOW64; rv:36.0) Gecko/20100101 Firefox/36.0', '/jeesite/a/exam/paper/assignExamine', 'POST', 0x69643D6331626464343861633434623461333661343538313362396266616631646365266964734172723D3131352C3131392C313030, 0x6A6176612E6C616E672E4E756C6C506F696E746572457863657074696F6E);
INSERT INTO `sys_log` VALUES ('703f8c78d3d24a68a6635cf74e9465ef', '1', '1', '2016-02-13 19:41:29', '127.0.0.1', 'Mozilla/5.0 (Windows NT 6.1; WOW64) AppleWebKit/537.36 (KHTML, like Gecko) Chrome/48.0.2564.97 Safari/537.36', '/jeesite/a/exam/paper/save', 'POST', 0x69643D6331626464343861633434623461333661343538313362396266616631646365266E616D653DE6B58BE8AF95E58DB7332672656D61726B733DE6B58BE8AF95E58DB733, '');
INSERT INTO `sys_log` VALUES ('b413a21baa7941ae9f9f9a3d872e1eac', '1', '1', '2016-02-13 19:47:35', '127.0.0.1', 'Mozilla/5.0 (Windows NT 6.1; WOW64) AppleWebKit/537.36 (KHTML, like Gecko) Chrome/48.0.2564.97 Safari/537.36', '/jeesite/a/exam/paper/delete', 'GET', 0x69643D6331626464343861633434623461333661343538313362396266616631646365, '');
INSERT INTO `sys_log` VALUES ('d78163c053e143ab9f0634b1a1e51334', '1', '1', '2016-02-13 19:49:05', '127.0.0.1', 'Mozilla/5.0 (Windows NT 6.1; WOW64) AppleWebKit/537.36 (KHTML, like Gecko) Chrome/48.0.2564.97 Safari/537.36', '/jeesite/a/sys/menu/save', 'POST', 0x69643D26706172656E742E69643D383464303133633764373637343636626162633933643533613163323637623026706172656E742E6E616D653DE8AF95E58DB7E7AEA1E79086266E616D653DE69FA5E79C8B26687265663D267461726765743D2669636F6E3D26736F72743D333026697353686F773D3026697341637469766974693D30267065726D697373696F6E3D6578616D3A746561636865723A76696577, '');
INSERT INTO `sys_log` VALUES ('67d9802b834c48d8a33fa263637be5d1', '1', '1', '2016-02-13 19:49:31', '127.0.0.1', 'Mozilla/5.0 (Windows NT 6.1; WOW64) AppleWebKit/537.36 (KHTML, like Gecko) Chrome/48.0.2564.97 Safari/537.36', '/jeesite/a/sys/menu/save', 'POST', 0x69643D26706172656E742E69643D383464303133633764373637343636626162633933643533613163323637623026706172656E742E6E616D653DE8AF95E58DB7E7AEA1E79086266E616D653DE4BFAEE694B926687265663D267461726765743D2669636F6E3D26736F72743D333026697353686F773D3026697341637469766974693D30267065726D697373696F6E3D6578616D3A746561636865723A65646974, '');
INSERT INTO `sys_log` VALUES ('3d800dbfa9034aa6a3941a632693321d', '1', '1', '2016-02-13 19:49:44', '127.0.0.1', 'Mozilla/5.0 (Windows NT 6.1; WOW64) AppleWebKit/537.36 (KHTML, like Gecko) Chrome/48.0.2564.97 Safari/537.36', '/jeesite/a/exam/paper/delete', 'GET', 0x69643D6331626464343861633434623461333661343538313362396266616631646365, '');
INSERT INTO `sys_log` VALUES ('0fc63c4e6ad940eeb84534cfaf7d485e', '1', '1', '2016-02-13 19:50:24', '127.0.0.1', 'Mozilla/5.0 (Windows NT 6.1; WOW64) AppleWebKit/537.36 (KHTML, like Gecko) Chrome/48.0.2564.97 Safari/537.36', '/jeesite/a/exam/paper/delete', 'GET', 0x69643D6331626464343861633434623461333661343538313362396266616631646365, '');
INSERT INTO `sys_log` VALUES ('e8776bb035d946edbc4e4efe229b51da', '1', '1', '2016-02-13 19:50:35', '127.0.0.1', 'Mozilla/5.0 (Windows NT 6.1; WOW64) AppleWebKit/537.36 (KHTML, like Gecko) Chrome/48.0.2564.97 Safari/537.36', '/jeesite/a/exam/paper/delete', 'GET', 0x69643D6331626464343861633434623461333661343538313362396266616631646365, '');
INSERT INTO `sys_log` VALUES ('4680850952b64a0b810d364457676f05', '1', '1', '2016-02-13 19:50:50', '127.0.0.1', 'Mozilla/5.0 (Windows NT 6.1; WOW64) AppleWebKit/537.36 (KHTML, like Gecko) Chrome/48.0.2564.97 Safari/537.36', '/jeesite/a/exam/paper/delete', 'GET', 0x69643D6331626464343861633434623461333661343538313362396266616631646365, '');
INSERT INTO `sys_log` VALUES ('fab04cbb9d444e9a8d299b37c7c4c3c6', '1', '1', '2016-02-13 19:51:49', '127.0.0.1', 'Mozilla/5.0 (Windows NT 6.1; WOW64) AppleWebKit/537.36 (KHTML, like Gecko) Chrome/48.0.2564.97 Safari/537.36', '/jeesite/a/exam/paper/delete', 'GET', 0x69643D6331626464343861633434623461333661343538313362396266616631646365, '');
INSERT INTO `sys_log` VALUES ('344bfef9f85d4f52ad8719f9124cbfd0', '1', '1', '2016-02-13 21:16:11', '127.0.0.1', 'Mozilla/5.0 (Windows NT 6.1; WOW64) AppleWebKit/537.36 (KHTML, like Gecko) Chrome/48.0.2564.97 Safari/537.36', '/jeesite/a/exam/paper/save', 'POST', 0x69643D266E616D653DE6B58BE8AF95E58DB7332672656D61726B733DE6B58BE8AF95E58DB733, '');
INSERT INTO `sys_log` VALUES ('6527e70d537042f5bcd8e24427fefc03', '1', '1', '2016-02-13 21:18:18', '127.0.0.1', 'Mozilla/5.0 (Windows NT 6.1; WOW64) AppleWebKit/537.36 (KHTML, like Gecko) Chrome/48.0.2564.97 Safari/537.36', '/jeesite/a/exam/paper/delete', 'GET', 0x69643D6166396532633465643065613439333962393561353737396261396532353437, '');
INSERT INTO `sys_log` VALUES ('43773c86b94c44bfa2b25d8e1f4eeb22', '1', '1', '2016-02-13 22:58:35', '127.0.0.1', 'Mozilla/5.0 (Windows NT 6.1; WOW64) AppleWebKit/537.36 (KHTML, like Gecko) Chrome/48.0.2564.97 Safari/537.36', '/jeesite/a/sys/user/save', 'POST', 0x69643D333033386138373866313534346563396139313963386634636639333538333226636F6D70616E792E69643D656136623636656663356662346436386133363861313061356563326466626426636F6D70616E792E6E616D653DE4B89CE58C97E794B5E58A9BE5A4A7E5ADA6266F66666963652E69643D3937623139373234396231653430656638643465383961616335336530376130266F66666963652E6E616D653DE4BFA1E681AFE5B7A5E7A88BE5ADA6E999A2266F6C644C6F67696E4E616D653D796871266C6F67696E4E616D653D796871266E6F3D796871303031266E616D653DE69DA8E685A7E5BCBA266E657750617373776F72643D26636F6E6669726D4E657750617373776F72643D26656D61696C3D2670686F6E653D266D6F62696C653D2672656D61726B733D2675736572547970653D3126726F6C6549644C6973743D3564326331383162343063653434666261353461636139303365633030333731265F726F6C6549644C6973743D6F6E, '');
INSERT INTO `sys_log` VALUES ('53651744052d454c9647b260e40cbd08', '1', '1', '2016-02-13 23:02:16', '127.0.0.1', 'Mozilla/5.0 (Windows NT 6.1; WOW64; rv:36.0) Gecko/20100101 Firefox/36.0', '/jeesite/a/sys/role/save', 'POST', 0x69643D3564326331383162343063653434666261353461636139303365633030333731266F66666963652E69643D6561366236366566633566623464363861333638613130613565633264666264266F66666963652E6E616D653DE4B89CE58C97E794B5E58A9BE5A4A7E5ADA6266F6C644E616D653DE7BD91E7BB9CE7AEA1E79086E59198266E616D653DE7BD91E7BB9CE7AEA1E79086E59198266461746153636F70653D31266D656E754964733D312C36616436336266303831323234643138613765346162663639343938393763352C34646631656562623334623434333132613731323766656533376264633263342C31393238323564396235663734376461623635376431653534316432342E2E2E266F66666963654964733D, '');
INSERT INTO `sys_log` VALUES ('340bf709a22b4c1587c69e340e2bb356', '1', '1', '2016-02-13 23:03:11', '127.0.0.1', 'Mozilla/5.0 (Windows NT 6.1; WOW64; rv:36.0) Gecko/20100101 Firefox/36.0', '/jeesite/a/sys/role/save', 'POST', 0x69643D3564326331383162343063653434666261353461636139303365633030333731266F66666963652E69643D6561366236366566633566623464363861333638613130613565633264666264266F66666963652E6E616D653DE4B89CE58C97E794B5E58A9BE5A4A7E5ADA6266F6C644E616D653DE7BD91E7BB9CE7AEA1E79086E59198266E616D653DE7BD91E7BB9CE7AEA1E79086E59198266461746153636F70653D31266D656E754964733D312C36616436336266303831323234643138613765346162663639343938393763352C34646631656562623334623434333132613731323766656533376264633263342C31393238323564396235663734376461623635376431653534316432342E2E2E266F66666963654964733D, '');
INSERT INTO `sys_log` VALUES ('67e24b0561864d50a84480c53fc7fbeb', '1', '1', '2016-02-13 23:04:35', '127.0.0.1', 'Mozilla/5.0 (Windows NT 6.1; WOW64) AppleWebKit/537.36 (KHTML, like Gecko) Chrome/48.0.2564.97 Safari/537.36', '/jeesite/a/sys/user/save', 'POST', 0x69643D26636F6D70616E792E69643D656136623636656663356662346436386133363861313061356563326466626426636F6D70616E792E6E616D653DE4B89CE58C97E794B5E58A9BE5A4A7E5ADA620266F66666963652E69643D3937623139373234396231653430656638643465383961616335336530376130266F66666963652E6E616D653DE4BFA1E681AFE5B7A5E7A88BE5ADA6E999A220266F6C644C6F67696E4E616D653D266C6F67696E4E616D653D6D61626F266E6F3D323031323330313031303035266E616D653DE9A9ACE58D9A266E657750617373776F72643D26636F6E6669726D4E657750617373776F72643D26656D61696C3D2670686F6E653D266D6F62696C653D2672656D61726B733D2675736572547970653D3326726F6C6549644C6973743D36265F726F6C6549644C6973743D6F6E, '');
INSERT INTO `sys_log` VALUES ('e52a5d2c5dab4656a46d80b6041e1beb', '1', '1', '2016-02-13 23:06:17', '127.0.0.1', 'Mozilla/5.0 (Windows NT 6.1; WOW64) AppleWebKit/537.36 (KHTML, like Gecko) Chrome/48.0.2564.97 Safari/537.36', '/jeesite/a/sys/role/save', 'POST', 0x69643D36266F66666963652E69643D31266F66666963652E6E616D653DE58C97E4BAACE5B882E680BBE585ACE58FB8266F6C644E616D653DE699AEE9809AE794A8E688B7266E616D653DE699AEE9809AE794A8E688B7266461746153636F70653D38266D656E754964733D312C36616436336266303831323234643138613765346162663639343938393763352C34646631656562623334623434333132613731323766656533376264633263342C31393238323564396235663734376461623635376431653534316432342E2E2E266F66666963654964733D, '');
INSERT INTO `sys_log` VALUES ('7f8f28433a144662ad29a36d2f87c22a', '1', '1', '2016-02-13 23:07:15', '127.0.0.1', 'Mozilla/5.0 (Windows NT 6.1; WOW64) AppleWebKit/537.36 (KHTML, like Gecko) Chrome/48.0.2564.97 Safari/537.36', '/jeesite/a/sys/role/save', 'POST', 0x69643D36266F66666963652E69643D31266F66666963652E6E616D653DE58C97E4BAACE5B882E680BBE585ACE58FB8266F6C644E616D653DE699AEE9809AE794A8E688B7266E616D653DE699AEE9809AE794A8E688B7266461746153636F70653D34266D656E754964733D312C36616436336266303831323234643138613765346162663639343938393763352C34646631656562623334623434333132613731323766656533376264633263342C31393238323564396235663734376461623635376431653534316432342E2E2E266F66666963654964733D, '');
INSERT INTO `sys_log` VALUES ('4dd258f5a66c4a219ef6a978ca4c193c', '1', '1', '2016-02-13 23:08:20', '127.0.0.1', 'Mozilla/5.0 (Windows NT 6.1; WOW64) AppleWebKit/537.36 (KHTML, like Gecko) Chrome/48.0.2564.97 Safari/537.36', '/jeesite/a/sys/role/save', 'POST', 0x69643D36266F66666963652E69643D3937623139373234396231653430656638643465383961616335336530376130266F66666963652E6E616D653DE4BFA1E681AFE5B7A5E7A88BE5ADA6E999A220266F6C644E616D653DE699AEE9809AE794A8E688B7266E616D653DE699AEE9809AE794A8E688B7266461746153636F70653D34266D656E754964733D312C36616436336266303831323234643138613765346162663639343938393763352C34646631656562623334623434333132613731323766656533376264633263342C31393238323564396235663734376461623635376431653534316432342E2E2E266F66666963654964733D, '');
INSERT INTO `sys_log` VALUES ('67aade50e1d74dc0919fdff74104ad03', '1', '241cc0cbd080442da47f0d35c8dbd715', '2016-02-13 23:10:45', '127.0.0.1', 'Mozilla/5.0 (Windows NT 6.1; WOW64) AppleWebKit/537.36 (KHTML, like Gecko) Chrome/48.0.2564.97 Safari/537.36', '/jeesite/a/exam/save', 'POST', 0x69643D26636C6173736966793D32267469746C653DE5BA8AE5898DE6988EE69C88E58589EFBC8CE79691E698AFE59CB0E4B88AE99C9CEFBC9F26696D6167653D26616E737765723D58266465736372697074696F6E3DE99D99E5A49CE6809D, '');
INSERT INTO `sys_log` VALUES ('c3b2db8fa75344a9ad1d5bdd36a57aca', '1', '1', '2016-02-13 23:11:53', '127.0.0.1', 'Mozilla/5.0 (Windows NT 6.1; WOW64) AppleWebKit/537.36 (KHTML, like Gecko) Chrome/48.0.2564.97 Safari/537.36', '/jeesite/a/sys/role/save', 'POST', 0x69643D3564326331383162343063653434666261353461636139303365633030333731266F66666963652E69643D6561366236366566633566623464363861333638613130613565633264666264266F66666963652E6E616D653DE4B89CE58C97E794B5E58A9BE5A4A7E5ADA6266F6C644E616D653DE7BD91E7BB9CE7AEA1E79086E59198266E616D653DE7BD91E7BB9CE7AEA1E79086E59198266461746153636F70653D31266D656E754964733D312C36616436336266303831323234643138613765346162663639343938393763352C34646631656562623334623434333132613731323766656533376264633263342C31393238323564396235663734376461623635376431653534316432342E2E2E266F66666963654964733D, '');
INSERT INTO `sys_log` VALUES ('9451e869a5284f41a8bb34e11e11b730', '1', '1', '2016-02-13 23:12:53', '127.0.0.1', 'Mozilla/5.0 (Windows NT 6.1; WOW64) AppleWebKit/537.36 (KHTML, like Gecko) Chrome/48.0.2564.97 Safari/537.36', '/jeesite/a/sys/role/save', 'POST', 0x69643D3564326331383162343063653434666261353461636139303365633030333731266F66666963652E69643D6561366236366566633566623464363861333638613130613565633264666264266F66666963652E6E616D653DE4B89CE58C97E794B5E58A9BE5A4A7E5ADA6266F6C644E616D653DE7BD91E7BB9CE7AEA1E79086E59198266E616D653DE7BD91E7BB9CE7AEA1E79086E59198266461746153636F70653D34266D656E754964733D312C36616436336266303831323234643138613765346162663639343938393763352C34646631656562623334623434333132613731323766656533376264633263342C31393238323564396235663734376461623635376431653534316432342E2E2E266F66666963654964733D, '');
INSERT INTO `sys_log` VALUES ('6c58d5c8128a4a1b980e3d4b83d37a09', '2', '1', '2016-02-15 17:09:57', '127.0.0.1', 'Mozilla/5.0 (Windows NT 6.1; WOW64) AppleWebKit/537.36 (KHTML, like Gecko) Chrome/48.0.2564.97 Safari/537.36', '/jeesite/a/exam/paper', 'GET', '', 0x6F72672E6170616368652E6A61737065722E4A6173706572457863657074696F6E3A20416E20657863657074696F6E206F636375727265642070726F63657373696E67204A53502070616765202F5745422D494E462F76696577732F6D6F64756C65732F6578616D2F70617065724C6973742E6A7370206174206C696E652039340D0A0D0A39313A2020202020202020203C74722069643D22635F247B70617065722E69647D22207374796C653D226261636B67726F756E643A236664666466643B646973706C61793A6E6F6E653B223E0D0A39323A202020202020202020202020203C746420636F6C7370616E3D2236223E0D0A39333A20202020202020202020202020202020203C633A666F7245616368206974656D733D22247B70617065722E6578616D696E654C6973747D22207661723D226578616D696E6522207661725374617475733D22737461747573223E0D0A39343A2020202020202020202020202020202020202020203C633A696620746573743D22247B21287374617475732E63757272656E742E636C6173736966792D3129206571207374617475732E63757272656E742E636C6173736966797D223E3C68353E7374617475732E63757272656E742E636C6173736966793C2F68353E3C2F633A69663E0D0A39353A2020202020202020202020202020202020202020203C703E0D0A39363A2020202020202020202020202020202020202020203C626C6F636B71756F74653E3C7374726F6E673E247B7374617475732E696E6465782B317DE98A86EFBFBD7B6578616D696E652E7469746C657D3C2F7374726F6E673E3C62722F3E0D0A39373A202020202020202020202020202020202020202020202020203C633A696620746573743D22247B6E6F7420656D707479206578616D696E652E696D6167655372637D223E0D0A0D0A0D0A537461636B74726163653A);
INSERT INTO `sys_log` VALUES ('df6009f5cb4d4e42bfbbe203f621a73c', '2', '1', '2016-02-15 17:13:15', '127.0.0.1', 'Mozilla/5.0 (Windows NT 6.1; WOW64) AppleWebKit/537.36 (KHTML, like Gecko) Chrome/48.0.2564.97 Safari/537.36', '/jeesite/a/exam/paper', 'GET', '', 0x6F72672E6170616368652E6A61737065722E4A6173706572457863657074696F6E3A20416E20657863657074696F6E206F636375727265642070726F63657373696E67204A53502070616765202F5745422D494E462F76696577732F6D6F64756C65732F6578616D2F70617065724C6973742E6A7370206174206C696E652039340D0A0D0A39313A2020202020202020203C74722069643D22635F247B70617065722E69647D22207374796C653D226261636B67726F756E643A236664666466643B646973706C61793A6E6F6E653B223E0D0A39323A202020202020202020202020203C746420636F6C7370616E3D2236223E0D0A39333A20202020202020202020202020202020203C633A666F7245616368206974656D733D22247B70617065722E6578616D696E654C6973747D22207661723D226578616D696E6522207661725374617475733D22737461747573223E0D0A39343A2020202020202020202020202020202020202020203C633A696620746573743D22247B217374617475732E696E646578206571207374617475732E63757272656E742E636C6173736966797D223E3C68353E247B7374617475732E63757272656E742E636C6173736966797D3C2F68353E3C2F633A69663E0D0A39353A2020202020202020202020202020202020202020203C703E0D0A39363A2020202020202020202020202020202020202020203C626C6F636B71756F74653E3C7374726F6E673E247B7374617475732E696E6465782B317DE98A86EFBFBD7B6578616D696E652E7469746C657D3C2F7374726F6E673E3C62722F3E0D0A39373A202020202020202020202020202020202020202020202020203C633A696620746573743D22247B6E6F7420656D707479206578616D696E652E696D6167655372637D223E0D0A0D0A0D0A537461636B74726163653A);
INSERT INTO `sys_log` VALUES ('01d20b35bb7b479e8c326d2a043f108c', '2', '1', '2016-02-15 17:19:33', '127.0.0.1', 'Mozilla/5.0 (Windows NT 6.1; WOW64) AppleWebKit/537.36 (KHTML, like Gecko) Chrome/48.0.2564.97 Safari/537.36', '/jeesite/a/exam/paper', 'GET', '', 0x6F72672E6170616368652E6A61737065722E4A6173706572457863657074696F6E3A202F5745422D494E462F76696577732F6D6F64756C65732F6578616D2F70617065724C6973742E6A737020286C696E653A2039342C20636F6C756D6E3A20323029202221247B7374617475732E696E6465782E636C617373206571207374617475732E63757272656E742E636C6173736966797D2220636F6E7461696E7320696E76616C69642065787072657373696F6E2873293A206A617661782E656C2E454C457863657074696F6E3A204661696C656420746F207061727365207468652065787072657373696F6E205B21247B7374617475732E696E6465782E636C617373206571207374617475732E63757272656E742E636C6173736966797D5D);
INSERT INTO `sys_log` VALUES ('a141df5067f24111b7a2d0f81937cb5a', '2', '1', '2016-02-15 17:22:13', '127.0.0.1', 'Mozilla/5.0 (Windows NT 6.1; WOW64) AppleWebKit/537.36 (KHTML, like Gecko) Chrome/48.0.2564.97 Safari/537.36', '/jeesite/a/exam/paper', 'GET', '', 0x6F72672E6170616368652E6A61737065722E4A6173706572457863657074696F6E3A202F5745422D494E462F76696577732F6D6F64756C65732F6578616D2F70617065724C6973742E6A737020286C696E653A2039342C20636F6C756D6E3A203230292022247B7374617475732E696E6465782E636C61737320213D207374617475732E63757272656E742E636C6173736966797D2220636F6E7461696E7320696E76616C69642065787072657373696F6E2873293A206A617661782E656C2E454C457863657074696F6E3A204661696C656420746F207061727365207468652065787072657373696F6E205B247B7374617475732E696E6465782E636C61737320213D207374617475732E63757272656E742E636C6173736966797D5D);
INSERT INTO `sys_log` VALUES ('7238ea5fa46846f0b4076ec285ba5277', '2', '1', '2016-02-15 17:23:15', '127.0.0.1', 'Mozilla/5.0 (Windows NT 6.1; WOW64) AppleWebKit/537.36 (KHTML, like Gecko) Chrome/48.0.2564.97 Safari/537.36', '/jeesite/a/exam/paper', 'GET', '', 0x6F72672E6170616368652E6A61737065722E4A6173706572457863657074696F6E3A202F5745422D494E462F76696577732F6D6F64756C65732F6578616D2F70617065724C6973742E6A737020286C696E653A2039342C20636F6C756D6E3A203230292022247B7374617475732E696E6465782E636C617373206E6F746571207374617475732E63757272656E742E636C6173736966797D2220636F6E7461696E7320696E76616C69642065787072657373696F6E2873293A206A617661782E656C2E454C457863657074696F6E3A204661696C656420746F207061727365207468652065787072657373696F6E205B247B7374617475732E696E6465782E636C617373206E6F746571207374617475732E63757272656E742E636C6173736966797D5D);
INSERT INTO `sys_log` VALUES ('858d9493ff274e2bb5f04ba61266d737', '2', '1', '2016-02-15 17:23:27', '127.0.0.1', 'Mozilla/5.0 (Windows NT 6.1; WOW64) AppleWebKit/537.36 (KHTML, like Gecko) Chrome/48.0.2564.97 Safari/537.36', '/jeesite/a/exam/paper', 'GET', '', 0x6F72672E6170616368652E6A61737065722E4A6173706572457863657074696F6E3A202F5745422D494E462F76696577732F6D6F64756C65732F6578616D2F70617065724C6973742E6A737020286C696E653A2039342C20636F6C756D6E3A203230292022247B7374617475732E696E6465782E636C617373206571207374617475732E63757272656E742E636C6173736966797D2220636F6E7461696E7320696E76616C69642065787072657373696F6E2873293A206A617661782E656C2E454C457863657074696F6E3A204661696C656420746F207061727365207468652065787072657373696F6E205B247B7374617475732E696E6465782E636C617373206571207374617475732E63757272656E742E636C6173736966797D5D);
INSERT INTO `sys_log` VALUES ('4cd0522bf93346eea2af090c4b9a8a49', '2', '1', '2016-02-15 17:24:21', '127.0.0.1', 'Mozilla/5.0 (Windows NT 6.1; WOW64) AppleWebKit/537.36 (KHTML, like Gecko) Chrome/48.0.2564.97 Safari/537.36', '/jeesite/a/exam/paper', 'GET', '', 0x6F72672E6170616368652E6A61737065722E4A6173706572457863657074696F6E3A20416E20657863657074696F6E206F636375727265642070726F63657373696E67204A53502070616765202F5745422D494E462F76696577732F6D6F64756C65732F6578616D2F70617065724C6973742E6A7370206174206C696E652039340D0A0D0A39313A2020202020202020203C74722069643D22635F247B70617065722E69647D22207374796C653D226261636B67726F756E643A236664666466643B646973706C61793A6E6F6E653B223E0D0A39323A202020202020202020202020203C746420636F6C7370616E3D2236223E0D0A39333A20202020202020202020202020202020203C633A666F7245616368206974656D733D22247B70617065722E6578616D696E654C6973747D22207661723D226578616D696E6522207661725374617475733D22737461747573223E0D0A39343A2020202020202020202020202020202020202020203C633A696620746573743D22247B287374617475732E63757272656E742D312920213D207374617475732E63757272656E742E636C6173736966797D223E0D0A39353A202020202020202020202020202020202020202020202020203C68353E247B6578616D696E652E636C617373696679446963744C6162656C7D3C2F68353E3C2F633A69663E0D0A39363A2020202020202020202020202020202020202020203C703E0D0A39373A2020202020202020202020202020202020202020203C626C6F636B71756F74653E3C7374726F6E673E247B7374617475732E696E6465782B317DE98A86EFBFBD7B6578616D696E652E7469746C657D3C2F7374726F6E673E3C62722F3E0D0A0D0A0D0A537461636B74726163653A);
INSERT INTO `sys_log` VALUES ('31d73b9ec85f4468bf0666c449b4f442', '2', '1', '2016-02-15 17:25:27', '127.0.0.1', 'Mozilla/5.0 (Windows NT 6.1; WOW64) AppleWebKit/537.36 (KHTML, like Gecko) Chrome/48.0.2564.97 Safari/537.36', '/jeesite/a/exam/paper', 'GET', '', 0x6F72672E6170616368652E6A61737065722E4A6173706572457863657074696F6E3A20416E20657863657074696F6E206F636375727265642070726F63657373696E67204A53502070616765202F5745422D494E462F76696577732F6D6F64756C65732F6578616D2F70617065724C6973742E6A7370206174206C696E652039340D0A0D0A39313A2020202020202020203C74722069643D22635F247B70617065722E69647D22207374796C653D226261636B67726F756E643A236664666466643B646973706C61793A6E6F6E653B223E0D0A39323A202020202020202020202020203C746420636F6C7370616E3D2236223E0D0A39333A20202020202020202020202020202020203C633A666F7245616368206974656D733D22247B70617065722E6578616D696E654C6973747D22207661723D226578616D696E6522207661725374617475733D22737461747573223E0D0A39343A2020202020202020202020202020202020202020203C633A696620746573743D22247B287374617475732E63757272656E742D31292E636C61737369667920213D207374617475732E63757272656E742E636C6173736966797D223E0D0A39353A202020202020202020202020202020202020202020202020203C68353E247B6578616D696E652E636C617373696679446963744C6162656C7D3C2F68353E3C2F633A69663E0D0A39363A2020202020202020202020202020202020202020203C703E0D0A39373A2020202020202020202020202020202020202020203C626C6F636B71756F74653E3C7374726F6E673E247B7374617475732E696E6465782B317DE98A86EFBFBD7B6578616D696E652E7469746C657D3C2F7374726F6E673E3C62722F3E0D0A0D0A0D0A537461636B74726163653A);
INSERT INTO `sys_log` VALUES ('fd4a4f0e90d54ba48ccb276ba6a43b13', '2', '1', '2016-02-15 17:26:25', '127.0.0.1', 'Mozilla/5.0 (Windows NT 6.1; WOW64) AppleWebKit/537.36 (KHTML, like Gecko) Chrome/48.0.2564.97 Safari/537.36', '/jeesite/a/exam/paper', 'GET', '', 0x6F72672E6170616368652E6A61737065722E4A6173706572457863657074696F6E3A20416E20657863657074696F6E206F636375727265642070726F63657373696E67204A53502070616765202F5745422D494E462F76696577732F6D6F64756C65732F6578616D2F70617065724C6973742E6A7370206174206C696E652039340D0A0D0A39313A2020202020202020203C74722069643D22635F247B70617065722E69647D22207374796C653D226261636B67726F756E643A236664666466643B646973706C61793A6E6F6E653B223E0D0A39323A202020202020202020202020203C746420636F6C7370616E3D2236223E0D0A39333A20202020202020202020202020202020203C633A666F7245616368206974656D733D22247B70617065722E6578616D696E654C6973747D22207661723D226578616D696E6522207661725374617475733D22737461747573223E0D0A39343A2020202020202020202020202020202020202020203C633A696620746573743D22247B7374617475732E696E6465782E636C61737369667920213D207374617475732E696E6465782E636C6173736966797D223E0D0A39353A202020202020202020202020202020202020202020202020203C68353E247B6578616D696E652E636C617373696679446963744C6162656C7D3C2F68353E3C2F633A69663E0D0A39363A2020202020202020202020202020202020202020203C703E0D0A39373A2020202020202020202020202020202020202020203C626C6F636B71756F74653E3C7374726F6E673E247B7374617475732E696E6465782B317DE98A86EFBFBD7B6578616D696E652E7469746C657D3C2F7374726F6E673E3C62722F3E0D0A0D0A0D0A537461636B74726163653A);
INSERT INTO `sys_log` VALUES ('b419e7342ba849f594bd582fdb71aefa', '2', '1', '2016-02-15 17:27:50', '127.0.0.1', 'Mozilla/5.0 (Windows NT 6.1; WOW64) AppleWebKit/537.36 (KHTML, like Gecko) Chrome/48.0.2564.97 Safari/537.36', '/jeesite/a/exam/paper', 'GET', '', 0x6F72672E6170616368652E6A61737065722E4A6173706572457863657074696F6E3A20416E20657863657074696F6E206F636375727265642070726F63657373696E67204A53502070616765202F5745422D494E462F76696577732F6D6F64756C65732F6578616D2F70617065724C6973742E6A7370206174206C696E652039340D0A0D0A39313A2020202020202020203C74722069643D22635F247B70617065722E69647D22207374796C653D226261636B67726F756E643A236664666466643B646973706C61793A6E6F6E653B223E0D0A39323A202020202020202020202020203C746420636F6C7370616E3D2236223E0D0A39333A20202020202020202020202020202020203C633A666F7245616368206974656D733D22247B70617065722E6578616D696E654C6973747D22207661723D226578616D696E6522207661725374617475733D22737461747573223E0D0A39343A2020202020202020202020202020202020202020203C633A696620746573743D22247B7374617475732E66697273742E636C61737369667920213D207374617475732E63757272656E742E636C6173736966797D223E0D0A39353A202020202020202020202020202020202020202020202020203C68353E247B6578616D696E652E636C617373696679446963744C6162656C7D3C2F68353E3C2F633A69663E0D0A39363A2020202020202020202020202020202020202020203C703E0D0A39373A2020202020202020202020202020202020202020203C626C6F636B71756F74653E3C7374726F6E673E247B7374617475732E696E6465782B317DE98A86EFBFBD7B6578616D696E652E7469746C657D3C2F7374726F6E673E3C62722F3E0D0A0D0A0D0A537461636B74726163653A);
INSERT INTO `sys_log` VALUES ('d9e338ee061a4eefae7b2206686fa55a', '2', '1', '2016-02-15 17:28:26', '127.0.0.1', 'Mozilla/5.0 (Windows NT 6.1; WOW64) AppleWebKit/537.36 (KHTML, like Gecko) Chrome/48.0.2564.97 Safari/537.36', '/jeesite/a/exam/paper', 'GET', '', 0x6F72672E6170616368652E6A61737065722E4A6173706572457863657074696F6E3A20416E20657863657074696F6E206F636375727265642070726F63657373696E67204A53502070616765202F5745422D494E462F76696577732F6D6F64756C65732F6578616D2F70617065724C6973742E6A7370206174206C696E652039340D0A0D0A39313A2020202020202020203C74722069643D22635F247B70617065722E69647D22207374796C653D226261636B67726F756E643A236664666466643B646973706C61793A6E6F6E653B223E0D0A39323A202020202020202020202020203C746420636F6C7370616E3D2236223E0D0A39333A20202020202020202020202020202020203C633A666F7245616368206974656D733D22247B70617065722E6578616D696E654C6973747D22207661723D226578616D696E6522207661725374617475733D22737461747573223E0D0A39343A2020202020202020202020202020202020202020203C633A696620746573743D22247B7374617475732E696E6465782E636C61737369667920213D207374617475732E63757272656E742E636C6173736966797D223E0D0A39353A202020202020202020202020202020202020202020202020203C68353E247B6578616D696E652E636C617373696679446963744C6162656C7D3C2F68353E3C2F633A69663E0D0A39363A2020202020202020202020202020202020202020203C703E0D0A39373A2020202020202020202020202020202020202020203C626C6F636B71756F74653E3C7374726F6E673E247B7374617475732E696E6465782B317DE98A86EFBFBD7B6578616D696E652E7469746C657D3C2F7374726F6E673E3C62722F3E0D0A0D0A0D0A537461636B74726163653A);
INSERT INTO `sys_log` VALUES ('f42d136ca2a343a386df4a93172aebbe', '2', '1', '2016-02-15 17:28:39', '127.0.0.1', 'Mozilla/5.0 (Windows NT 6.1; WOW64) AppleWebKit/537.36 (KHTML, like Gecko) Chrome/48.0.2564.97 Safari/537.36', '/jeesite/a/exam/paper', 'GET', '', 0x6F72672E6170616368652E6A61737065722E4A6173706572457863657074696F6E3A20416E20657863657074696F6E206F636375727265642070726F63657373696E67204A53502070616765202F5745422D494E462F76696577732F6D6F64756C65732F6578616D2F70617065724C6973742E6A7370206174206C696E652039340D0A0D0A39313A2020202020202020203C74722069643D22635F247B70617065722E69647D22207374796C653D226261636B67726F756E643A236664666466643B646973706C61793A6E6F6E653B223E0D0A39323A202020202020202020202020203C746420636F6C7370616E3D2236223E0D0A39333A20202020202020202020202020202020203C633A666F7245616368206974656D733D22247B70617065722E6578616D696E654C6973747D22207661723D226578616D696E6522207661725374617475733D22737461747573223E0D0A39343A2020202020202020202020202020202020202020203C633A696620746573743D22247B287374617475732E63757272656E742D31292E636C61737369667920213D207374617475732E63757272656E742E636C6173736966797D223E0D0A39353A202020202020202020202020202020202020202020202020203C68353E247B6578616D696E652E636C617373696679446963744C6162656C7D3C2F68353E3C2F633A69663E0D0A39363A2020202020202020202020202020202020202020203C703E0D0A39373A2020202020202020202020202020202020202020203C626C6F636B71756F74653E3C7374726F6E673E247B7374617475732E696E6465782B317DE98A86EFBFBD7B6578616D696E652E7469746C657D3C2F7374726F6E673E3C62722F3E0D0A0D0A0D0A537461636B74726163653A);
INSERT INTO `sys_log` VALUES ('10d1b800074a423bbd1caba715bb2939', '2', '1', '2016-02-15 17:31:28', '127.0.0.1', 'Mozilla/5.0 (Windows NT 6.1; WOW64) AppleWebKit/537.36 (KHTML, like Gecko) Chrome/48.0.2564.97 Safari/537.36', '/jeesite/a/exam/paper', 'GET', '', 0x6F72672E6170616368652E6A61737065722E4A6173706572457863657074696F6E3A206A617661782E736572766C65742E536572766C6574457863657074696F6E3A206A617661782E736572766C65742E6A73702E4A7370546167457863657074696F6E);
INSERT INTO `sys_log` VALUES ('6d752a2f134c439f9903256a87aba269', '2', '1', '2016-02-15 17:32:03', '127.0.0.1', 'Mozilla/5.0 (Windows NT 6.1; WOW64) AppleWebKit/537.36 (KHTML, like Gecko) Chrome/48.0.2564.97 Safari/537.36', '/jeesite/a/exam/paper', 'GET', '', 0x6F72672E6170616368652E6A61737065722E4A6173706572457863657074696F6E3A206A617661782E736572766C65742E536572766C6574457863657074696F6E3A206A617661782E736572766C65742E6A73702E4A7370546167457863657074696F6E);
INSERT INTO `sys_log` VALUES ('e8dd4f91f3bb42fab2080b89a056675c', '1', '1', '2016-02-15 18:43:55', '127.0.0.1', 'Mozilla/5.0 (Windows NT 6.1; WOW64) AppleWebKit/537.36 (KHTML, like Gecko) Chrome/48.0.2564.97 Safari/537.36', '/jeesite/a/exam/paper/delete', 'GET', 0x69643D3732333833323965386133333436363538663636306238656634626432396663, '');
INSERT INTO `sys_log` VALUES ('69633e489e2e443aad3754151c2474f7', '1', '1', '2016-02-15 18:51:19', '127.0.0.1', 'Mozilla/5.0 (Windows NT 6.1; WOW64) AppleWebKit/537.36 (KHTML, like Gecko) Chrome/48.0.2564.97 Safari/537.36', '/jeesite/a/exam/paper/delete', 'GET', 0x69643D6636653562646633356339623466386461613566346639396461363330626663, '');
INSERT INTO `sys_log` VALUES ('f79a67a3bf8b4573a3d6ba1503e6d373', '1', '1', '2016-02-15 18:52:26', '127.0.0.1', 'Mozilla/5.0 (Windows NT 6.1; WOW64) AppleWebKit/537.36 (KHTML, like Gecko) Chrome/48.0.2564.97 Safari/537.36', '/jeesite/a/exam/paper/delete', 'GET', 0x69643D3732333833323965386133333436363538663636306238656634626432396663, '');
INSERT INTO `sys_log` VALUES ('a0ed9c5f2d5e4d1aae7158e7d2d87f62', '1', '1', '2016-02-15 18:59:26', '127.0.0.1', 'Mozilla/5.0 (Windows NT 6.1; WOW64) AppleWebKit/537.36 (KHTML, like Gecko) Chrome/48.0.2564.97 Safari/537.36', '/jeesite/a/exam/paper/delete', 'GET', 0x69643D3732333833323965386133333436363538663636306238656634626432396663, '');
INSERT INTO `sys_log` VALUES ('8052a753aae3421dbded2c61e77d9780', '1', '1', '2016-02-15 18:59:30', '127.0.0.1', 'Mozilla/5.0 (Windows NT 6.1; WOW64) AppleWebKit/537.36 (KHTML, like Gecko) Chrome/48.0.2564.97 Safari/537.36', '/jeesite/a/exam/paper/delete', 'GET', 0x69643D6636653562646633356339623466386461613566346639396461363330626663, '');
INSERT INTO `sys_log` VALUES ('f5c2fa82efe5451286f064a762474937', '1', '1', '2016-02-15 19:07:36', '127.0.0.1', 'Mozilla/5.0 (Windows NT 6.1; WOW64) AppleWebKit/537.36 (KHTML, like Gecko) Chrome/48.0.2564.97 Safari/537.36', '/jeesite/a/sys/dict/save', 'POST', 0x69643D2676616C75653D30266C6162656C3DE590AFE794A826747970653D6578616D5F7374617274266465736372697074696F6E3DE590AFE794A826736F72743D3130, '');
INSERT INTO `sys_log` VALUES ('7ab94d709bc542ddb777e73260d2bef6', '1', '1', '2016-02-15 19:08:27', '127.0.0.1', 'Mozilla/5.0 (Windows NT 6.1; WOW64) AppleWebKit/537.36 (KHTML, like Gecko) Chrome/48.0.2564.97 Safari/537.36', '/jeesite/a/sys/dict/save', 'POST', 0x69643D30623330643331323635303934333136626533306635333635306666346335312676616C75653D30266C6162656C3DE590AFE794A826747970653D6578616D5F7374617274266465736372697074696F6E3DE8AF95E58DB7E79A84E590AFE794A826736F72743D3130, '');
INSERT INTO `sys_log` VALUES ('1263df8c46394670892bb82dba616455', '1', '1', '2016-02-15 19:09:08', '127.0.0.1', 'Mozilla/5.0 (Windows NT 6.1; WOW64) AppleWebKit/537.36 (KHTML, like Gecko) Chrome/48.0.2564.97 Safari/537.36', '/jeesite/a/sys/dict/save', 'POST', 0x69643D2676616C75653D31266C6162656C3DE5819CE794A826747970653D6578616D5F73746F70266465736372697074696F6E3DE8AF95E58DB7E79A84E5819CE794A826736F72743D3230, '');
INSERT INTO `sys_log` VALUES ('8ab57c5e936445968b3006c689099776', '1', '1', '2016-02-15 19:11:40', '127.0.0.1', 'Mozilla/5.0 (Windows NT 6.1; WOW64) AppleWebKit/537.36 (KHTML, like Gecko) Chrome/48.0.2564.97 Safari/537.36', '/jeesite/a/sys/dict/save', 'POST', 0x69643D30623330643331323635303934333136626533306635333635306666346335312676616C75653D30266C6162656C3DE590AFE794A826747970653D6578616D5F73746172745F73746F70266465736372697074696F6E3DE8AF95E58DB7E79A84E590AFE794A826736F72743D3130, '');
INSERT INTO `sys_log` VALUES ('ec3aa9396bcc4b789aac4a33b0adba28', '1', '1', '2016-02-15 19:12:03', '127.0.0.1', 'Mozilla/5.0 (Windows NT 6.1; WOW64) AppleWebKit/537.36 (KHTML, like Gecko) Chrome/48.0.2564.97 Safari/537.36', '/jeesite/a/sys/dict/save', 'POST', 0x69643D35366632623764373464323934316335396435323061646238373837383737342676616C75653D31266C6162656C3DE5819CE794A826747970653D6578616D5F73746172745F73746F70266465736372697074696F6E3DE8AF95E58DB7E79A84E5819CE794A826736F72743D3230, '');
INSERT INTO `sys_log` VALUES ('93338503cd744ce8aec2afcb9fad1488', '1', '1', '2016-02-15 19:12:40', '127.0.0.1', 'Mozilla/5.0 (Windows NT 6.1; WOW64) AppleWebKit/537.36 (KHTML, like Gecko) Chrome/48.0.2564.97 Safari/537.36', '/jeesite/a/exam/paper/delete', 'GET', 0x69643D6636653562646633356339623466386461613566346639396461363330626663, '');
INSERT INTO `sys_log` VALUES ('84f463003f9445e9a348604a160acf2e', '1', '1', '2016-02-15 19:13:13', '127.0.0.1', 'Mozilla/5.0 (Windows NT 6.1; WOW64) AppleWebKit/537.36 (KHTML, like Gecko) Chrome/48.0.2564.97 Safari/537.36', '/jeesite/a/exam/paper/save', 'POST', 0x69643D3732333833323965386133333436363538663636306238656634626432396663266E616D653DE6B58BE8AF95E58DB7312672656D61726B733DE7BC96E8AF91E599A8E59CA8E4B88DE694B9E58F98E7BABFE7A88BE8AFADE4B989E79A84E5898DE68F90E4B88BE8BF9BE8A18CE68E92E5BA8FEFBC8CE4B8BAE4BA86E998B2E6ADA2E7BC96E8AF91E599A8E79A84E68E92E5BA8FE58FAFE4BBA5E8AEBEE5AE9AE58685E5AD98E5A381E99A9CEFBC8CE5BCBAE8BFABE7BC96E8AF91E599A8E4B88DE8BF9BE8A18CE68E922E2E2E2664656C466C61673D30, '');
INSERT INTO `sys_log` VALUES ('d400769354f646c2b0951e3bd7c19c9b', '1', '1', '2016-02-15 19:13:23', '127.0.0.1', 'Mozilla/5.0 (Windows NT 6.1; WOW64) AppleWebKit/537.36 (KHTML, like Gecko) Chrome/48.0.2564.97 Safari/537.36', '/jeesite/a/exam/paper/save', 'POST', 0x69643D6636653562646633356339623466386461613566346639396461363330626663266E616D653DE6B58BE8AF95E58DB7322672656D61726B733DE7A88BE5BA8FE9A1BAE5BA8FE8A784E58899EFBC9AE59CA8E4B880E4B8AAE7BABFE7A88BE4B8ADE6AF8FE4B880E4B8AA68617070656E732D6265666F7265E58588E4BA8EE8AFA5E7BABFE7A88BE79A84E6AF8FE4B880E4B8AAE5908EE7BBADE6938DE4BD9CEFBC88E6AF8FE4B880E4B8AAE5898DE99DA2E79A84E6938DE4BD9CE4BC98E58588E4BA8E2E2E2E2664656C466C61673D30, '');
INSERT INTO `sys_log` VALUES ('9bb4aafcb6e14d559281f482e5a7e0a5', '1', '1', '2016-02-15 19:19:19', '127.0.0.1', 'Mozilla/5.0 (Windows NT 6.1; WOW64) AppleWebKit/537.36 (KHTML, like Gecko) Chrome/48.0.2564.97 Safari/537.36', '/jeesite/a/exam/paper/save', 'POST', 0x69643D266E616D653DE6B58BE8AF95E58DB7332672656D61726B733DE6B58BE8AF95E58DB7332664656C466C61673D31, '');
INSERT INTO `sys_log` VALUES ('def86dda2d1f490e8299bdd9a85c0ad0', '2', '1', '2016-02-15 19:28:58', '127.0.0.1', 'Mozilla/5.0 (Windows NT 6.1; WOW64) AppleWebKit/537.36 (KHTML, like Gecko) Chrome/48.0.2564.97 Safari/537.36', '/jeesite/a/exam/paper/form', 'GET', '', 0x6F72672E6170616368652E6A61737065722E4A6173706572457863657074696F6E3A20416E20657863657074696F6E206F636375727265642070726F63657373696E67204A53502070616765202F5745422D494E462F76696577732F6D6F64756C65732F6578616D2F7061706572466F726D2E6A7370206174206C696E652033390D0A0D0A33363A20202020203C64697620636C6173733D22636F6E74726F6C2D67726F7570223E0D0A33373A2020202020202020203C6C6162656C20636C6173733D22636F6E74726F6C2D6C6162656C223EE991B0E586ADE798AFE98F83E5A095E69AB13A3C2F6C6162656C3E0D0A33383A2020202020202020203C64697620636C6173733D22636F6E74726F6C7320696E7075742D617070656E64223E0D0A33393A202020202020202020E881BDE881BD3C666F726D3A696E70757420637373436C6173733D22696E7075742D78786C617267652220706174683D2274696D65222F3E0D0A34303A202020202020202020202020203C7370616E20636C6173733D22616464E988A5E6819B6E223E6D696E757465733C2F7370616E3E0D0A34313A20202020203C2F6469763E0D0A34323A20202020203C2F6469763E0D0A0D0A0D0A537461636B74726163653A);
INSERT INTO `sys_log` VALUES ('7dbaf753db274f6bbc45d4f0d530aa3c', '2', '1', '2016-02-15 19:38:23', '127.0.0.1', 'Mozilla/5.0 (Windows NT 6.1; WOW64) AppleWebKit/537.36 (KHTML, like Gecko) Chrome/48.0.2564.97 Safari/537.36', '/jeesite/a/exam/paper/form', 'GET', 0x69643D, 0x6F72672E6170616368652E6A61737065722E4A6173706572457863657074696F6E3A202F5745422D494E462F76696577732F6D6F64756C65732F6578616D2F7061706572466F726D2E6A737020286C696E653A2034302C20636F6C756D6E3A20313229204163636F7264696E6720746F20544C442C2074616720666F726D3A696E707574206D75737420626520656D7074792C20627574206973206E6F74);
INSERT INTO `sys_log` VALUES ('db5791b5f2a3488da2f651a313c19ab7', '1', '1', '2016-02-15 19:42:09', '127.0.0.1', 'Mozilla/5.0 (Windows NT 6.1; WOW64) AppleWebKit/537.36 (KHTML, like Gecko) Chrome/48.0.2564.97 Safari/537.36', '/jeesite/a/exam/paper/save', 'POST', 0x69643D266E616D653D2672656D61726B733D2674696D653D6173642664656C466C61673D30, '');
INSERT INTO `sys_log` VALUES ('02ac04bb9f344790b8dc558b8f0fe4bd', '1', '1', '2016-02-15 19:44:41', '127.0.0.1', 'Mozilla/5.0 (Windows NT 6.1; WOW64) AppleWebKit/537.36 (KHTML, like Gecko) Chrome/48.0.2564.97 Safari/537.36', '/jeesite/a/exam/paper/save', 'POST', 0x69643D266E616D653DE6B58BE8AF952672656D61726B733D2674696D653D31322664656C466C61673D30, '');
INSERT INTO `sys_log` VALUES ('69c720c1e7964ef68d31a38cee0c3267', '1', '1', '2016-02-15 19:44:51', '127.0.0.1', 'Mozilla/5.0 (Windows NT 6.1; WOW64) AppleWebKit/537.36 (KHTML, like Gecko) Chrome/48.0.2564.97 Safari/537.36', '/jeesite/a/exam/paper/save', 'POST', 0x69643D3636346566646533363636343431313062303166333239643832353735353566266E616D653DE6B58BE8AF952672656D61726B733D2674696D653D6173642664656C466C61673D30, '');
INSERT INTO `sys_log` VALUES ('6c69465850234b42bfd2c0339da418fd', '1', '1', '2016-02-15 19:49:05', '127.0.0.1', 'Mozilla/5.0 (Windows NT 6.1; WOW64) AppleWebKit/537.36 (KHTML, like Gecko) Chrome/48.0.2564.97 Safari/537.36', '/jeesite/a/exam/paper/save', 'POST', 0x69643D3636346566646533363636343431313062303166333239643832353735353566266E616D653DE6B58BE8AF952672656D61726B733D2674696D653D6173642664656C466C61673D30, '');
INSERT INTO `sys_log` VALUES ('a00aa8978c4b48eebd7bd6155d1d6473', '1', '1', '2016-02-15 19:49:14', '127.0.0.1', 'Mozilla/5.0 (Windows NT 6.1; WOW64) AppleWebKit/537.36 (KHTML, like Gecko) Chrome/48.0.2564.97 Safari/537.36', '/jeesite/a/exam/paper/save', 'POST', 0x69643D3636346566646533363636343431313062303166333239643832353735353566266E616D653DE6B58BE8AF952672656D61726B733D2674696D653D3132336173642664656C466C61673D30, '');
INSERT INTO `sys_log` VALUES ('6b0ee80ad0cf4aa59fa35cc7b8477d2c', '1', '1', '2016-02-15 19:54:44', '127.0.0.1', 'Mozilla/5.0 (Windows NT 6.1; WOW64) AppleWebKit/537.36 (KHTML, like Gecko) Chrome/48.0.2564.97 Safari/537.36', '/jeesite/a/exam/paper/save', 'POST', 0x69643D3636346566646533363636343431313062303166333239643832353735353566266E616D653DE6B58BE8AF952672656D61726B733D2674696D653D6173642664656C466C61673D30, '');
INSERT INTO `sys_log` VALUES ('cafd2ae4377b4ee7b9255c4ce2f29d3b', '1', '1', '2016-02-15 19:55:18', '127.0.0.1', 'Mozilla/5.0 (Windows NT 6.1; WOW64) AppleWebKit/537.36 (KHTML, like Gecko) Chrome/48.0.2564.97 Safari/537.36', '/jeesite/a/exam/paper/save', 'POST', 0x69643D3636346566646533363636343431313062303166333239643832353735353566266E616D653DE6B58BE8AF952672656D61726B733D2674696D653D6173642664656C466C61673D30, '');
INSERT INTO `sys_log` VALUES ('32a29fb5acea481c904cb7ff797841c6', '1', '1', '2016-02-15 19:57:45', '127.0.0.1', 'Mozilla/5.0 (Windows NT 6.1; WOW64) AppleWebKit/537.36 (KHTML, like Gecko) Chrome/48.0.2564.97 Safari/537.36', '/jeesite/a/exam/paper/save', 'POST', 0x69643D3636346566646533363636343431313062303166333239643832353735353566266E616D653DE6B58BE8AF952672656D61726B733D2674696D653D6173642664656C466C61673D30, '');
INSERT INTO `sys_log` VALUES ('603b3fc38de84c8384ef13ed4da9aeb7', '1', '1', '2016-02-15 19:57:51', '127.0.0.1', 'Mozilla/5.0 (Windows NT 6.1; WOW64) AppleWebKit/537.36 (KHTML, like Gecko) Chrome/48.0.2564.97 Safari/537.36', '/jeesite/a/exam/paper/save', 'POST', 0x69643D3636346566646533363636343431313062303166333239643832353735353566266E616D653DE6B58BE8AF952672656D61726B733D2674696D653D3132332664656C466C61673D30, '');
INSERT INTO `sys_log` VALUES ('dd365ebb6ae84c3c8495fd5bd3f96d6a', '1', '1', '2016-02-15 19:59:24', '127.0.0.1', 'Mozilla/5.0 (Windows NT 6.1; WOW64) AppleWebKit/537.36 (KHTML, like Gecko) Chrome/48.0.2564.97 Safari/537.36', '/jeesite/a/exam/paper/save', 'POST', 0x69643D3636346566646533363636343431313062303166333239643832353735353566266E616D653DE6B58BE8AF952672656D61726B733D2674696D653D6173642664656C466C61673D30, '');
INSERT INTO `sys_log` VALUES ('ce58624c95a4414ebc46af0c00e914b8', '2', '1', '2016-02-15 20:00:51', '127.0.0.1', 'Mozilla/5.0 (Windows NT 6.1; WOW64) AppleWebKit/537.36 (KHTML, like Gecko) Chrome/48.0.2564.97 Safari/537.36', '/jeesite/a/exam/paper/form', 'GET', 0x69643D3636346566646533363636343431313062303166333239643832353735353566, 0x6F72672E6170616368652E6A61737065722E4A6173706572457863657074696F6E3A20416E20657863657074696F6E206F636375727265642070726F63657373696E67204A53502070616765202F5745422D494E462F76696577732F6D6F64756C65732F6578616D2F7061706572466F726D2E6A7370206174206C696E652034310D0A0D0A33383A200D0A33393A2020202020202020203C64697620636C6173733D22636F6E74726F6C73223E0D0A34303A202020202020202020202020203C666F726D3A696E70757420706174683D2274696D65222068746D6C4573636170653D2266616C73652220636C6173733D22696E7075742D6D696E692072657175697265642064696769747322206D61786C656E6774683D2233222F3E0D0A34313A202020202020202020202020203C666F726D3A696E70757420706174683D22776569676874222068746D6C4573636170653D2266616C736522206D61786C656E6774683D223230302220636C6173733D22696E7075742D6D696E6920726571756972656420646967697473222F3E266E6273703B0D0A34323A202020202020202020202020203C6C6162656C20636C6173733D2268656C702D696E6C696E65223EE98D97E69B9AE7B685E9949BE6ADAE696E7574653C2F6C6162656C3E0D0A34333A2020202020202020203C2F6469763E0D0A34343A20202020203C2F6469763E0D0A0D0A0D0A537461636B74726163653A);
INSERT INTO `sys_log` VALUES ('f915300b298441d9a8fd7c1be4a2b872', '1', '1', '2016-02-15 20:01:11', '127.0.0.1', 'Mozilla/5.0 (Windows NT 6.1; WOW64) AppleWebKit/537.36 (KHTML, like Gecko) Chrome/48.0.2564.97 Safari/537.36', '/jeesite/a/exam/paper/save', 'POST', 0x69643D3636346566646533363636343431313062303166333239643832353735353566266E616D653DE6B58BE8AF952672656D61726B733D2674696D653D6173642664656C466C61673D30, '');
INSERT INTO `sys_log` VALUES ('35eac1a3174a4f71b5c238a997c0cd30', '1', '1', '2016-02-15 20:05:38', '127.0.0.1', 'Mozilla/5.0 (Windows NT 6.1; WOW64) AppleWebKit/537.36 (KHTML, like Gecko) Chrome/48.0.2564.97 Safari/537.36', '/jeesite/a/exam/paper/save', 'POST', 0x69643D3636346566646533363636343431313062303166333239643832353735353566266E616D653DE6B58BE8AF952672656D61726B733D2674696D653D6173646173646173642664656C466C61673D30, '');
INSERT INTO `sys_log` VALUES ('91e440b1149f4f8ba37dad5c730ec5ee', '1', '1', '2016-02-15 20:11:35', '127.0.0.1', 'Mozilla/5.0 (Windows NT 6.1; WOW64) AppleWebKit/537.36 (KHTML, like Gecko) Chrome/48.0.2564.97 Safari/537.36', '/jeesite/a/exam/paper/save', 'POST', 0x69643D3636346566646533363636343431313062303166333239643832353735353566266E616D653DE6B58BE8AF952672656D61726B733D2674696D653D33302664656C466C61673D30, '');
INSERT INTO `sys_log` VALUES ('5490b1a5470d4f7d9135a4677e4dd3c3', '1', '1', '2016-02-15 20:11:57', '127.0.0.1', 'Mozilla/5.0 (Windows NT 6.1; WOW64) AppleWebKit/537.36 (KHTML, like Gecko) Chrome/48.0.2564.97 Safari/537.36', '/jeesite/a/exam/paper/save', 'POST', 0x69643D3636346566646533363636343431313062303166333239643832353735353566266E616D653DE6B58BE8AF952672656D61726B733DE8BF99E4B8AAE4B8BBE8A681E698AFE6B7BBE58AA0E4BA86E88083E8AF95E697B6E995BFEFBC812674696D653D33302664656C466C61673D30, '');
INSERT INTO `sys_log` VALUES ('16a3e47a8c8443608f167b7f895f4a13', '1', '1', '2016-02-15 20:23:45', '127.0.0.1', 'Mozilla/5.0 (Windows NT 6.1; WOW64) AppleWebKit/537.36 (KHTML, like Gecko) Chrome/48.0.2564.97 Safari/537.36', '/jeesite/a/sys/menu/save', 'POST', 0x69643D366164656230613834636338343965633864316535363361336431383436343726706172656E742E69643D353663646639643235643361343563393935383933323264653234323864663326706172656E742E6E616D653DE5ADA6E7949FE7ABAF266E616D653DE59CA8E7BABFE88083E8AF9526687265663D267461726765743D2669636F6E3D676C61737326736F72743D333026697353686F773D3126697341637469766974693D30267065726D697373696F6E3D6578616D3A73747564656E743A76696577, '');
INSERT INTO `sys_log` VALUES ('565048f22ee94afcae7a190e9b7364cc', '1', '1', '2016-02-15 20:25:46', '127.0.0.1', 'Mozilla/5.0 (Windows NT 6.1; WOW64) AppleWebKit/537.36 (KHTML, like Gecko) Chrome/48.0.2564.97 Safari/537.36', '/jeesite/a/sys/menu/save', 'POST', 0x69643D366164656230613834636338343965633864316535363361336431383436343726706172656E742E69643D353663646639643235643361343563393935383933323264653234323864663326706172656E742E6E616D653DE5ADA6E7949FE7ABAF266E616D653DE59CA8E7BABFE88083E8AF9526687265663D2F6578616D2F70617065722F7374752F6C697374267461726765743D2669636F6E3D676C61737326736F72743D333026697353686F773D3126697341637469766974693D30267065726D697373696F6E3D, '');
INSERT INTO `sys_log` VALUES ('9ea86cae38a44fa190391697f703bf83', '1', '1', '2016-02-15 20:31:33', '127.0.0.1', 'Mozilla/5.0 (Windows NT 6.1; WOW64) AppleWebKit/537.36 (KHTML, like Gecko) Chrome/48.0.2564.97 Safari/537.36', '/jeesite/a/sys/menu/save', 'POST', 0x69643D366164656230613834636338343965633864316535363361336431383436343726706172656E742E69643D353663646639643235643361343563393935383933323264653234323864663326706172656E742E6E616D653DE5ADA6E7949FE7ABAF266E616D653DE59CA8E7BABFE88083E8AF9526687265663D2F6578616D2F70617065722F7374752F6C697374267461726765743D2669636F6E3D676C61737326736F72743D333026697353686F773D3126697341637469766974693D30267065726D697373696F6E3D6578616D3A73747564656E743A76696577, '');
INSERT INTO `sys_log` VALUES ('16b6136fb0ed4b40a9c8a120b0d77212', '1', '1', '2016-02-15 20:38:59', '127.0.0.1', 'Mozilla/5.0 (Windows NT 6.1; WOW64) AppleWebKit/537.36 (KHTML, like Gecko) Chrome/48.0.2564.97 Safari/537.36', '/jeesite/a/sys/menu/save', 'POST', 0x69643D26706172656E742E69643D366164656230613834636338343965633864316535363361336431383436343726706172656E742E6E616D653DE59CA8E7BABFE88083E8AF95266E616D653DE59CA8E7BABFE88083E8AF9526687265663D267461726765743D2669636F6E3D26736F72743D333026697353686F773D3026697341637469766974693D30267065726D697373696F6E3D6578616D3A73747564656E743A65646974, '');
INSERT INTO `sys_log` VALUES ('729330ee9b5748fab32373032afb1c32', '1', '1', '2016-02-15 20:39:57', '127.0.0.1', 'Mozilla/5.0 (Windows NT 6.1; WOW64) AppleWebKit/537.36 (KHTML, like Gecko) Chrome/48.0.2564.97 Safari/537.36', '/jeesite/a/sys/menu/save', 'POST', 0x69643D26706172656E742E69643D366164656230613834636338343965633864316535363361336431383436343726706172656E742E6E616D653DE59CA8E7BABFE88083E8AF95266E616D653DE8AF95E58DB7E5AFBCE587BA26687265663D267461726765743D2669636F6E3D26736F72743D343026697353686F773D3026697341637469766974693D30267065726D697373696F6E3D6578616D3A73747564656E743A6578706F7274, '');
INSERT INTO `sys_log` VALUES ('39399d2aa2124e17a5ccaf287e239bb4', '2', '1', '2016-02-15 21:55:33', '127.0.0.1', 'Mozilla/5.0 (Windows NT 6.1; WOW64) AppleWebKit/537.36 (KHTML, like Gecko) Chrome/48.0.2564.97 Safari/537.36', '/jeesite/a/exam/paper/stu/online', 'GET', 0x69643D6636653562646633356339623466386461613566346639396461363330626663, 0x6F72672E6170616368652E6A61737065722E4A6173706572457863657074696F6E3A20416E20657863657074696F6E206F636375727265642070726F63657373696E67204A53502070616765202F5745422D494E462F76696577732F6D6F64756C65732F6578616D2F73747550617065724F6E6C696E652E6A7370206174206C696E652033350D0A0D0A33323A203C64697620636C6173733D22616C65727420616C6572742D696E666F207370616E34206F66667365743130206E61766261722D66697865642D746F70223E0D0A33333A20202020203C7461626C6520636C6173733D227461626C65223E0D0A33343A2020202020202020203C74723E0D0A33353A202020202020202020202020203C633A666F724561636820626567696E3D22302220656E643D22247B70617065722E6578616D696E654C6973742E73697A657D223E0D0A33363A20202020202020202020202020202020203C74643E6173643C2F74643E0D0A33373A202020202020202020202020203C2F633A666F72456163683E0D0A33383A2020202020202020203C2F74723E0D0A0D0A0D0A537461636B74726163653A);
INSERT INTO `sys_log` VALUES ('fb1b1899ef1b4be983edcd6e33718691', '2', '1', '2016-02-15 22:43:39', '127.0.0.1', 'Mozilla/5.0 (Windows NT 6.1; WOW64) AppleWebKit/537.36 (KHTML, like Gecko) Chrome/48.0.2564.97 Safari/537.36', '/jeesite/a/exam/paper/stu/online', 'GET', 0x69643D6636653562646633356339623466386461613566346639396461363330626663, 0x6F72672E6170616368652E6A61737065722E4A6173706572457863657074696F6E3A206F72672E6170616368652E6A61737065722E4A6173706572457863657074696F6E3A20556E61626C6520746F20636F6D70696C6520636C61737320666F72204A5350);
INSERT INTO `sys_log` VALUES ('496f0060bdf6414587ccf776b55ea6bd', '1', '1', '2016-02-15 22:58:00', '127.0.0.1', 'Mozilla/5.0 (Windows NT 6.1; WOW64) AppleWebKit/537.36 (KHTML, like Gecko) Chrome/48.0.2564.97 Safari/537.36', '/jeesite/a/exam/paper/save', 'POST', 0x69643D6636653562646633356339623466386461613566346639396461363330626663266E616D653DE6B58BE8AF95E58DB7322672656D61726B733DE7A88BE5BA8FE9A1BAE5BA8FE8A784E58899EFBC9AE59CA8E4B880E4B8AAE7BABFE7A88BE4B8ADE6AF8FE4B880E4B8AA68617070656E732D6265666F7265E58588E4BA8EE8AFA5E7BABFE7A88BE79A84E6AF8FE4B880E4B8AAE5908EE7BBADE6938DE4BD9CEFBC88E6AF8FE4B880E4B8AAE5898DE99DA2E79A84E6938DE4BD9CE4BC98E58588E4BA8E2E2E2E2674696D653D3132332664656C466C61673D30, '');
INSERT INTO `sys_log` VALUES ('eafe5599db5e4459839f3f51d6133554', '1', '1', '2016-02-15 22:59:19', '127.0.0.1', 'Mozilla/5.0 (Windows NT 6.1; WOW64) AppleWebKit/537.36 (KHTML, like Gecko) Chrome/48.0.2564.97 Safari/537.36', '/jeesite/a/exam/paper/save', 'POST', 0x69643D6636653562646633356339623466386461613566346639396461363330626663266E616D653DE6B58BE8AF95E58DB7322672656D61726B733DE7A88BE5BA8FE9A1BAE5BA8FE8A784E58899EFBC9AE59CA8E4B880E4B8AAE7BABFE7A88BE4B8ADE6AF8FE4B880E4B8AA68617070656E732D6265666F7265E58588E4BA8EE8AFA5E7BABFE7A88BE79A84E6AF8FE4B880E4B8AAE5908EE7BBADE6938DE4BD9CEFBC88E6AF8FE4B880E4B8AAE5898DE99DA2E79A84E6938DE4BD9CE4BC98E58588E4BA8E2E2E2E2674696D653D3132332664656C466C61673D30, '');
INSERT INTO `sys_log` VALUES ('84a35064205c4ae1b413a1e7e65db396', '1', '1', '2016-02-16 14:18:48', '127.0.0.1', 'Mozilla/5.0 (Windows NT 6.1; WOW64) AppleWebKit/537.36 (KHTML, like Gecko) Chrome/48.0.2564.97 Safari/537.36', '/jeesite/a/sys/dict/save', 'POST', 0x69643D2676616C75653DE88083E8AF95E8AFB4E6988EEFBC9AE59CA8E88083E8AF95E8BF87E7A88BE4B88DE8A681E7A6BBE5BC80E9A1B5E99DA2EFBC8CE59CA8E7AD94E9A298E5AE8CE68890E5908EE4B880E5AE9AE5AE8CE68890E4BAA4E58DB7E6938DE4BD9CEFBC81266C6162656C3D6578616D5F696E74726F26747970653D6578616D5F696E74726F266465736372697074696F6E3DE88083E8AF95E8AFB4E6988E26736F72743D3130, '');
INSERT INTO `sys_log` VALUES ('de1832c8fa13484c90256b6d615bc4c5', '1', '1', '2016-02-16 14:26:07', '127.0.0.1', 'Mozilla/5.0 (Windows NT 6.1; WOW64) AppleWebKit/537.36 (KHTML, like Gecko) Chrome/48.0.2564.97 Safari/537.36', '/jeesite/a/sys/dict/save', 'POST', 0x69643D39386164653865313064633934613231393838316661383638396630653636642676616C75653DE88083E8AF95E8AFB4E6988EEFBC9AE59CA8E88083E8AF95E8BF87E7A88BE4B88DE8A681E7A6BBE5BC80E9A1B5E99DA2E68896E588B7E696B0E9A1B5E99DA2EFBC8CE59CA8E7AD94E9A298E5AE8CE68890E5908EE4B880E5AE9AE8A681E8AEB0E5BE97E782B9E587BBE4BAA4E58DB7EFBC81266C6162656C3D6578616D5F696E74726F26747970653D6578616D5F696E74726F266465736372697074696F6E3DE88083E8AF95E8AFB4E6988E26736F72743D3130, '');
INSERT INTO `sys_log` VALUES ('ade9db4c3cc24158acf9cfb78b89141d', '1', '1', '2016-02-16 15:02:51', '127.0.0.1', 'Mozilla/5.0 (Windows NT 6.1; WOW64) AppleWebKit/537.36 (KHTML, like Gecko) Chrome/48.0.2564.97 Safari/537.36', '/jeesite/a/exam/paper/save', 'POST', 0x69643D3636346566646533363636343431313062303166333239643832353735353566266E616D653DE6B58BE8AF952672656D61726B733DE8BF99E4B8AAE4B8BBE8A681E698AFE6B7BBE58AA0E4BA86E88083E8AF95E697B6E995BFEFBC812674696D653D33302664656C466C61673D30, '');
INSERT INTO `sys_log` VALUES ('854436d423124daa957bd22f420fcca3', '1', '1', '2016-02-16 15:03:01', '127.0.0.1', 'Mozilla/5.0 (Windows NT 6.1; WOW64) AppleWebKit/537.36 (KHTML, like Gecko) Chrome/48.0.2564.97 Safari/537.36', '/jeesite/a/exam/paper/save', 'POST', 0x69643D3732333833323965386133333436363538663636306238656634626432396663266E616D653DE6B58BE8AF95E58DB7312672656D61726B733DE7BC96E8AF91E599A8E59CA8E4B88DE694B9E58F98E7BABFE7A88BE8AFADE4B989E79A84E5898DE68F90E4B88BE8BF9BE8A18CE68E92E5BA8FEFBC8CE4B8BAE4BA86E998B2E6ADA2E7BC96E8AF91E599A8E79A84E68E92E5BA8FE58FAFE4BBA5E8AEBEE5AE9AE58685E5AD98E5A381E99A9CEFBC8CE5BCBAE8BFABE7BC96E8AF91E599A8E4B88DE8BF9BE8A18CE68E922E2E2E2674696D653D39302664656C466C61673D30, '');
INSERT INTO `sys_log` VALUES ('10da445a399b47f396e1e8ba8e885612', '1', '1', '2016-02-16 15:03:07', '127.0.0.1', 'Mozilla/5.0 (Windows NT 6.1; WOW64) AppleWebKit/537.36 (KHTML, like Gecko) Chrome/48.0.2564.97 Safari/537.36', '/jeesite/a/exam/paper/save', 'POST', 0x69643D6136306366373138383733393462313939646133613732366531616430393962266E616D653DE6B58BE8AF95E58DB7332672656D61726B733DE6B58BE8AF95E58DB7332674696D653D38302664656C466C61673D31, '');
INSERT INTO `sys_log` VALUES ('8d557aa8dae54da1824ce274d3453f73', '1', '1', '2016-02-16 15:03:16', '127.0.0.1', 'Mozilla/5.0 (Windows NT 6.1; WOW64) AppleWebKit/537.36 (KHTML, like Gecko) Chrome/48.0.2564.97 Safari/537.36', '/jeesite/a/exam/paper/save', 'POST', 0x69643D6636653562646633356339623466386461613566346639396461363330626663266E616D653DE6B58BE8AF95E58DB7322672656D61726B733DE7A88BE5BA8FE9A1BAE5BA8FE8A784E58899EFBC9AE59CA8E4B880E4B8AAE7BABFE7A88BE4B8ADE6AF8FE4B880E4B8AA68617070656E732D6265666F7265E58588E4BA8EE8AFA5E7BABFE7A88BE79A84E6AF8FE4B880E4B8AAE5908EE7BBADE6938DE4BD9CEFBC88E6AF8FE4B880E4B8AAE5898DE99DA2E79A84E6938DE4BD9CE4BC98E58588E4BA8E2E2E2E2674696D653D3130302664656C466C61673D30, '');
INSERT INTO `sys_log` VALUES ('7edf82c9760b4679a48b56c7f5933a26', '1', '1', '2016-02-16 15:03:25', '127.0.0.1', 'Mozilla/5.0 (Windows NT 6.1; WOW64) AppleWebKit/537.36 (KHTML, like Gecko) Chrome/48.0.2564.97 Safari/537.36', '/jeesite/a/exam/paper/delete', 'GET', 0x69643D3636346566646533363636343431313062303166333239643832353735353566, '');
INSERT INTO `sys_log` VALUES ('47442011f54a448ca6cf075225aa239c', '1', '1', '2016-02-16 15:03:29', '127.0.0.1', 'Mozilla/5.0 (Windows NT 6.1; WOW64) AppleWebKit/537.36 (KHTML, like Gecko) Chrome/48.0.2564.97 Safari/537.36', '/jeesite/a/exam/paper/delete', 'GET', 0x69643D3732333833323965386133333436363538663636306238656634626432396663, '');
INSERT INTO `sys_log` VALUES ('967513266e4a4dda9e6ca13b88318d11', '2', '1', '2016-02-16 15:08:34', '127.0.0.1', 'Mozilla/5.0 (Windows NT 6.1; WOW64) AppleWebKit/537.36 (KHTML, like Gecko) Chrome/48.0.2564.97 Safari/537.36', '/jeesite/a/exam/paper/stu/list', 'GET', '', 0x6A6176612E6C616E672E436C61737343617374457863657074696F6E3A206A6176612E6C616E672E496E74656765722063616E6E6F74206265206361737420746F206A6176612E6C616E672E537472696E67);
INSERT INTO `sys_log` VALUES ('63d4d8635a124c6da091229569b3c633', '1', '1', '2016-02-16 15:12:16', '127.0.0.1', 'Mozilla/5.0 (Windows NT 6.1; WOW64) AppleWebKit/537.36 (KHTML, like Gecko) Chrome/48.0.2564.97 Safari/537.36', '/jeesite/a/exam/save', 'POST', 0x69643D383026636C6173736966793D33267469746C653DE8AF9DE8AFB4E8A5BFE6B8B8E8AEB0EFBC9F26696D6167653D2F6A6565736974652F7573657266696C65732F312F5F7468756D62732F696D616765732F636D732F61727469636C652F323031362F30322F422F7573657266696C65732F312F5F7468756D62732F696D616765732F636D732F61727469636C652F2E2E2E26616E737765723DE8A5BFE6B8B8E8AEB0E698AFE4B880E4B8AAE7BB8FE585B8E4BCA0E5A587E38082E8A5BFE6B8B8E8AEB0E698AFE4B880E4B8AAE7BB8FE585B8E4BCA0E5A587E38082E8A5BFE6B8B8E8AEB0E698AFE4B880E4B8AAE7BB8FE585B8E4BCA0E5A587E38082266465736372697074696F6E3DE6B58BE8AF95E7AE80E7AD94E9A298, '');
INSERT INTO `sys_log` VALUES ('c3ee2b854022405fb627f604c881a1d7', '2', '1', '2016-02-16 20:05:42', '127.0.0.1', 'Mozilla/5.0 (Windows NT 6.1; WOW64; rv:36.0) Gecko/20100101 Firefox/36.0', '/jeesite/a/exam/score/addScore', 'GET', 0x726573756C743D3130353D6E756C6C2C3130383D6E756C6C2C3131323D6E756C6C2C3131353D6E756C6C2C3131383D6E756C6C2C31323D6E756C6C2C3132323D6E756C6C2C3132353D6E756C6C2C3132383D6E756C6C2C3133323D6E756C6C2C3133353D6E756C6C2E2E2E2670617065722E69643D6636653562646633356339623466386461613566346639396461363330626663, 0x6A617661782E76616C69646174696F6E2E556E657870656374656454797065457863657074696F6E3A2048563030303033303A204E6F2076616C696461746F7220636F756C6420626520666F756E6420666F7220747970653A206A6176612E6C616E672E496E74656765722E);
INSERT INTO `sys_log` VALUES ('edf6403dcc64402d84475128871d0091', '2', '1', '2016-02-16 20:09:19', '127.0.0.1', 'Mozilla/5.0 (Windows NT 6.1; WOW64; rv:36.0) Gecko/20100101 Firefox/36.0', '/jeesite/a/exam/score/addScore', 'GET', 0x726573756C743D3130353D6E756C6C2C3130383D6E756C6C2C3131323D6E756C6C2C3131353D6E756C6C2C3131383D6E756C6C2C31323D6E756C6C2C3132323D6E756C6C2C3132353D6E756C6C2C3132383D6E756C6C2C3133323D6E756C6C2C3133353D6E756C6C2E2E2E2670617065722E69643D6636653562646633356339623466386461613566346639396461363330626663, 0x6A617661782E76616C69646174696F6E2E556E657870656374656454797065457863657074696F6E3A2048563030303033303A204E6F2076616C696461746F7220636F756C6420626520666F756E6420666F7220747970653A206A6176612E6C616E672E496E74656765722E);
INSERT INTO `sys_log` VALUES ('8e603c5903f8459fa019a6d852b96cc3', '2', '1', '2016-02-16 20:14:17', '127.0.0.1', 'Mozilla/5.0 (Windows NT 6.1; WOW64; rv:36.0) Gecko/20100101 Firefox/36.0', '/jeesite/a/exam/score/addScore', 'GET', 0x726573756C743D3130353D6E756C6C2C3130383D6E756C6C2C3131323D6E756C6C2C3131353D6E756C6C2C3131383D6E756C6C2C31323D6E756C6C2C3132323D6E756C6C2C3132353D6E756C6C2C3132383D6E756C6C2C3133323D6E756C6C2C3133353D6E756C6C2E2E2E2670617065722E69643D6636653562646633356339623466386461613566346639396461363330626663, 0x6A617661782E76616C69646174696F6E2E556E657870656374656454797065457863657074696F6E3A2048563030303033303A204E6F2076616C696461746F7220636F756C6420626520666F756E6420666F7220747970653A206A6176612E6C616E672E496E74656765722E);
INSERT INTO `sys_log` VALUES ('4bbad80d0bbc4befa96cdeb6f2195ce1', '1', '1', '2016-02-16 22:35:30', '127.0.0.1', 'Mozilla/5.0 (Windows NT 6.1; WOW64; rv:36.0) Gecko/20100101 Firefox/36.0', '/jeesite/a/exam/paper/save', 'POST', 0x69643D6636653562646633356339623466386461613566346639396461363330626663266E616D653DE6B58BE8AF95E58DB7322672656D61726B733DE7A88BE5BA8FE9A1BAE5BA8FE8A784E58899EFBC9AE59CA8E4B880E4B8AAE7BABFE7A88BE4B8ADE6AF8FE4B880E4B8AA68617070656E732D6265666F7265E58588E4BA8EE8AFA5E7BABFE7A88BE79A84E6AF8FE4B880E4B8AAE5908EE7BBADE6938DE4BD9CEFBC88E6AF8FE4B880E4B8AAE5898DE99DA2E79A84E6938DE4BD9CE4BC98E58588E4BA8E2E2E2E2674696D653D312664656C466C61673D30, '');
INSERT INTO `sys_log` VALUES ('30c8d2643f0a4d6192b0cf598fa172a8', '2', '1', '2016-02-17 13:53:23', '127.0.0.1', 'Mozilla/5.0 (Windows NT 6.1; WOW64) AppleWebKit/537.36 (KHTML, like Gecko) Chrome/48.0.2564.97 Safari/537.36', '/jeesite/a/exam/score/addScore', 'GET', 0x726573756C743D3130353D412C3130383D412C3131323D412C3131353D6E756C6C2C3131383D6E756C6C2C31323D6E756C6C2C3132323D6E756C6C2C3132353D6E756C6C2C3132383D6E756C6C2C3133323D6E756C6C2C3133353D6E756C6C2C3133383D6E756C6C2E2E2E2670617065722E69643D6636653562646633356339623466386461613566346639396461363330626663, 0x6A6176612E6C616E672E4172726179496E6465784F75744F66426F756E6473457863657074696F6E3A2031);
INSERT INTO `sys_log` VALUES ('03d3860cb7494eb0ad90131cc1edbbcc', '2', '1', '2016-02-17 13:55:07', '127.0.0.1', 'Mozilla/5.0 (Windows NT 6.1; WOW64) AppleWebKit/537.36 (KHTML, like Gecko) Chrome/48.0.2564.97 Safari/537.36', '/jeesite/a/exam/score/addScore', 'GET', 0x726573756C743D3130353D412C3130383D412C3131323D412C3131353D6E756C6C2C3131383D6E756C6C2C31323D6E756C6C2C3132323D6E756C6C2C3132353D6E756C6C2C3132383D6E756C6C2C3133323D6E756C6C2C3133353D6E756C6C2C3133383D6E756C6C2E2E2E2670617065722E69643D6636653562646633356339623466386461613566346639396461363330626663, 0x6A6176612E6C616E672E4172726179496E6465784F75744F66426F756E6473457863657074696F6E3A2031);
INSERT INTO `sys_log` VALUES ('bfd5b13f22a9419c883a50b4d8832951', '2', '1', '2016-02-17 13:57:09', '127.0.0.1', 'Mozilla/5.0 (Windows NT 6.1; WOW64) AppleWebKit/537.36 (KHTML, like Gecko) Chrome/48.0.2564.97 Safari/537.36', '/jeesite/a/exam/score/addScore', 'GET', 0x726573756C743D3130353D412C3130383D412C3131323D412C3131353D6E756C6C2C3131383D6E756C6C2C31323D6E756C6C2C3132323D6E756C6C2C3132353D6E756C6C2C3132383D6E756C6C2C3133323D6E756C6C2C3133353D6E756C6C2C3133383D6E756C6C2E2E2E2670617065722E69643D6636653562646633356339623466386461613566346639396461363330626663, 0x6A6176612E6C616E672E4172726179496E6465784F75744F66426F756E6473457863657074696F6E3A2031);
INSERT INTO `sys_log` VALUES ('16013b0309d8495cb5dc72947b875037', '2', '1', '2016-02-17 13:59:32', '127.0.0.1', 'Mozilla/5.0 (Windows NT 6.1; WOW64) AppleWebKit/537.36 (KHTML, like Gecko) Chrome/48.0.2564.97 Safari/537.36', '/jeesite/a/exam/score/addScore', 'GET', 0x726573756C743D3130353D6E756C6C2C3130383D6E756C6C2C3131323D6E756C6C2C3131353D6E756C6C2C3131383D6E756C6C2C31323D6E756C6C2C3132323D6E756C6C2C3132353D6E756C6C2C3132383D6E756C6C2C3133323D6E756C6C2C3133353D6E756C6C2E2E2E2670617065722E69643D6636653562646633356339623466386461613566346639396461363330626663, 0x6A6176612E6C616E672E4172726179496E6465784F75744F66426F756E6473457863657074696F6E3A2031);
INSERT INTO `sys_log` VALUES ('87abb3c7026c4741aa3a9dda2b23d1fd', '2', '1', '2016-02-17 14:01:00', '127.0.0.1', 'Mozilla/5.0 (Windows NT 6.1; WOW64) AppleWebKit/537.36 (KHTML, like Gecko) Chrome/48.0.2564.97 Safari/537.36', '/jeesite/a/exam/score/addScore', 'GET', 0x726573756C743D3130353D6E756C6C2C3130383D6E756C6C2C3131323D6E756C6C2C3131353D6E756C6C2C3131383D6E756C6C2C31323D6E756C6C2C3132323D6E756C6C2C3132353D6E756C6C2C3132383D6E756C6C2C3133323D6E756C6C2C3133353D6E756C6C2E2E2E2670617065722E69643D6636653562646633356339623466386461613566346639396461363330626663, 0x6A6176612E6C616E672E4172726179496E6465784F75744F66426F756E6473457863657074696F6E3A2031);
INSERT INTO `sys_log` VALUES ('df065d8110984e8180b1d2220e4c2fce', '2', '1', '2016-02-17 14:01:17', '127.0.0.1', 'Mozilla/5.0 (Windows NT 6.1; WOW64) AppleWebKit/537.36 (KHTML, like Gecko) Chrome/48.0.2564.97 Safari/537.36', '/jeesite/a/exam/score/addScore', 'GET', 0x726573756C743D3130353D6E756C6C2C3130383D6E756C6C2C3131323D6E756C6C2C3131353D6E756C6C2C3131383D6E756C6C2C31323D6E756C6C2C3132323D6E756C6C2C3132353D6E756C6C2C3132383D6E756C6C2C3133323D6E756C6C2C3133353D6E756C6C2E2E2E2670617065722E69643D6636653562646633356339623466386461613566346639396461363330626663, 0x6A6176612E6C616E672E4172726179496E6465784F75744F66426F756E6473457863657074696F6E3A2031);
INSERT INTO `sys_log` VALUES ('0258ad8f2de3452fb350f536e98a84cf', '2', '1', '2016-02-17 14:05:03', '127.0.0.1', 'Mozilla/5.0 (Windows NT 6.1; WOW64) AppleWebKit/537.36 (KHTML, like Gecko) Chrome/48.0.2564.97 Safari/537.36', '/jeesite/a/exam/score/addScore', 'GET', 0x726573756C743D3130353D6E756C6C2C3130383D6E756C6C2C3131323D6E756C6C2C3131353D6E756C6C2C3131383D6E756C6C2C31323D6E756C6C2C3132323D6E756C6C2C3132353D6E756C6C2C3132383D6E756C6C2C3133323D6E756C6C2C3133353D6E756C6C2E2E2E2670617065722E69643D6636653562646633356339623466386461613566346639396461363330626663, 0x6A6176612E6C616E672E4172726179496E6465784F75744F66426F756E6473457863657074696F6E3A2031);
INSERT INTO `sys_log` VALUES ('d4c50551f7da4fa784116b00ca428b02', '2', '1', '2016-02-17 14:11:40', '127.0.0.1', 'Mozilla/5.0 (Windows NT 6.1; WOW64) AppleWebKit/537.36 (KHTML, like Gecko) Chrome/48.0.2564.97 Safari/537.36', '/jeesite/a/exam/score/addScore', 'GET', 0x726573756C743D3130353D6E756C6C2C3130383D6E756C6C2C3131323D6E756C6C2C3131353D6E756C6C2C3131383D6E756C6C2C31323D6E756C6C2C3132323D6E756C6C2C3132353D6E756C6C2C3132383D6E756C6C2C3133323D6E756C6C2C3133353D6E756C6C2E2E2E2670617065722E69643D6636653562646633356339623466386461613566346639396461363330626663, 0x6A6176612E6C616E672E4172726179496E6465784F75744F66426F756E6473457863657074696F6E3A2031);
INSERT INTO `sys_log` VALUES ('6eec16009c394c9e84b83720d3fe3724', '2', '1', '2016-02-17 14:14:20', '127.0.0.1', 'Mozilla/5.0 (Windows NT 6.1; WOW64) AppleWebKit/537.36 (KHTML, like Gecko) Chrome/48.0.2564.97 Safari/537.36', '/jeesite/a/exam/score/addScore', 'GET', 0x726573756C743D3130353D6E756C6C2C3130383D6E756C6C2C3131323D6E756C6C2C3131353D6E756C6C2C3131383D6E756C6C2C31323D6E756C6C2C3132323D6E756C6C2C3132353D6E756C6C2C3132383D6E756C6C2C3133323D6E756C6C2C3133353D6E756C6C2E2E2E2670617065722E69643D6636653562646633356339623466386461613566346639396461363330626663, 0x6A6176612E6C616E672E4E756C6C506F696E746572457863657074696F6E);
INSERT INTO `sys_log` VALUES ('5cc3b2bcc75d455aa075d7ccb002eefe', '2', '1', '2016-02-17 14:17:52', '127.0.0.1', 'Mozilla/5.0 (Windows NT 6.1; WOW64) AppleWebKit/537.36 (KHTML, like Gecko) Chrome/48.0.2564.97 Safari/537.36', '/jeesite/a/exam/score/addScore', 'GET', 0x726573756C743D3130353D6E756C6C2C3130383D6E756C6C2C3131323D6E756C6C2C3131353D6E756C6C2C3131383D6E756C6C2C31323D6E756C6C2C3132323D6E756C6C2C3132353D6E756C6C2C3132383D6E756C6C2C3133323D6E756C6C2C3133353D6E756C6C2E2E2E2670617065722E69643D6636653562646633356339623466386461613566346639396461363330626663, 0x6A6176612E6C616E672E4E756C6C506F696E746572457863657074696F6E);
INSERT INTO `sys_log` VALUES ('3cdd00491c2b4115b45fd054e8986699', '2', '1', '2016-02-17 14:17:54', '127.0.0.1', 'Mozilla/5.0 (Windows NT 6.1; WOW64) AppleWebKit/537.36 (KHTML, like Gecko) Chrome/48.0.2564.97 Safari/537.36', '/jeesite/a/exam/score/addScore', 'GET', 0x726573756C743D3130353D6E756C6C2C3130383D6E756C6C2C3131323D6E756C6C2C3131353D6E756C6C2C3131383D6E756C6C2C31323D6E756C6C2C3132323D6E756C6C2C3132353D6E756C6C2C3132383D6E756C6C2C3133323D6E756C6C2C3133353D6E756C6C2E2E2E2670617065722E69643D6636653562646633356339623466386461613566346639396461363330626663, 0x6A6176612E6C616E672E4E756C6C506F696E746572457863657074696F6E);
INSERT INTO `sys_log` VALUES ('108b0c944736445e929821c032482298', '2', '1', '2016-02-17 14:23:23', '127.0.0.1', 'Mozilla/5.0 (Windows NT 6.1; WOW64) AppleWebKit/537.36 (KHTML, like Gecko) Chrome/48.0.2564.97 Safari/537.36', '/jeesite/a/exam/score/addScore', 'GET', 0x726573756C743D3130353D6E756C6C2C3130383D6E756C6C2C3131323D6E756C6C2C3131353D6E756C6C2C3131383D6E756C6C2C31323D6E756C6C2C3132323D6E756C6C2C3132353D6E756C6C2C3132383D6E756C6C2C3133323D6E756C6C2C3133353D6E756C6C2E2E2E2670617065722E69643D6636653562646633356339623466386461613566346639396461363330626663, 0x6A6176612E6C616E672E4E756C6C506F696E746572457863657074696F6E);
INSERT INTO `sys_log` VALUES ('b6ed523e20cc4ca0b78f6543f06d894f', '1', '1', '2016-02-17 14:26:06', '127.0.0.1', 'Mozilla/5.0 (Windows NT 6.1; WOW64) AppleWebKit/537.36 (KHTML, like Gecko) Chrome/48.0.2564.97 Safari/537.36', '/jeesite/a/exam/paper/delete', 'GET', 0x69643D6636653562646633356339623466386461613566346639396461363330626663, '');
INSERT INTO `sys_log` VALUES ('073a9fe80a6642b7a040f927a9bba849', '2', '1', '2016-02-17 14:27:07', '127.0.0.1', 'Mozilla/5.0 (Windows NT 6.1; WOW64) AppleWebKit/537.36 (KHTML, like Gecko) Chrome/48.0.2564.97 Safari/537.36', '/jeesite/a/exam/score/addScore', 'GET', 0x726573756C743D3130353D422C313D312670617065722E69643D6136306366373138383733393462313939646133613732366531616430393962, 0x6A6176612E6C616E672E4E756C6C506F696E746572457863657074696F6E);
INSERT INTO `sys_log` VALUES ('c4727407e3714b50874f48c7b61042c3', '2', '1', '2016-02-17 14:31:39', '127.0.0.1', 'Mozilla/5.0 (Windows NT 6.1; WOW64) AppleWebKit/537.36 (KHTML, like Gecko) Chrome/48.0.2564.97 Safari/537.36', '/jeesite/a/exam/score/addScore', 'GET', 0x726573756C743D3130353D422C313D312670617065722E69643D6136306366373138383733393462313939646133613732366531616430393962, 0x6A6176612E6C616E672E4E756C6C506F696E746572457863657074696F6E);
INSERT INTO `sys_log` VALUES ('fa4d8510a5af44d7bf1eff6037817798', '1', '1', '2016-02-17 14:39:16', '127.0.0.1', 'Mozilla/5.0 (Windows NT 6.1; WOW64) AppleWebKit/537.36 (KHTML, like Gecko) Chrome/48.0.2564.97 Safari/537.36', '/jeesite/a/exam/paper/delete', 'GET', 0x69643D6136306366373138383733393462313939646133613732366531616430393962, '');
INSERT INTO `sys_log` VALUES ('8562483ec7ed42c1a126782dfdf90a74', '2', '1', '2016-02-17 17:11:59', '127.0.0.1', 'Mozilla/5.0 (Windows NT 6.1; WOW64) AppleWebKit/537.36 (KHTML, like Gecko) Chrome/48.0.2564.97 Safari/537.36', '/jeesite/a/exam/paper/del', 'GET', 0x69643D3636346566646533363636343431313062303166333239643832353735353566, 0x6F72672E68696265726E6174652E4D617070696E67457863657074696F6E3A20556E6B6E6F776E20656E746974793A203636346566646533363636343431313062303166333239643832353735353566);
INSERT INTO `sys_log` VALUES ('fd387520f9f849e38050aef3207ef9d5', '1', '1', '2016-02-17 17:19:23', '127.0.0.1', 'Mozilla/5.0 (Windows NT 6.1; WOW64) AppleWebKit/537.36 (KHTML, like Gecko) Chrome/48.0.2564.97 Safari/537.36', '/jeesite/a/exam/paper/save', 'POST', 0x69643D266E616D653DE6B58BE8AF95E58DB7312672656D61726B733D20766F6C6174696C65E8BF99E4B8AAE585B3E994AEE5AD97E58FAFE883BDE5BE88E5A49AE69C8BE58F8BE983BDE590ACE8AFB4E8BF87EFBC8CE68896E8AEB8E4B99FE983BDE794A8E8BF87E38082E59CA84A6176612035E4B98BE5898DEFBC8CE5AE83E698AFE4B880E4B8AAE5A487E58F97E4BA89E8AEAEE79A84E585B3E994AEE5AD97EFBC8CE59BA02E2E2E2674696D653D3132332664656C466C61673D30, '');
INSERT INTO `sys_log` VALUES ('175a2610c4f843dfacc17b64b4439656', '1', '1', '2016-02-17 17:19:39', '127.0.0.1', 'Mozilla/5.0 (Windows NT 6.1; WOW64) AppleWebKit/537.36 (KHTML, like Gecko) Chrome/48.0.2564.97 Safari/537.36', '/jeesite/a/exam/paper/save', 'POST', 0x69643D266E616D653DE8AEA1E7AE97E69CBAE7BD91E7BB9C2672656D61726B733D20766F6C6174696C65E8BF99E4B8AAE585B3E994AEE5AD97E58FAFE883BDE5BE88E5A49AE69C8BE58F8BE983BDE590ACE8AFB4E8BF87EFBC8CE68896E8AEB8E4B99FE983BDE794A8E8BF87E38082E59CA84A6176612035E4B98BE5898DEFBC8CE5AE83E698AFE4B880E4B8AAE5A487E58F97E4BA89E8AEAEE79A84E585B3E994AEE5AD97EFBC8CE59BA02E2E2E2674696D653D39302664656C466C61673D30, '');
INSERT INTO `sys_log` VALUES ('0a1ade2e4cd24b85bf770e1aca4f26e3', '2', '1', '2016-02-17 17:21:46', '127.0.0.1', 'Mozilla/5.0 (Windows NT 6.1; WOW64) AppleWebKit/537.36 (KHTML, like Gecko) Chrome/48.0.2564.97 Safari/537.36', '/jeesite/a/exam/paper/del', 'GET', 0x69643D3938653031396433613762383439663139326436623061613662396235323530, 0x6F72672E737072696E676672616D65776F726B2E64616F2E44617461496E7465677269747956696F6C6174696F6E457863657074696F6E3A20636F756C64206E6F7420657865637574652073746174656D656E743B2053514C205B6E2F615D3B20636F6E73747261696E74205B6E756C6C5D3B206E657374656420657863657074696F6E206973206F72672E68696265726E6174652E657863657074696F6E2E436F6E73747261696E7456696F6C6174696F6E457863657074696F6E3A20636F756C64206E6F7420657865637574652073746174656D656E74);
INSERT INTO `sys_log` VALUES ('070538b140ad40c4b4aa1876857c4ff2', '1', '1', '2016-02-17 17:25:16', '127.0.0.1', 'Mozilla/5.0 (Windows NT 6.1; WOW64) AppleWebKit/537.36 (KHTML, like Gecko) Chrome/48.0.2564.97 Safari/537.36', '/jeesite/a/exam/paper/save', 'POST', 0x69643D266E616D653DE6B58BE8AF95E58DB7332672656D61726B733D20766F6C6174696C65E8BF99E4B8AAE585B3E994AEE5AD97E58FAFE883BDE5BE88E5A49AE69C8BE58F8BE983BDE590ACE8AFB4E8BF87EFBC8CE68896E8AEB8E4B99FE983BDE794A8E8BF87E38082E59CA84A6176612035E4B98BE5898DEFBC8CE5AE83E698AFE4B880E4B8AAE5A487E58F97E4BA89E8AEAEE79A84E585B3E994AEE5AD97EFBC8CE59BA02E2E2E2674696D653D39302664656C466C61673D30, '');
INSERT INTO `sys_log` VALUES ('d3171476253b4527ab9005adffda2486', '2', '1', '2016-02-17 17:25:30', '127.0.0.1', 'Mozilla/5.0 (Windows NT 6.1; WOW64) AppleWebKit/537.36 (KHTML, like Gecko) Chrome/48.0.2564.97 Safari/537.36', '/jeesite/a/exam/paper/del', 'GET', 0x69643D, 0x6A6176612E6C616E672E496C6C6567616C417267756D656E74457863657074696F6E3A20617474656D707420746F206372656174652064656C657465206576656E742077697468206E756C6C20656E74697479);
INSERT INTO `sys_log` VALUES ('66531e0c50d94b38a00c6287925124e8', '1', '1', '2016-02-17 17:34:58', '127.0.0.1', 'Mozilla/5.0 (Windows NT 6.1; WOW64) AppleWebKit/537.36 (KHTML, like Gecko) Chrome/48.0.2564.97 Safari/537.36', '/jeesite/a/exam/paper/save', 'POST', 0x69643D266E616D653DE6B58BE8AF95E58DB7312672656D61726B733D766F6C6174696C65E585B3E994AEE5AD97E899BDE784B6E4BB8EE5AD97E99DA2E4B88AE79086E8A7A3E8B5B7E69DA5E6AF94E8BE83E7AE80E58D95EFBC8CE4BD86E698AFE8A681E794A8E5A5BDE4B88DE698AFE4B880E4BBB6E5AEB9E69893E79A84E4BA8BE68385E38082E794B1E4BA8E766F6C6174696C65E585B3E994AEE5AD97E698AFE4B88E4A2E2E2E2674696D653D3132332664656C466C61673D30, '');
INSERT INTO `sys_log` VALUES ('42bd78fc6a1946d189917d9acf3bad2f', '1', '1', '2016-02-17 17:35:08', '127.0.0.1', 'Mozilla/5.0 (Windows NT 6.1; WOW64) AppleWebKit/537.36 (KHTML, like Gecko) Chrome/48.0.2564.97 Safari/537.36', '/jeesite/a/exam/paper/save', 'POST', 0x69643D266E616D653DE6B58BE8AF95E58DB7332672656D61726B733D766F6C6174696C65E585B3E994AEE5AD97E899BDE784B6E4BB8EE5AD97E99DA2E4B88AE79086E8A7A3E8B5B7E69DA5E6AF94E8BE83E7AE80E58D95EFBC8CE4BD86E698AFE8A681E794A8E5A5BDE4B88DE698AFE4B880E4BBB6E5AEB9E69893E79A84E4BA8BE68385E38082E794B1E4BA8E766F6C6174696C65E585B3E994AEE5AD97E698AFE4B88E4A2E2E2E2674696D653D39302664656C466C61673D30, '');
INSERT INTO `sys_log` VALUES ('64f51f0334df43319528322be0052edc', '1', '1', '2016-02-17 17:40:22', '127.0.0.1', 'Mozilla/5.0 (Windows NT 6.1; WOW64) AppleWebKit/537.36 (KHTML, like Gecko) Chrome/48.0.2564.97 Safari/537.36', '/jeesite/a/exam/delete', 'GET', 0x69643D313636, '');
INSERT INTO `sys_log` VALUES ('70e384518cda43c78a1ce439c5a4721b', '2', '1', '2016-02-17 17:50:36', '127.0.0.1', 'User-Agent: Mozilla/5.0 (compatible; MSIE 9.0; Windows NT 6.1; WOW64; Trident/5.0; BIDUBrowser 8.2)', '/jeesite/userfiles/1/files/Java%E7%BD%91%E7%AB%99%E5%BC%80%E5%8F%91%E5%88%A9%E5%99%A8%20%E2%80%94%20Spring3%20MVC%20%2B%20MyBatis.ppt', 'GET', '', 0x6F72672E6170616368652E636174616C696E612E636F6E6E6563746F722E436C69656E7441626F7274457863657074696F6E3A206A6176612E696F2E494F457863657074696F6E3A20415052206572726F723A202D373330303534);
INSERT INTO `sys_log` VALUES ('36cc1ca9661943ecb0c1799b40e730a8', '2', '1', '2016-02-17 17:50:37', '127.0.0.1', 'User-Agent: Mozilla/5.0 (compatible; MSIE 9.0; Windows NT 6.1; WOW64; Trident/5.0; BIDUBrowser 8.2)', '/jeesite/userfiles/1/files/Java%E7%BD%91%E7%AB%99%E5%BC%80%E5%8F%91%E5%88%A9%E5%99%A8%20%E2%80%94%20Spring3%20MVC%20%2B%20MyBatis.ppt', 'GET', '', 0x6F72672E6170616368652E636174616C696E612E636F6E6E6563746F722E436C69656E7441626F7274457863657074696F6E3A206A6176612E696F2E494F457863657074696F6E3A20415052206572726F723A202D373330303534);
INSERT INTO `sys_log` VALUES ('d7f3cbbf40e447f686384f70a589ff44', '2', '1', '2016-02-17 17:50:37', '127.0.0.1', 'User-Agent: Mozilla/5.0 (compatible; MSIE 9.0; Windows NT 6.1; WOW64; Trident/5.0; BIDUBrowser 8.2)', '/jeesite/userfiles/1/files/Java%E7%BD%91%E7%AB%99%E5%BC%80%E5%8F%91%E5%88%A9%E5%99%A8%20%E2%80%94%20Spring3%20MVC%20%2B%20MyBatis.ppt', 'GET', '', 0x6F72672E6170616368652E636174616C696E612E636F6E6E6563746F722E436C69656E7441626F7274457863657074696F6E3A206A6176612E696F2E494F457863657074696F6E3A20415052206572726F723A202D373330303534);
INSERT INTO `sys_log` VALUES ('ff771294d3324c549cc2c82814fc98c9', '2', '1', '2016-02-17 17:50:37', '127.0.0.1', 'User-Agent: Mozilla/5.0 (compatible; MSIE 9.0; Windows NT 6.1; WOW64; Trident/5.0; BIDUBrowser 8.2)', '/jeesite/userfiles/1/files/Java%E7%BD%91%E7%AB%99%E5%BC%80%E5%8F%91%E5%88%A9%E5%99%A8%20%E2%80%94%20Spring3%20MVC%20%2B%20MyBatis.ppt', 'GET', '', 0x6F72672E6170616368652E636174616C696E612E636F6E6E6563746F722E436C69656E7441626F7274457863657074696F6E3A206A6176612E696F2E494F457863657074696F6E3A20415052206572726F723A202D373330303534);
INSERT INTO `sys_log` VALUES ('7948c3570c2c46f8a7df0e4628a488ac', '2', '1', '2016-02-17 17:50:37', '127.0.0.1', 'User-Agent: Mozilla/5.0 (compatible; MSIE 9.0; Windows NT 6.1; WOW64; Trident/5.0; BIDUBrowser 8.2)', '/jeesite/userfiles/1/files/Java%E7%BD%91%E7%AB%99%E5%BC%80%E5%8F%91%E5%88%A9%E5%99%A8%20%E2%80%94%20Spring3%20MVC%20%2B%20MyBatis.ppt', 'GET', '', 0x6F72672E6170616368652E636174616C696E612E636F6E6E6563746F722E436C69656E7441626F7274457863657074696F6E3A206A6176612E696F2E494F457863657074696F6E3A20415052206572726F723A202D373330303534);
INSERT INTO `sys_log` VALUES ('c35c390ccc7741329ed7b1b33ec4848c', '2', '1', '2016-02-17 17:50:37', '127.0.0.1', 'User-Agent: Mozilla/5.0 (compatible; MSIE 9.0; Windows NT 6.1; WOW64; Trident/5.0; BIDUBrowser 8.2)', '/jeesite/userfiles/1/files/Java%E7%BD%91%E7%AB%99%E5%BC%80%E5%8F%91%E5%88%A9%E5%99%A8%20%E2%80%94%20Spring3%20MVC%20%2B%20MyBatis.ppt', 'GET', '', 0x6F72672E6170616368652E636174616C696E612E636F6E6E6563746F722E436C69656E7441626F7274457863657074696F6E3A206A6176612E696F2E494F457863657074696F6E3A20415052206572726F723A202D373330303534);
INSERT INTO `sys_log` VALUES ('cc28f033f4e14bbdbc6b1b4e1ad28d93', '2', '1', '2016-02-17 17:50:57', '127.0.0.1', 'Mozilla/5.0 (compatible; MSIE 9.0; Windows NT 6.1; WOW64; Trident/5.0; BIDUBrowser 8.2)', '/jeesite/userfiles/1/files/112_1603_1605_0.crx', 'GET', '', 0x6F72672E6170616368652E636174616C696E612E636F6E6E6563746F722E436C69656E7441626F7274457863657074696F6E3A206A6176612E696F2E494F457863657074696F6E3A20415052206572726F723A202D373330303534);
INSERT INTO `sys_log` VALUES ('cdd84d6afb9e4634b3d90b5fb87a20c0', '2', '1', '2016-02-17 17:50:58', '127.0.0.1', 'Mozilla/5.0 (compatible; MSIE 9.0; Windows NT 6.1; WOW64; Trident/5.0; BIDUBrowser 8.2)', '/jeesite/userfiles/1/files/Java%E7%BD%91%E7%AB%99%E5%BC%80%E5%8F%91%E5%88%A9%E5%99%A8%20%E2%80%94%20Spring3%20MVC%20%2B%20MyBatis.ppt', 'GET', '', 0x6F72672E6170616368652E636174616C696E612E636F6E6E6563746F722E436C69656E7441626F7274457863657074696F6E3A206A6176612E696F2E494F457863657074696F6E3A20415052206572726F723A202D313230303031);
INSERT INTO `sys_log` VALUES ('d174f3263b2d4117a472fc7a3997ef7f', '1', '1', '2016-02-18 19:14:56', '127.0.0.1', 'Mozilla/5.0 (Windows NT 6.1; WOW64) AppleWebKit/537.36 (KHTML, like Gecko) Chrome/48.0.2564.97 Safari/537.36', '/jeesite/a/sys/menu/save', 'POST', 0x69643D333461353962316163643631343264323835313030346135613462386361306126706172656E742E69643D353663646639643235643361343563393935383933323264653234323864663326706172656E742E6E616D653DE5ADA6E7949FE7ABAF266E616D653DE68890E7BBA9E69FA5E8AFA226687265663D267461726765743D2669636F6E3D626F6F6B26736F72743D343026697353686F773D3126697341637469766974693D30267065726D697373696F6E3D6578616D3A73747564656E743A76696577, '');
INSERT INTO `sys_log` VALUES ('5cf349d3c1024b51b0984e2137a15723', '1', '1', '2016-02-18 19:17:48', '127.0.0.1', 'Mozilla/5.0 (Windows NT 6.1; WOW64) AppleWebKit/537.36 (KHTML, like Gecko) Chrome/48.0.2564.97 Safari/537.36', '/jeesite/a/sys/menu/save', 'POST', 0x69643D333461353962316163643631343264323835313030346135613462386361306126706172656E742E69643D353663646639643235643361343563393935383933323264653234323864663326706172656E742E6E616D653DE5ADA6E7949FE7ABAF266E616D653DE68890E7BBA9E69FA5E8AFA226687265663D2F6578616D2F70617065722F7374752F73636F726573267461726765743D2669636F6E3D626F6F6B26736F72743D343026697353686F773D3126697341637469766974693D30267065726D697373696F6E3D6578616D3A73747564656E743A76696577, '');
INSERT INTO `sys_log` VALUES ('229034db8ee146a3821cbbdc5ecdb531', '1', '1', '2016-02-18 19:20:42', '127.0.0.1', 'Mozilla/5.0 (Windows NT 6.1; WOW64) AppleWebKit/537.36 (KHTML, like Gecko) Chrome/48.0.2564.97 Safari/537.36', '/jeesite/a/sys/menu/save', 'POST', 0x69643D333461353962316163643631343264323835313030346135613462386361306126706172656E742E69643D353663646639643235643361343563393935383933323264653234323864663326706172656E742E6E616D653DE5ADA6E7949FE7ABAF266E616D653DE68890E7BBA9E69FA5E8AFA226687265663D2F6578616D2F73636F72652F7374752F73636F726573267461726765743D2669636F6E3D626F6F6B26736F72743D343026697353686F773D3126697341637469766974693D30267065726D697373696F6E3D6578616D3A73747564656E743A76696577, '');
INSERT INTO `sys_log` VALUES ('83514439f30441aa9fbbab8cba78a7be', '2', '1', '2016-02-18 19:43:54', '127.0.0.1', 'Mozilla/5.0 (Windows NT 6.1; WOW64) AppleWebKit/537.36 (KHTML, like Gecko) Chrome/48.0.2564.97 Safari/537.36', '/jeesite/a/exam/score/stu/scores', 'GET', '', 0x6F72672E6170616368652E6A61737065722E4A6173706572457863657074696F6E3A206F72672E6170616368652E6A61737065722E4A6173706572457863657074696F6E3A20556E61626C6520746F20636F6D70696C6520636C61737320666F72204A5350);
INSERT INTO `sys_log` VALUES ('7a16ff8b0b2b45149b9c5636496b922d', '1', '1', '2016-02-24 11:22:48', '127.0.0.1', 'Mozilla/5.0 (Windows NT 6.1; WOW64) AppleWebKit/537.36 (KHTML, like Gecko) Chrome/48.0.2564.97 Safari/537.36', '/jeesite/a/sys/menu/updateSort', 'POST', 0x6964733D366164363362663038313232346431386137653461626636393439383937633526736F7274733D313030, '');
INSERT INTO `sys_log` VALUES ('104f378540374bdaa5afb6d3e91e3e21', '1', '1', '2016-02-24 11:23:02', '127.0.0.1', 'Mozilla/5.0 (Windows NT 6.1; WOW64) AppleWebKit/537.36 (KHTML, like Gecko) Chrome/48.0.2564.97 Safari/537.36', '/jeesite/a/sys/menu/updateSort', 'POST', 0x6964733D366164363362663038313232346431386137653461626636393439383937633526736F7274733D313030, '');
INSERT INTO `sys_log` VALUES ('96698606bcdf45e89d1c4aaa08952225', '1', '1', '2016-02-24 11:24:13', '127.0.0.1', 'Mozilla/5.0 (Windows NT 6.1; WOW64) AppleWebKit/537.36 (KHTML, like Gecko) Chrome/48.0.2564.97 Safari/537.36', '/jeesite/a/exam/save', 'POST', 0x69643D31303026636C6173736966793D33267469746C653DE8AF9DE8AFB4E8A5BFE6B8B8E8AEB0EFBC9F26696D6167653D2F6A6565736974652F7573657266696C65732F312F5F7468756D62732F696D616765732F5562756E74752D64656661756C742532302834292E6A706726616E737765723DE8A5BFE6B8B8E8AEB0E698AFE4B880E4B8AAE7BB8FE585B8E4BCA0E5A587E38082266465736372697074696F6E3DE6B58BE8AF95E7AE80E7AD94E9A298, '');
INSERT INTO `sys_log` VALUES ('f2fc677808cf44879dbca86626de0d22', '2', '1', '2016-02-24 13:50:55', '127.0.0.1', 'Mozilla/5.0 (Windows NT 6.1; WOW64) AppleWebKit/537.36 (KHTML, like Gecko) Chrome/48.0.2564.97 Safari/537.36', '/jeesite/a/exam/score/stu/scores', 'GET', '', 0x6A6176612E6C616E672E496C6C6567616C417267756D656E74457863657074696F6E3A206E6F7420737570706F72742074797065203A20636C61737320636F6D2E7468696E6B67656D2E6A6565736974652E6D6F64756C65732E6578616D2E656E746974792E53636F7265);
INSERT INTO `sys_log` VALUES ('7926e8a4608e482494ba97c9ae1eb310', '2', '1', '2016-02-24 14:17:33', '127.0.0.1', 'Mozilla/5.0 (Windows NT 6.1; WOW64) AppleWebKit/537.36 (KHTML, like Gecko) Chrome/48.0.2564.97 Safari/537.36', '/jeesite/a/exam/score/stu/scores', 'GET', '', 0x6A6176612E6C616E672E496C6C6567616C417267756D656E74457863657074696F6E3A206E6F7420737570706F72742074797065203A20636C61737320636F6D2E7468696E6B67656D2E6A6565736974652E6D6F64756C65732E7379732E656E746974792E55736572);
INSERT INTO `sys_log` VALUES ('59e517a40c434e1a9663950aed93cc7e', '2', '1', '2016-02-24 14:18:19', '127.0.0.1', 'Mozilla/5.0 (Windows NT 6.1; WOW64) AppleWebKit/537.36 (KHTML, like Gecko) Chrome/48.0.2564.97 Safari/537.36', '/jeesite/a/exam/score/stu/scores', 'GET', '', 0x6A6176612E6C616E672E496C6C6567616C417267756D656E74457863657074696F6E3A206E6F7420737570706F72742074797065203A20636C61737320636F6D2E7468696E6B67656D2E6A6565736974652E6D6F64756C65732E7379732E656E746974792E55736572);
INSERT INTO `sys_log` VALUES ('1f5d0fd6bb8848c59fc5eb6678e35972', '1', '1', '2016-02-24 15:40:24', '127.0.0.1', 'Mozilla/5.0 (Windows NT 6.1; WOW64) AppleWebKit/537.36 (KHTML, like Gecko) Chrome/48.0.2564.97 Safari/537.36', '/jeesite/a/sys/menu/save', 'POST', 0x69643D376331653965313631643237343339633837343335663739616563306566356126706172656E742E69643D356135343762323332316332346532633832313330366138636231656338373026706172656E742E6E616D653DE69599E5B888E7ABAF266E616D653DE68890E7BBA9E7BB9FE8AEA126687265663D2F6578616D2F73636F72652F746561636865722F73636F726573267461726765743D2669636F6E3D616C69676E2D6C65667426736F72743D353026697353686F773D3126697341637469766974693D30267065726D697373696F6E3D, '');
INSERT INTO `sys_log` VALUES ('a3915bc585684771967ff591789bca12', '1', '1', '2016-02-24 15:40:52', '127.0.0.1', 'Mozilla/5.0 (Windows NT 6.1; WOW64) AppleWebKit/537.36 (KHTML, like Gecko) Chrome/48.0.2564.97 Safari/537.36', '/jeesite/a/sys/menu/save', 'POST', 0x69643D376331653965313631643237343339633837343335663739616563306566356126706172656E742E69643D356135343762323332316332346532633832313330366138636231656338373026706172656E742E6E616D653DE69599E5B888E7ABAF266E616D653DE68890E7BBA9E7BB9FE8AEA126687265663D2F6578616D2F73636F72652F746561636865722F73636F726573267461726765743D2669636F6E3D616C69676E2D6C65667426736F72743D353026697353686F773D3126697341637469766974693D30267065726D697373696F6E3D6578616D3A746561636865723A76696577, '');
INSERT INTO `sys_log` VALUES ('7b256b2b51ce47179e6e319ece75d5c3', '2', '1', '2016-02-24 15:55:45', '127.0.0.1', 'Mozilla/5.0 (Windows NT 6.1; WOW64) AppleWebKit/537.36 (KHTML, like Gecko) Chrome/48.0.2564.97 Safari/537.36', '/jeesite/a/exam/score/teacher/scoreList', 'GET', '', 0x6F72672E6170616368652E6A61737065722E4A6173706572457863657074696F6E3A20416E20657863657074696F6E206F636375727265642070726F63657373696E67204A53502070616765202F5745422D494E462F76696577732F6D6F64756C65732F6578616D2F6578616D53636F7265734C6973742E6A7370206174206C696E652036390D0A0D0A36363A200D0A36373A20202020203C646976207374796C653D226D617267696E2D746F703A3870783B223E0D0A36383A2020202020202020203C6C6162656C3EE79287E69BA2EE95BDE7BBABE8AFB2E780B7E9949BEFBFBD2F6C6162656C3E0D0A36393A2020202020202020203C666F726D3A73656C65637420706174683D22636C617373696679223E0D0A37303A202020202020202020202020203C666F726D3A6F7074696F6E2076616C75653D223022206C6162656C3D22E98D8FE384A9E584B4E6A3B0E6A8BAE780B7222068746D6C4573636170653D2266616C7365222F3E0D0A37313A202020202020202020202020203C666F726D3A6F7074696F6E73206974656D733D22247B666E733A676574446963744C69737428276578616D5F7479706527297D22206974656D4C6162656C3D226C6162656C22206974656D56616C75653D2276616C7565220D0A37323A20202020202020202020202020202020202020202020202020202068746D6C4573636170653D2266616C7365222F3E0D0A0D0A0D0A537461636B74726163653A);
INSERT INTO `sys_log` VALUES ('2c1a92d4ca81457c85d8d87416869145', '2', '1', '2016-02-24 17:48:06', '127.0.0.1', 'Mozilla/5.0 (Windows NT 6.1; WOW64) AppleWebKit/537.36 (KHTML, like Gecko) Chrome/48.0.2564.97 Safari/537.36', '/jeesite/a/exam/score/teacher/scores', 'GET', '', 0x6A6176612E6C616E672E436C61737343617374457863657074696F6E3A206A6176612E6C616E672E496E74656765722063616E6E6F74206265206361737420746F206A6176612E6C616E672E537472696E67);
INSERT INTO `sys_log` VALUES ('0677e631f93a42a1b5d8214774c3f9ca', '2', '1', '2016-02-24 17:48:31', '127.0.0.1', 'Mozilla/5.0 (Windows NT 6.1; WOW64) AppleWebKit/537.36 (KHTML, like Gecko) Chrome/48.0.2564.97 Safari/537.36', '/jeesite/a/exam/score/teacher/scores', 'GET', '', 0x6A6176612E6C616E672E436C61737343617374457863657074696F6E3A206A6176612E6C616E672E496E74656765722063616E6E6F74206265206361737420746F206A6176612E6C616E672E537472696E67);
INSERT INTO `sys_log` VALUES ('048e09790f434f75ac715afc5f75cda1', '2', '1', '2016-02-24 17:49:22', '127.0.0.1', 'Mozilla/5.0 (Windows NT 6.1; WOW64) AppleWebKit/537.36 (KHTML, like Gecko) Chrome/48.0.2564.97 Safari/537.36', '/jeesite/a/exam/score/teacher/scores', 'GET', '', 0x6A6176612E6C616E672E436C61737343617374457863657074696F6E3A206A6176612E6C616E672E496E74656765722063616E6E6F74206265206361737420746F206A6176612E6C616E672E537472696E67);
INSERT INTO `sys_log` VALUES ('35ce4f3d47f748ad9dfab335245c6142', '2', '1', '2016-02-24 17:49:46', '127.0.0.1', 'Mozilla/5.0 (Windows NT 6.1; WOW64) AppleWebKit/537.36 (KHTML, like Gecko) Chrome/48.0.2564.97 Safari/537.36', '/jeesite/a/exam/score/addScore', 'GET', 0x726573756C743D3139323D432C3136363D302C3135313DE4BDA0E5A5BDE5958A2670617065722E69643D3662393235366136393234663466646361653637386165363437323264303531, 0x6F72672E737072696E676672616D65776F726B2E7765622E7574696C2E4E6573746564536572766C6574457863657074696F6E3A2048616E646C65722070726F63657373696E67206661696C65643B206E657374656420657863657074696F6E206973206A6176612E6C616E672E4E6F537563684D6574686F644572726F723A20636F6D2E7468696E6B67656D2E6A6565736974652E6D6F64756C65732E6578616D2E656E746974792E53636F72652E7365744E756D626572284C6A6176612F6C616E672F496E74656765723B2956);
INSERT INTO `sys_log` VALUES ('dbbfb19ece254f4b8213a59669320deb', '2', '1', '2016-02-24 20:38:21', '127.0.0.1', 'Mozilla/5.0 (Windows NT 6.1; WOW64) AppleWebKit/537.36 (KHTML, like Gecko) Chrome/48.0.2564.97 Safari/537.36', '/jeesite/a/exam/score/teacher/scoreList', 'GET', '', 0x6F72672E6170616368652E6A61737065722E4A6173706572457863657074696F6E3A20416E20657863657074696F6E206F636375727265642070726F63657373696E67204A53502070616765202F5745422D494E462F76696577732F6D6F64756C65732F6578616D2F6578616D53636F7265734C6973742E6A7370206174206C696E652036390D0A0D0A36363A200D0A36373A20202020203C646976207374796C653D226D617267696E2D746F703A3870783B223E0D0A36383A2020202020202020203C6C6162656C3EE79287E69BA2EE95BDE7BBABE8AFB2E780B7E9949BEFBFBD2F6C6162656C3E0D0A36393A2020202020202020203C666F726D3A73656C65637420706174683D22636C617373696679223E0D0A37303A202020202020202020202020203C666F726D3A6F7074696F6E2076616C75653D223022206C6162656C3D22E98D8FE384A9E584B4E6A3B0E6A8BAE780B7222068746D6C4573636170653D2266616C7365222F3E0D0A37313A202020202020202020202020203C666F726D3A6F7074696F6E73206974656D733D22247B666E733A676574446963744C69737428276578616D5F7479706527297D22206974656D4C6162656C3D226C6162656C22206974656D56616C75653D2276616C7565220D0A37323A20202020202020202020202020202020202020202020202020202068746D6C4573636170653D2266616C7365222F3E0D0A0D0A0D0A537461636B74726163653A);
INSERT INTO `sys_log` VALUES ('45cd8adc6be34e9d9c0ec9323725008a', '2', '1', '2016-02-24 20:45:40', '127.0.0.1', 'Mozilla/5.0 (Windows NT 6.1; WOW64) AppleWebKit/537.36 (KHTML, like Gecko) Chrome/48.0.2564.97 Safari/537.36', '/jeesite/a/exam/score/teacher/scoreList', 'GET', '', 0x6F72672E6170616368652E6A61737065722E4A6173706572457863657074696F6E3A20416E20657863657074696F6E206F636375727265642070726F63657373696E67204A53502070616765202F5745422D494E462F76696577732F6D6F64756C65732F6578616D2F6578616D53636F7265734C6973742E6A7370206174206C696E652036370D0A0D0A36343A200D0A36353A20202020203C646976207374796C653D226D617267696E2D746F703A3870783B223E0D0A36363A2020202020202020203C6C6162656C3EE79287E69BA2EE95BDE7BBABE8AFB2E780B7E9949BEFBFBD2F6C6162656C3E0D0A36373A2020202020202020203C666F726D3A73656C65637420706174683D22636C617373696679223E0D0A36383A202020202020202020202020203C666F726D3A6F7074696F6E2076616C75653D223022206C6162656C3D22E98D8FE384A9E584B4E6A3B0E6A8BAE780B7222068746D6C4573636170653D2266616C7365222F3E0D0A36393A202020202020202020202020203C666F726D3A6F7074696F6E73206974656D733D22247B666E733A676574446963744C69737428276578616D5F7479706527297D22206974656D4C6162656C3D226C6162656C22206974656D56616C75653D2276616C7565220D0A37303A20202020202020202020202020202020202020202020202020202068746D6C4573636170653D2266616C7365222F3E0D0A0D0A0D0A537461636B74726163653A);
INSERT INTO `sys_log` VALUES ('9348576bde2545e6b917c439953635f2', '2', '1', '2016-02-24 20:45:44', '127.0.0.1', 'Mozilla/5.0 (Windows NT 6.1; WOW64) AppleWebKit/537.36 (KHTML, like Gecko) Chrome/48.0.2564.97 Safari/537.36', '/jeesite/a/exam/score/teacher/scoreList', 'GET', '', 0x6F72672E6170616368652E6A61737065722E4A6173706572457863657074696F6E3A20416E20657863657074696F6E206F636375727265642070726F63657373696E67204A53502070616765202F5745422D494E462F76696577732F6D6F64756C65732F6578616D2F6578616D53636F7265734C6973742E6A7370206174206C696E652036370D0A0D0A36343A200D0A36353A20202020203C646976207374796C653D226D617267696E2D746F703A3870783B223E0D0A36363A2020202020202020203C6C6162656C3EE79287E69BA2EE95BDE7BBABE8AFB2E780B7E9949BEFBFBD2F6C6162656C3E0D0A36373A2020202020202020203C666F726D3A73656C65637420706174683D22636C617373696679223E0D0A36383A202020202020202020202020203C666F726D3A6F7074696F6E2076616C75653D223022206C6162656C3D22E98D8FE384A9E584B4E6A3B0E6A8BAE780B7222068746D6C4573636170653D2266616C7365222F3E0D0A36393A202020202020202020202020203C666F726D3A6F7074696F6E73206974656D733D22247B666E733A676574446963744C69737428276578616D5F7479706527297D22206974656D4C6162656C3D226C6162656C22206974656D56616C75653D2276616C7565220D0A37303A20202020202020202020202020202020202020202020202020202068746D6C4573636170653D2266616C7365222F3E0D0A0D0A0D0A537461636B74726163653A);
INSERT INTO `sys_log` VALUES ('323316631c16463faa4f03880dcb0fe0', '2', '1', '2016-02-24 20:47:06', '127.0.0.1', 'Mozilla/5.0 (Windows NT 6.1; WOW64) AppleWebKit/537.36 (KHTML, like Gecko) Chrome/48.0.2564.97 Safari/537.36', '/jeesite/a/exam/score/teacher/scoreList', 'GET', '', 0x6F72672E6170616368652E6A61737065722E4A6173706572457863657074696F6E3A202F5745422D494E462F76696577732F6D6F64756C65732F6578616D2F6578616D53636F7265734C6973742E6A737020286C696E653A203131362C20636F6C756D6E3A20302920556E7465726D696E6174656420266C743B736869726F3A6861735065726D697373696F6E20746167);
INSERT INTO `sys_log` VALUES ('0fcf85e1587543c4a8ca527c1dcd1c34', '2', '1', '2016-02-24 20:47:45', '127.0.0.1', 'Mozilla/5.0 (Windows NT 6.1; WOW64) AppleWebKit/537.36 (KHTML, like Gecko) Chrome/48.0.2564.97 Safari/537.36', '/jeesite/a/exam/score/teacher/scoreList', 'GET', '', 0x6F72672E6170616368652E6A61737065722E4A6173706572457863657074696F6E3A202F5745422D494E462F76696577732F6D6F64756C65732F6578616D2F6578616D53636F7265734C6973742E6A737020286C696E653A203131362C20636F6C756D6E3A20302920556E7465726D696E6174656420266C743B736869726F3A6861735065726D697373696F6E20746167);
INSERT INTO `sys_log` VALUES ('6b7380bd2f3f472299e39b9a1cc2e79a', '2', '1', '2016-02-24 21:32:25', '127.0.0.1', 'Mozilla/5.0 (Windows NT 6.1; WOW64) AppleWebKit/537.36 (KHTML, like Gecko) Chrome/48.0.2564.97 Safari/537.36', '/jeesite/a/exam/score/teacher/scoreList', 'GET', '', 0x6F72672E6170616368652E6A61737065722E4A6173706572457863657074696F6E3A20416E20657863657074696F6E206F636375727265642070726F63657373696E67204A53502070616765202F5745422D494E462F76696577732F6D6F64756C65732F6578616D2F6578616D53636F7265734C6973742E6A7370206174206C696E652039380D0A0D0A39353A20202020203C74626F64793E0D0A39363A20202020203C633A666F7245616368206974656D733D22247B706167652E6C6973747D22207661723D226578616D696E65223E0D0A39373A2020202020202020203C74723E0D0A39383A202020202020202020202020203C74643E247B6578616D696E652E636C617373696679446963744C6162656C7D3C2F74643E0D0A39393A202020202020202020202020203C74643E3C6120687265663D22247B6374787D2F6578616D2F666F726D3F69643D247B6578616D696E652E69647D223E247B666E733A61626272286578616D696E652E7469746C652C203334297D3C2F613E3C2F74643E0D0A3130303A202020202020202020202020203C74643E3C61626272207469746C653D22247B6578616D696E652E616E737765727D2220636C6173733D22696E697469616C69736D223E247B666E733A61626272286578616D696E652E616E737765722C3330297D3C2F616262723E3C2F74643E0D0A3130313A202020202020202020202020203C74643E3C6120687265663D22247B6578616D696E652E696D6167655372637D22207461726765743D225F626C616E6B223E247B666E733A61626272286578616D696E652E696D6167655372632C3330297D3C2F613E3C2F74643E0D0A0D0A0D0A537461636B74726163653A);
INSERT INTO `sys_log` VALUES ('f25390fe549643f79de01998fbdfa031', '1', '1', '2016-02-24 22:05:49', '127.0.0.1', 'Mozilla/5.0 (Windows NT 6.1; WOW64) AppleWebKit/537.36 (KHTML, like Gecko) Chrome/48.0.2564.97 Safari/537.36', '/jeesite/a/exam/score/delete', 'GET', 0x69643D3438663365653735333062383463653661343864643239656136343861356338, '');
INSERT INTO `sys_log` VALUES ('2f27716c02f24becbcacd5b8c591bdf1', '2', '1', '2016-02-24 23:02:27', '127.0.0.1', 'Mozilla/5.0 (Windows NT 6.1; WOW64) AppleWebKit/537.36 (KHTML, like Gecko) Chrome/48.0.2564.97 Safari/537.36', '/jeesite/a/exam/score/teacher/scoreList', 'GET', '', 0x6F72672E6170616368652E6A61737065722E4A6173706572457863657074696F6E3A202F5745422D494E462F76696577732F6D6F64756C65732F6578616D2F6578616D53636F7265734C6973742E6A737020286C696E653A2036302C20636F6C756D6E3A20382920556E7465726D696E6174656420266C743B666F726D3A73656C65637420746167);
INSERT INTO `sys_log` VALUES ('3f3eb99558e140c5a576360380742bb4', '2', '241cc0cbd080442da47f0d35c8dbd715', '2016-02-24 23:16:20', '127.0.0.1', 'Mozilla/5.0 (Windows NT 6.1; WOW64) AppleWebKit/537.36 (KHTML, like Gecko) Chrome/48.0.2564.97 Safari/537.36', '/jeesite/a/exam/score/teacher/scores', 'GET', '', 0x6F72672E68696265726E6174652E657863657074696F6E2E53514C4772616D6D6172457863657074696F6E3A20636F756C64206E6F74206578747261637420526573756C74536574);
INSERT INTO `sys_log` VALUES ('20675e1c5d694720a664c39f3584b05c', '2', '241cc0cbd080442da47f0d35c8dbd715', '2016-02-24 23:17:40', '127.0.0.1', 'Mozilla/5.0 (Windows NT 6.1; WOW64) AppleWebKit/537.36 (KHTML, like Gecko) Chrome/48.0.2564.97 Safari/537.36', '/jeesite/a/exam/score/teacher/scores', 'GET', '', 0x6F72672E68696265726E6174652E657863657074696F6E2E53514C4772616D6D6172457863657074696F6E3A20636F756C64206E6F74206578747261637420526573756C74536574);
INSERT INTO `sys_log` VALUES ('34828ac320de4a749d7e03870fe83a72', '2', '241cc0cbd080442da47f0d35c8dbd715', '2016-02-24 23:19:52', '127.0.0.1', 'Mozilla/5.0 (Windows NT 6.1; WOW64) AppleWebKit/537.36 (KHTML, like Gecko) Chrome/48.0.2564.97 Safari/537.36', '/jeesite/a/exam/score/teacher/scores', 'GET', '', 0x6F72672E68696265726E6174652E657863657074696F6E2E53514C4772616D6D6172457863657074696F6E3A20636F756C64206E6F74206578747261637420526573756C74536574);
INSERT INTO `sys_log` VALUES ('d3cabcaa870e42a1bc00e29fdf500d71', '2', '241cc0cbd080442da47f0d35c8dbd715', '2016-02-24 23:19:54', '127.0.0.1', 'Mozilla/5.0 (Windows NT 6.1; WOW64) AppleWebKit/537.36 (KHTML, like Gecko) Chrome/48.0.2564.97 Safari/537.36', '/jeesite/a/exam/score/teacher/scores', 'GET', '', 0x6F72672E68696265726E6174652E657863657074696F6E2E53514C4772616D6D6172457863657074696F6E3A20636F756C64206E6F74206578747261637420526573756C74536574);
INSERT INTO `sys_log` VALUES ('f182da912283471e98f1c09b86845eca', '2', '241cc0cbd080442da47f0d35c8dbd715', '2016-02-24 23:19:55', '127.0.0.1', 'Mozilla/5.0 (Windows NT 6.1; WOW64) AppleWebKit/537.36 (KHTML, like Gecko) Chrome/48.0.2564.97 Safari/537.36', '/jeesite/a/exam/score/teacher/scores', 'GET', '', 0x6F72672E68696265726E6174652E657863657074696F6E2E53514C4772616D6D6172457863657074696F6E3A20636F756C64206E6F74206578747261637420526573756C74536574);
INSERT INTO `sys_log` VALUES ('66f453bf101d4333ae2b7866a5d7cc88', '2', '241cc0cbd080442da47f0d35c8dbd715', '2016-02-24 23:19:55', '127.0.0.1', 'Mozilla/5.0 (Windows NT 6.1; WOW64) AppleWebKit/537.36 (KHTML, like Gecko) Chrome/48.0.2564.97 Safari/537.36', '/jeesite/a/exam/score/teacher/scores', 'GET', '', 0x6F72672E68696265726E6174652E657863657074696F6E2E53514C4772616D6D6172457863657074696F6E3A20636F756C64206E6F74206578747261637420526573756C74536574);
INSERT INTO `sys_log` VALUES ('b412bf6c8f1e4cdf8dc60471439a33a1', '2', '241cc0cbd080442da47f0d35c8dbd715', '2016-02-24 23:19:56', '127.0.0.1', 'Mozilla/5.0 (Windows NT 6.1; WOW64) AppleWebKit/537.36 (KHTML, like Gecko) Chrome/48.0.2564.97 Safari/537.36', '/jeesite/a/exam/score/teacher/scores', 'GET', '', 0x6F72672E68696265726E6174652E657863657074696F6E2E53514C4772616D6D6172457863657074696F6E3A20636F756C64206E6F74206578747261637420526573756C74536574);
INSERT INTO `sys_log` VALUES ('277691ba29704f6bbae06f06a2c5b176', '2', '241cc0cbd080442da47f0d35c8dbd715', '2016-02-24 23:20:04', '127.0.0.1', 'Mozilla/5.0 (Windows NT 6.1; WOW64) AppleWebKit/537.36 (KHTML, like Gecko) Chrome/48.0.2564.97 Safari/537.36', '/jeesite/a/exam/score/teacher/scores', 'GET', '', 0x6F72672E68696265726E6174652E657863657074696F6E2E53514C4772616D6D6172457863657074696F6E3A20636F756C64206E6F74206578747261637420526573756C74536574);
INSERT INTO `sys_log` VALUES ('951b97d663e14d3d8a5360c19cb373bc', '2', '241cc0cbd080442da47f0d35c8dbd715', '2016-02-24 23:20:04', '127.0.0.1', 'Mozilla/5.0 (Windows NT 6.1; WOW64) AppleWebKit/537.36 (KHTML, like Gecko) Chrome/48.0.2564.97 Safari/537.36', '/jeesite/a/exam/score/teacher/scores', 'GET', '', 0x6F72672E68696265726E6174652E657863657074696F6E2E53514C4772616D6D6172457863657074696F6E3A20636F756C64206E6F74206578747261637420526573756C74536574);
INSERT INTO `sys_log` VALUES ('4c84fad47bef4625a5806a27dcfcc20a', '2', '241cc0cbd080442da47f0d35c8dbd715', '2016-02-24 23:20:05', '127.0.0.1', 'Mozilla/5.0 (Windows NT 6.1; WOW64) AppleWebKit/537.36 (KHTML, like Gecko) Chrome/48.0.2564.97 Safari/537.36', '/jeesite/a/exam/score/teacher/scores', 'GET', '', 0x6F72672E68696265726E6174652E657863657074696F6E2E53514C4772616D6D6172457863657074696F6E3A20636F756C64206E6F74206578747261637420526573756C74536574);
INSERT INTO `sys_log` VALUES ('def86da111d249edb6e5bcbb125f86cd', '2', '241cc0cbd080442da47f0d35c8dbd715', '2016-02-24 23:20:05', '127.0.0.1', 'Mozilla/5.0 (Windows NT 6.1; WOW64) AppleWebKit/537.36 (KHTML, like Gecko) Chrome/48.0.2564.97 Safari/537.36', '/jeesite/a/exam/score/teacher/scores', 'GET', '', 0x6F72672E68696265726E6174652E657863657074696F6E2E53514C4772616D6D6172457863657074696F6E3A20636F756C64206E6F74206578747261637420526573756C74536574);
INSERT INTO `sys_log` VALUES ('439e32bd1301466b94481cde4e428a1f', '2', '241cc0cbd080442da47f0d35c8dbd715', '2016-02-24 23:20:06', '127.0.0.1', 'Mozilla/5.0 (Windows NT 6.1; WOW64) AppleWebKit/537.36 (KHTML, like Gecko) Chrome/48.0.2564.97 Safari/537.36', '/jeesite/a/exam/score/teacher/scores', 'GET', '', 0x6F72672E68696265726E6174652E657863657074696F6E2E53514C4772616D6D6172457863657074696F6E3A20636F756C64206E6F74206578747261637420526573756C74536574);
INSERT INTO `sys_log` VALUES ('6e467bed616a414baf0e9e4d2e9c6dff', '2', '241cc0cbd080442da47f0d35c8dbd715', '2016-02-24 23:20:06', '127.0.0.1', 'Mozilla/5.0 (Windows NT 6.1; WOW64) AppleWebKit/537.36 (KHTML, like Gecko) Chrome/48.0.2564.97 Safari/537.36', '/jeesite/a/exam/score/teacher/scores', 'GET', '', 0x6F72672E68696265726E6174652E657863657074696F6E2E53514C4772616D6D6172457863657074696F6E3A20636F756C64206E6F74206578747261637420526573756C74536574);
INSERT INTO `sys_log` VALUES ('23f9273fc04643e9a417f6f695a278d7', '2', '241cc0cbd080442da47f0d35c8dbd715', '2016-02-24 23:20:06', '127.0.0.1', 'Mozilla/5.0 (Windows NT 6.1; WOW64) AppleWebKit/537.36 (KHTML, like Gecko) Chrome/48.0.2564.97 Safari/537.36', '/jeesite/a/exam/score/teacher/scores', 'GET', '', 0x6F72672E68696265726E6174652E657863657074696F6E2E53514C4772616D6D6172457863657074696F6E3A20636F756C64206E6F74206578747261637420526573756C74536574);
INSERT INTO `sys_log` VALUES ('76654350e49045c48fa0b6177c2b9400', '2', '241cc0cbd080442da47f0d35c8dbd715', '2016-02-24 23:20:07', '127.0.0.1', 'Mozilla/5.0 (Windows NT 6.1; WOW64) AppleWebKit/537.36 (KHTML, like Gecko) Chrome/48.0.2564.97 Safari/537.36', '/jeesite/a/exam/score/teacher/scores', 'GET', '', 0x6F72672E68696265726E6174652E657863657074696F6E2E53514C4772616D6D6172457863657074696F6E3A20636F756C64206E6F74206578747261637420526573756C74536574);
INSERT INTO `sys_log` VALUES ('29a96b23256b41ce814231f07227580b', '2', '241cc0cbd080442da47f0d35c8dbd715', '2016-02-24 23:20:07', '127.0.0.1', 'Mozilla/5.0 (Windows NT 6.1; WOW64) AppleWebKit/537.36 (KHTML, like Gecko) Chrome/48.0.2564.97 Safari/537.36', '/jeesite/a/exam/score/teacher/scores', 'GET', '', 0x6F72672E68696265726E6174652E657863657074696F6E2E53514C4772616D6D6172457863657074696F6E3A20636F756C64206E6F74206578747261637420526573756C74536574);
INSERT INTO `sys_log` VALUES ('e87d7e06af8e4fde8fb7b4a6815700c1', '2', '241cc0cbd080442da47f0d35c8dbd715', '2016-02-24 23:20:08', '127.0.0.1', 'Mozilla/5.0 (Windows NT 6.1; WOW64) AppleWebKit/537.36 (KHTML, like Gecko) Chrome/48.0.2564.97 Safari/537.36', '/jeesite/a/exam/score/teacher/scores', 'GET', '', 0x6F72672E68696265726E6174652E657863657074696F6E2E53514C4772616D6D6172457863657074696F6E3A20636F756C64206E6F74206578747261637420526573756C74536574);
INSERT INTO `sys_log` VALUES ('40a6ccdf7c0641ba96609d1da8beaccb', '2', '241cc0cbd080442da47f0d35c8dbd715', '2016-02-24 23:21:08', '127.0.0.1', 'Mozilla/5.0 (Windows NT 6.1; WOW64) AppleWebKit/537.36 (KHTML, like Gecko) Chrome/48.0.2564.97 Safari/537.36', '/jeesite/a/exam/score/teacher/scores', 'GET', '', 0x6F72672E68696265726E6174652E657863657074696F6E2E53514C4772616D6D6172457863657074696F6E3A20636F756C64206E6F74206578747261637420526573756C74536574);
INSERT INTO `sys_log` VALUES ('bf4d28632aca4b5fbaa19a285e608bf2', '2', '3038a878f1544ec9a919c8f4cf935832', '2016-02-24 23:23:14', '127.0.0.1', 'Mozilla/5.0 (Windows NT 6.1; WOW64) AppleWebKit/537.36 (KHTML, like Gecko) Chrome/48.0.2564.97 Safari/537.36', '/jeesite/a/exam/score/teacher/scores', 'GET', '', 0x6F72672E68696265726E6174652E657863657074696F6E2E53514C4772616D6D6172457863657074696F6E3A20636F756C64206E6F74206578747261637420526573756C74536574);
INSERT INTO `sys_log` VALUES ('b460ff343df34870b75ef5d7f8fa5626', '1', '3038a878f1544ec9a919c8f4cf935832', '2016-02-24 23:23:39', '127.0.0.1', 'Mozilla/5.0 (Windows NT 6.1; WOW64) AppleWebKit/537.36 (KHTML, like Gecko) Chrome/48.0.2564.97 Safari/537.36', '/jeesite/a/exam/paper/save', 'POST', 0x69643D266E616D653DE6B58BE8AF95E58DB7342672656D61726B733DE6B58BE8AF95E58DB7342674696D653D312664656C466C61673D30, '');
INSERT INTO `sys_log` VALUES ('cb0a33380ce241c7adf4f9cb96490fdc', '2', '3038a878f1544ec9a919c8f4cf935832', '2016-02-24 23:23:50', '127.0.0.1', 'Mozilla/5.0 (Windows NT 6.1; WOW64) AppleWebKit/537.36 (KHTML, like Gecko) Chrome/48.0.2564.97 Safari/537.36', '/jeesite/a/exam/score/teacher/scores', 'GET', '', 0x6F72672E68696265726E6174652E657863657074696F6E2E53514C4772616D6D6172457863657074696F6E3A20636F756C64206E6F74206578747261637420526573756C74536574);
INSERT INTO `sys_log` VALUES ('2b59b947e7004beeb2fda659501d512a', '1', '1', '2016-02-24 23:25:56', '127.0.0.1', 'Mozilla/5.0 (Windows NT 6.1; WOW64) AppleWebKit/537.36 (KHTML, like Gecko) Chrome/48.0.2564.97 Safari/537.36', '/jeesite/a/sys/role/save', 'POST', 0x69643D3564326331383162343063653434666261353461636139303365633030333731266F66666963652E69643D6561366236366566633566623464363861333638613130613565633264666264266F66666963652E6E616D653DE4B89CE58C97E794B5E58A9BE5A4A7E5ADA6266F6C644E616D653DE7BD91E7BB9CE7AEA1E79086E59198266E616D653DE7BD91E7BB9CE7AEA1E79086E59198266461746153636F70653D34266D656E754964733D312C36616436336266303831323234643138613765346162663639343938393763352C34646631656562623334623434333132613731323766656533376264633263342C30363032383739643637303934363538613837323566396639313436312E2E2E266F66666963654964733D, '');
INSERT INTO `sys_log` VALUES ('948d1afc8a7143e1a21dff68cfd8062e', '2', '3038a878f1544ec9a919c8f4cf935832', '2016-02-24 23:26:36', '127.0.0.1', 'Mozilla/5.0 (Windows NT 6.1; WOW64) AppleWebKit/537.36 (KHTML, like Gecko) Chrome/48.0.2564.97 Safari/537.36', '/jeesite/a/exam/score/teacher/scores', 'GET', '', 0x6F72672E68696265726E6174652E657863657074696F6E2E53514C4772616D6D6172457863657074696F6E3A20636F756C64206E6F74206578747261637420526573756C74536574);
INSERT INTO `sys_log` VALUES ('a92590d9c1c44dd1881e0cb9c96aa6f8', '2', '3038a878f1544ec9a919c8f4cf935832', '2016-02-24 23:27:10', '127.0.0.1', 'Mozilla/5.0 (Windows NT 6.1; WOW64) AppleWebKit/537.36 (KHTML, like Gecko) Chrome/48.0.2564.97 Safari/537.36', '/jeesite/a/exam/score/teacher/scores', 'GET', '', 0x6F72672E68696265726E6174652E657863657074696F6E2E53514C4772616D6D6172457863657074696F6E3A20636F756C64206E6F74206578747261637420526573756C74536574);
INSERT INTO `sys_log` VALUES ('00fc81a4b11c439f9e54ff1c5f6cda4c', '2', '3038a878f1544ec9a919c8f4cf935832', '2016-02-24 23:27:12', '127.0.0.1', 'Mozilla/5.0 (Windows NT 6.1; WOW64) AppleWebKit/537.36 (KHTML, like Gecko) Chrome/48.0.2564.97 Safari/537.36', '/jeesite/a/exam/score/teacher/scores', 'GET', '', 0x6F72672E68696265726E6174652E657863657074696F6E2E53514C4772616D6D6172457863657074696F6E3A20636F756C64206E6F74206578747261637420526573756C74536574);
INSERT INTO `sys_log` VALUES ('acbb2f2feec8488190ae00a3d20cc086', '2', '3038a878f1544ec9a919c8f4cf935832', '2016-02-24 23:27:13', '127.0.0.1', 'Mozilla/5.0 (Windows NT 6.1; WOW64) AppleWebKit/537.36 (KHTML, like Gecko) Chrome/48.0.2564.97 Safari/537.36', '/jeesite/a/exam/score/teacher/scores', 'GET', '', 0x6F72672E68696265726E6174652E657863657074696F6E2E53514C4772616D6D6172457863657074696F6E3A20636F756C64206E6F74206578747261637420526573756C74536574);
INSERT INTO `sys_log` VALUES ('0c2b0d472d754b3aa653bdb223163527', '2', '1', '2016-02-25 13:40:44', '127.0.0.1', 'Mozilla/5.0 (Windows NT 6.1; WOW64) AppleWebKit/537.36 (KHTML, like Gecko) Chrome/48.0.2564.97 Safari/537.36', '/jeesite/a/exam/score/teacher/form', 'GET', 0x69643D3037346361306432376435353439366561343831636532306333366261336263, 0x6F72672E6170616368652E6A61737065722E4A6173706572457863657074696F6E3A20416E20657863657074696F6E206F636375727265642070726F63657373696E67204A53502070616765202F5745422D494E462F76696577732F6D6F64756C65732F6578616D2F6578616D53636F7265466F726D2E6A7370206174206C696E652033340D0A0D0A33313A2020202020202020203C6C6162656C20636C6173733D22636F6E74726F6C2D6C6162656C223EE79287E69BA2EE95BDE7BBABE8AFB2E780B73A3C2F6C6162656C3E0D0A33323A200D0A33333A2020202020202020203C64697620636C6173733D22636F6E74726F6C73223E0D0A33343A202020202020202020202020203C666F726D3A73656C65637420706174683D22636C617373696679223E0D0A33353A20202020202020202020202020202020203C666F726D3A6F7074696F6E73206974656D733D22247B666E733A676574446963744C69737428276578616D5F7479706527297D22206974656D4C6162656C3D226C6162656C22206974656D56616C75653D2276616C7565220D0A33363A2020202020202020202020202020202020202020202020202020202020202068746D6C4573636170653D2266616C7365222F3E0D0A33373A202020202020202020202020203C2F666F726D3A73656C6563743E0D0A0D0A0D0A537461636B74726163653A);
INSERT INTO `sys_log` VALUES ('6c8fa23321b9411cbdb328fb5767335f', '1', '1', '2016-02-25 13:49:57', '127.0.0.1', 'Mozilla/5.0 (Windows NT 6.1; WOW64) AppleWebKit/537.36 (KHTML, like Gecko) Chrome/48.0.2564.97 Safari/537.36', '/jeesite/a/exam/score/save', 'POST', 0x69643D30373463613064323764353534393665613438316365323063333662613362632663726561746542792E6E616D653D5468696E6B67656D266E756D6265723D333361, '');
INSERT INTO `sys_log` VALUES ('bb58b84ed0944d96a1ee0b184c36022c', '1', '1', '2016-02-25 13:50:08', '127.0.0.1', 'Mozilla/5.0 (Windows NT 6.1; WOW64) AppleWebKit/537.36 (KHTML, like Gecko) Chrome/48.0.2564.97 Safari/537.36', '/jeesite/a/exam/score/save', 'POST', 0x69643D30373463613064323764353534393665613438316365323063333662613362632663726561746542792E6E616D653D5468696E6B67656D266E756D6265723D333361, '');
INSERT INTO `sys_log` VALUES ('20ae8b366c5044a09c96f257a92931e1', '1', '1', '2016-02-25 13:50:48', '127.0.0.1', 'Mozilla/5.0 (Windows NT 6.1; WOW64) AppleWebKit/537.36 (KHTML, like Gecko) Chrome/48.0.2564.97 Safari/537.36', '/jeesite/a/exam/score/save', 'POST', 0x69643D30373463613064323764353534393665613438316365323063333662613362632663726561746542792E6E616D653D5468696E6B67656D266E756D6265723D3333, '');
INSERT INTO `sys_log` VALUES ('d196116bb927454e8da4ce2f6ae65081', '1', '1', '2016-02-25 13:51:01', '127.0.0.1', 'Mozilla/5.0 (Windows NT 6.1; WOW64) AppleWebKit/537.36 (KHTML, like Gecko) Chrome/48.0.2564.97 Safari/537.36', '/jeesite/a/exam/score/save', 'POST', 0x69643D31343233653861623064383534333530393637623264356439323333623932352663726561746542792E6E616D653DE69DA8E685A7E5BCBA266E756D6265723D343561, '');
INSERT INTO `sys_log` VALUES ('bcb27a6a269a4dec80fea49a461d07fa', '1', '1', '2016-02-25 13:51:09', '127.0.0.1', 'Mozilla/5.0 (Windows NT 6.1; WOW64) AppleWebKit/537.36 (KHTML, like Gecko) Chrome/48.0.2564.97 Safari/537.36', '/jeesite/a/exam/score/save', 'POST', 0x69643D31343233653861623064383534333530393637623264356439323333623932352663726561746542792E6E616D653DE69DA8E685A7E5BCBA266E756D6265723D3230, '');
INSERT INTO `sys_log` VALUES ('d2d60250c95a4b4ba6cf31bafb2c38a8', '1', '1', '2016-02-25 13:53:37', '127.0.0.1', 'Mozilla/5.0 (Windows NT 6.1; WOW64) AppleWebKit/537.36 (KHTML, like Gecko) Chrome/48.0.2564.97 Safari/537.36', '/jeesite/a/exam/score/save', 'POST', 0x69643D31343233653861623064383534333530393637623264356439323333623932352663726561746542792E6E616D653DE69DA8E685A7E5BCBA266E756D6265723D3230612670617065722E6E616D653DE6B58BE8AF95E58DB73426637265617465446174653D323031362D30322D32342032333A32363A35302E30, '');
INSERT INTO `sys_log` VALUES ('cfd6313e225f4e3792524156a2e8b83d', '1', '1', '2016-02-25 13:54:47', '127.0.0.1', 'Mozilla/5.0 (Windows NT 6.1; WOW64) AppleWebKit/537.36 (KHTML, like Gecko) Chrome/48.0.2564.97 Safari/537.36', '/jeesite/a/exam/score/save', 'POST', 0x69643D33653733366335653034373534303565383463653531643330346333623336312663726561746542792E6E616D653D5468696E6B67656D266E756D6265723D35302670617065722E6E616D653DE6B58BE8AF95E58DB73326637265617465446174653D323031362D30322D31302031333A35343A30312E30, '');
INSERT INTO `sys_log` VALUES ('fa992f5848c94331bb181cf4c2813d6a', '1', '1', '2016-02-25 14:05:32', '127.0.0.1', 'Mozilla/5.0 (Windows NT 6.1; WOW64) AppleWebKit/537.36 (KHTML, like Gecko) Chrome/48.0.2564.97 Safari/537.36', '/jeesite/a/exam/score/save', 'POST', 0x69643D34363265616530353137383834663564613665613732333534653334316532342663726561746542792E6E616D653DE69DA8E685A7E5BCBA266E756D6265723D39392670617065722E6E616D653DE6B58BE8AF95E58DB734, '');
INSERT INTO `sys_log` VALUES ('2ef0a1dbf3b242dab5e3dd376803b3b0', '2', '3038a878f1544ec9a919c8f4cf935832', '2016-02-25 14:10:13', '127.0.0.1', 'Mozilla/5.0 (Windows NT 6.1; WOW64) AppleWebKit/537.36 (KHTML, like Gecko) Chrome/48.0.2564.97 Safari/537.36', '/jeesite/a/exam/score/teacher/scores', 'GET', '', 0x6F72672E68696265726E6174652E657863657074696F6E2E53514C4772616D6D6172457863657074696F6E3A20636F756C64206E6F74206578747261637420526573756C74536574);
INSERT INTO `sys_log` VALUES ('700510e2f3fe420680a8f50d26b6dc11', '2', '3038a878f1544ec9a919c8f4cf935832', '2016-02-25 14:10:37', '127.0.0.1', 'Mozilla/5.0 (Windows NT 6.1; WOW64) AppleWebKit/537.36 (KHTML, like Gecko) Chrome/48.0.2564.97 Safari/537.36', '/jeesite/a/exam/score/teacher/scores', 'GET', '', 0x6F72672E68696265726E6174652E657863657074696F6E2E53514C4772616D6D6172457863657074696F6E3A20636F756C64206E6F74206578747261637420526573756C74536574);
INSERT INTO `sys_log` VALUES ('1f6c022ba7b142e994daabc038aa7dd8', '1', '1', '2016-02-25 15:09:29', '127.0.0.1', 'Mozilla/5.0 (Windows NT 6.1; WOW64) AppleWebKit/537.36 (KHTML, like Gecko) Chrome/48.0.2564.97 Safari/537.36', '/jeesite/a/sys/menu/delete', 'GET', 0x69643D3234, '');
INSERT INTO `sys_log` VALUES ('ce9e3dd1aabe499d9ec40496413070db', '1', '1', '2016-02-25 15:09:59', '127.0.0.1', 'Mozilla/5.0 (Windows NT 6.1; WOW64) AppleWebKit/537.36 (KHTML, like Gecko) Chrome/48.0.2564.97 Safari/537.36', '/jeesite/a/sys/menu/delete', 'GET', 0x69643D3233, '');
INSERT INTO `sys_log` VALUES ('2f44bab110854cb1a05c40c296616333', '1', '1', '2016-02-25 21:25:34', '127.0.0.1', 'Mozilla/5.0 (Windows NT 6.1; WOW64) AppleWebKit/537.36 (KHTML, like Gecko) Chrome/48.0.2564.97 Safari/537.36', '/jeesite/a/cms/article/save', 'POST', 0x69643D312663617465676F72792E69643D332663617465676F72792E6E616D653DE7BD91E7AB99E7AE80E4BB8B267469746C653DE7BD91E7AB99E7AE80E4BB8B3126636F6C6F723D726564266C696E6B3D266B6579776F7264733DE794B5E5BDB12CE587BAE78988E59586267765696768743D39393926776569676874446174653D266465736372697074696F6E3DE5B882E59CBAE697A5E6B890E7BAA2E781ABEFBC8CE696B0E5AFBCE6BC94E4B99FE69C89E4BA86E69BB4E5A49AE79A84E7A9BAE997B4EFBC8CE697A0E5A588E8BF99E4B8AAE69585E4BA8BE69CACE8BAABE7A88DE6958FE6849FEFBC8CE68980E4BBA5E8BF98E698AFE6B2A1E69C89E68890E58A9FE38082E68891E58F88E68A8AE8BF99E4B8AAE69585E4BA8BE586992E2E2E26696D6167653D2F6A6565736974652F7573657266696C65732F312F5F7468756D62732F696D616765732F6C6F67696E2D6261636B67726F756E642E6A70672661727469636C65446174612E636F6E74656E743D0D0A090D0A0909C2A00D0A090D0A0909C2A00D0A090D0A0909E5B882E59CBAE697A5E6B890E7BAA2E781ABEFBC8CE696B0E5AFBCE6BC94E4B99FE69C89E4BA86E69BB4E5A49AE79A84E7A9BAE997B4EFBC8CE697A0E5A588E8BF99E4B8AAE69585E4BA8BE69CACE8BAABE7A88DE6958FE6849FEFBC8CE68980E4BBA5E8BF98E698AFE6B2A1E69C892E2E2E2661727469636C65446174612E636F707966726F6D3DE69DA5E6BA902661727469636C65446174612E72656C6174696F6E3D312C322C332C2661727469636C65446174612E616C6C6F77436F6D6D656E743D3126706F7369644C6973743D31265F706F7369644C6973743D6F6E26637265617465446174653D323031362D30322D30342031323A34393A35352664656C466C61673D3026637573746F6D436F6E74656E74566965773D2676696577436F6E6669673D, '');
INSERT INTO `sys_log` VALUES ('c5ab1c7e5bbc400bbce3a1383fb48a56', '1', '1', '2016-02-25 21:26:05', '127.0.0.1', 'Mozilla/5.0 (Windows NT 6.1; WOW64) AppleWebKit/537.36 (KHTML, like Gecko) Chrome/48.0.2564.97 Safari/537.36', '/jeesite/a/cms/article/save', 'POST', 0x69643D312663617465676F72792E69643D332663617465676F72792E6E616D653DE7BD91E7AB99E7AE80E4BB8B267469746C653DE7BD91E7AB99E7AE80E4BB8B3126636F6C6F723D726564266C696E6B3D266B6579776F7264733DE794B5E5BDB12CE587BAE78988E59586267765696768743D39393926776569676874446174653D266465736372697074696F6E3DE5B882E59CBAE697A5E6B890E7BAA2E781ABEFBC8CE696B0E5AFBCE6BC94E4B99FE69C89E4BA86E69BB4E5A49AE79A84E7A9BAE997B4EFBC8CE697A0E5A588E8BF99E4B8AAE69585E4BA8BE69CACE8BAABE7A88DE6958FE6849FEFBC8CE68980E4BBA5E8BF98E698AFE6B2A1E69C89E68890E58A9FE38082E68891E58F88E68A8AE8BF99E4B8AAE69585E4BA8BE586992E2E2E26696D6167653D2F6A6565736974652F7573657266696C65732F312F5F7468756D62732F696D616765732F5562756E74752D64656661756C742532302834292E6A70672661727469636C65446174612E636F6E74656E743D0D0A090D0A0909C2A00D0A090D0A0909C2A00D0A090D0A0909E5B882E59CBAE697A5E6B890E7BAA2E781ABEFBC8CE696B0E5AFBCE6BC94E4B99FE69C89E4BA86E69BB4E5A49AE79A84E7A9BAE997B4EFBC8CE697A0E5A588E8BF99E4B8AAE69585E4BA8BE69CACE8BAABE7A88DE6958FE6849FEFBC8CE68980E4BBA5E8BF98E698AFE6B2A1E69C892E2E2E2661727469636C65446174612E636F707966726F6D3DE69DA5E6BA902661727469636C65446174612E72656C6174696F6E3D312C322C332C2661727469636C65446174612E616C6C6F77436F6D6D656E743D3126706F7369644C6973743D31265F706F7369644C6973743D6F6E26637265617465446174653D323031362D30322D30342031323A34393A35352664656C466C61673D3026637573746F6D436F6E74656E74566965773D2676696577436F6E6669673D, '');
INSERT INTO `sys_log` VALUES ('0aedbdf2404f4c878c640a232b77efee', '2', '3038a878f1544ec9a919c8f4cf935832', '2016-02-26 11:29:35', '127.0.0.1', 'Mozilla/5.0 (Windows NT 6.1; WOW64) AppleWebKit/537.36 (KHTML, like Gecko) Chrome/48.0.2564.116 Safari/537.36', '/jeesite/a/exam/score/teacher/scores', 'GET', '', 0x6F72672E68696265726E6174652E657863657074696F6E2E53514C4772616D6D6172457863657074696F6E3A20636F756C64206E6F74206578747261637420526573756C74536574);
INSERT INTO `sys_log` VALUES ('3c3df8ef67a84c19a30ddef0e2c04927', '2', '3038a878f1544ec9a919c8f4cf935832', '2016-02-26 11:31:11', '127.0.0.1', 'Mozilla/5.0 (Windows NT 6.1; WOW64) AppleWebKit/537.36 (KHTML, like Gecko) Chrome/48.0.2564.116 Safari/537.36', '/jeesite/a/exam/score/teacher/scores', 'GET', '', 0x6F72672E68696265726E6174652E657863657074696F6E2E53514C4772616D6D6172457863657074696F6E3A20636F756C64206E6F74206578747261637420526573756C74536574);
INSERT INTO `sys_log` VALUES ('f1d572a043374af08919e1845a9d919c', '1', '3038a878f1544ec9a919c8f4cf935832', '2016-02-26 11:32:06', '127.0.0.1', 'Mozilla/5.0 (Windows NT 6.1; WOW64) AppleWebKit/537.36 (KHTML, like Gecko) Chrome/48.0.2564.116 Safari/537.36', '/jeesite/a/exam/score/save', 'POST', 0x69643D31343233653861623064383534333530393637623264356439323333623932352663726561746542792E6E616D653DE69DA8E685A7E5BCBA266E756D6265723D32302670617065722E6E616D653DE6B58BE8AF95E58DB734, '');
INSERT INTO `sys_log` VALUES ('b461ea6199834209bcb389f4871d9fa9', '1', '3038a878f1544ec9a919c8f4cf935832', '2016-02-26 11:33:03', '127.0.0.1', 'Mozilla/5.0 (Windows NT 6.1; WOW64) AppleWebKit/537.36 (KHTML, like Gecko) Chrome/48.0.2564.116 Safari/537.36', '/jeesite/a/exam/save', 'POST', 0x69643D623739623263643131373039343465383838383165383865303238653839303926636C6173736966793D32267469746C653DE5BA8AE5898DE6988EE69C88E58589EFBC8CE79691E698AFE59CB0E4B88AE99C9CEFBC9F26696D6167653D2F6A6565736974652F7573657266696C65732F33303338613837386631353434656339613931396338663463663933353833322F5F7468756D62732F696D616765732F6578616D2F323031362F30322F312532302833292E6A706726616E737765723D58266465736372697074696F6E3DE99D99E5A49CE6809D, '');
INSERT INTO `sys_log` VALUES ('191c3a47431d44f6bbae6560410f8ecd', '1', '1', '2016-02-26 12:07:41', '127.0.0.1', 'Mozilla/5.0 (Windows NT 6.1; WOW64) AppleWebKit/537.36 (KHTML, like Gecko) Chrome/48.0.2564.116 Safari/537.36', '/jeesite/a/exam/import', 'POST', '', '');
INSERT INTO `sys_log` VALUES ('43c62f1e9ab6472dbaca0f86d4dc9625', '1', '1', '2016-02-26 12:09:57', '127.0.0.1', 'Mozilla/5.0 (Windows NT 6.1; WOW64) AppleWebKit/537.36 (KHTML, like Gecko) Chrome/48.0.2564.116 Safari/537.36', '/jeesite/a/exam/import', 'POST', '', '');
INSERT INTO `sys_log` VALUES ('89dcf494824543b19492fc10630a6bc3', '1', '1', '2016-02-26 12:14:10', '127.0.0.1', 'Mozilla/5.0 (Windows NT 6.1; WOW64) AppleWebKit/537.36 (KHTML, like Gecko) Chrome/48.0.2564.116 Safari/537.36', '/jeesite/a/exam/import', 'POST', '', '');
INSERT INTO `sys_log` VALUES ('df982954db404b14801c6fd169a0d4c8', '1', '1', '2016-02-26 12:29:38', '127.0.0.1', 'Mozilla/5.0 (Windows NT 6.1; WOW64) AppleWebKit/537.36 (KHTML, like Gecko) Chrome/48.0.2564.116 Safari/537.36', '/jeesite/a/exam/import', 'POST', '', '');
INSERT INTO `sys_log` VALUES ('a1327c3a0f0840818d4fb7c1583dc2a9', '1', '1', '2016-02-26 12:40:08', '127.0.0.1', 'Mozilla/5.0 (Windows NT 6.1; WOW64) AppleWebKit/537.36 (KHTML, like Gecko) Chrome/48.0.2564.116 Safari/537.36', '/jeesite/a/exam/import', 'POST', '', '');
INSERT INTO `sys_log` VALUES ('20d041f695a849bd9b871aecda4509d4', '1', '3038a878f1544ec9a919c8f4cf935832', '2016-02-26 16:02:47', '127.0.0.1', 'Mozilla/5.0 (Windows NT 6.1; WOW64) AppleWebKit/537.36 (KHTML, like Gecko) Chrome/48.0.2564.116 Safari/537.36', '/jeesite/a/exam/score/save', 'POST', 0x69643D62373831616539323537666434363366383832326136373862353966653566312663726561746542792E6E616D653DE69DA8E685A7E5BCBA266E756D6265723D37302670617065722E6E616D653DE6B58BE8AF95E58DB734, '');
INSERT INTO `sys_log` VALUES ('c12797a5ce894cb3881f8207ce36e510', '1', '3038a878f1544ec9a919c8f4cf935832', '2016-02-26 16:03:18', '127.0.0.1', 'Mozilla/5.0 (Windows NT 6.1; WOW64) AppleWebKit/537.36 (KHTML, like Gecko) Chrome/48.0.2564.116 Safari/537.36', '/jeesite/a/exam/score/save', 'POST', 0x69643D31343233653861623064383534333530393637623264356439323333623932352663726561746542792E6E616D653DE69DA8E685A7E5BCBA266E756D6265723D38332670617065722E6E616D653DE6B58BE8AF95E58DB734, '');
INSERT INTO `sys_log` VALUES ('d4d82974468e459299a4801fdb1330e1', '1', '1', '2016-02-26 16:05:15', '127.0.0.1', 'Mozilla/5.0 (Windows NT 6.1; WOW64) AppleWebKit/537.36 (KHTML, like Gecko) Chrome/48.0.2564.116 Safari/537.36', '/jeesite/a/cms/category/save', 'POST', 0x69643D32266F66666963652E69643D6561366236366566633566623464363861333638613130613565633264666264266F66666963652E6E616D653DE4B89CE58C97E794B5E58A9BE5A4A7E5ADA62026706172656E742E69643D3126706172656E742E6E616D653DE9A1B6E7BAA7E6A08FE79BAE266D6F64756C653D61727469636C65266E616D653DE7BB84E7BB87E69CBAE69E8426696D6167653D26687265663D267461726765743D266465736372697074696F6E3D266B6579776F7264733D26736F72743D313026696E4D656E753D3126696E4C6973743D312673686F774D6F6465733D3026616C6C6F77436F6D6D656E743D3026697341756469743D3126637573746F6D4C697374566965773D26637573746F6D436F6E74656E74566965773D2676696577436F6E6669673D, '');
INSERT INTO `sys_log` VALUES ('c50b75a865a541a09f69ad42a622e636', '1', '1', '2016-02-26 16:05:43', '127.0.0.1', 'Mozilla/5.0 (Windows NT 6.1; WOW64) AppleWebKit/537.36 (KHTML, like Gecko) Chrome/48.0.2564.116 Safari/537.36', '/jeesite/a/cms/category/save', 'POST', 0x69643D33266F66666963652E69643D6561366236366566633566623464363861333638613130613565633264666264266F66666963652E6E616D653DE4B89CE58C97E794B5E58A9BE5A4A7E5ADA62026706172656E742E69643D3226706172656E742E6E616D653DE7BB84E7BB87E69CBAE69E84266D6F64756C653D61727469636C65266E616D653DE7BD91E7AB99E7AE80E4BB8B26696D6167653D26687265663D267461726765743D266465736372697074696F6E3D266B6579776F7264733D26736F72743D333026696E4D656E753D3126696E4C6973743D312673686F774D6F6465733D3026616C6C6F77436F6D6D656E743D3126697341756469743D3126637573746F6D4C697374566965773D26637573746F6D436F6E74656E74566965773D2676696577436F6E6669673D, '');
INSERT INTO `sys_log` VALUES ('8d7e793d569745099d6bc32a0c1ad1e8', '1', '1', '2016-02-26 16:05:55', '127.0.0.1', 'Mozilla/5.0 (Windows NT 6.1; WOW64) AppleWebKit/537.36 (KHTML, like Gecko) Chrome/48.0.2564.116 Safari/537.36', '/jeesite/a/cms/category/save', 'POST', 0x69643D34266F66666963652E69643D6561366236366566633566623464363861333638613130613565633264666264266F66666963652E6E616D653DE4B89CE58C97E794B5E58A9BE5A4A7E5ADA62026706172656E742E69643D3226706172656E742E6E616D653DE7BB84E7BB87E69CBAE69E84266D6F64756C653D61727469636C65266E616D653DE58685E983A8E69CBAE69E8426696D6167653D26687265663D267461726765743D266465736372697074696F6E3D266B6579776F7264733D26736F72743D343026696E4D656E753D3126696E4C6973743D312673686F774D6F6465733D3026616C6C6F77436F6D6D656E743D3026697341756469743D3126637573746F6D4C697374566965773D26637573746F6D436F6E74656E74566965773D2676696577436F6E6669673D, '');
INSERT INTO `sys_log` VALUES ('45784996a187410697550812e6ba7b7f', '1', '1', '2016-02-26 16:06:11', '127.0.0.1', 'Mozilla/5.0 (Windows NT 6.1; WOW64) AppleWebKit/537.36 (KHTML, like Gecko) Chrome/48.0.2564.116 Safari/537.36', '/jeesite/a/cms/category/save', 'POST', 0x69643D35266F66666963652E69643D6561366236366566633566623464363861333638613130613565633264666264266F66666963652E6E616D653DE4B89CE58C97E794B5E58A9BE5A4A7E5ADA62026706172656E742E69643D3226706172656E742E6E616D653DE7BB84E7BB87E69CBAE69E84266D6F64756C653D61727469636C65266E616D653DE59CB0E696B9E69CBAE69E8426696D6167653D26687265663D267461726765743D266465736372697074696F6E3D266B6579776F7264733D26736F72743D353026696E4D656E753D3126696E4C6973743D312673686F774D6F6465733D3026616C6C6F77436F6D6D656E743D3026697341756469743D3126637573746F6D4C697374566965773D26637573746F6D436F6E74656E74566965773D2676696577436F6E6669673D, '');
INSERT INTO `sys_log` VALUES ('8083a3056ae148e59c9b07e4ca3f863c', '1', '1', '2016-02-26 16:06:35', '127.0.0.1', 'Mozilla/5.0 (Windows NT 6.1; WOW64) AppleWebKit/537.36 (KHTML, like Gecko) Chrome/48.0.2564.116 Safari/537.36', '/jeesite/a/cms/category/save', 'POST', 0x69643D36266F66666963652E69643D6561366236366566633566623464363861333638613130613565633264666264266F66666963652E6E616D653DE4B89CE58C97E794B5E58A9BE5A4A7E5ADA62026706172656E742E69643D3126706172656E742E6E616D653DE9A1B6E7BAA7E6A08FE79BAE266D6F64756C653D61727469636C65266E616D653DE8B4A8E9878FE6A380E9AA8C26696D6167653D26687265663D267461726765743D266465736372697074696F6E3D266B6579776F7264733D26736F72743D323026696E4D656E753D3126696E4C6973743D312673686F774D6F6465733D3126616C6C6F77436F6D6D656E743D3126697341756469743D3026637573746F6D4C697374566965773D26637573746F6D436F6E74656E74566965773D2676696577436F6E6669673D, '');
INSERT INTO `sys_log` VALUES ('f29eb5bc61ce4e858f805442ef6eeb27', '1', '1', '2016-02-26 16:06:47', '127.0.0.1', 'Mozilla/5.0 (Windows NT 6.1; WOW64) AppleWebKit/537.36 (KHTML, like Gecko) Chrome/48.0.2564.116 Safari/537.36', '/jeesite/a/cms/category/save', 'POST', 0x69643D37266F66666963652E69643D6561366236366566633566623464363861333638613130613565633264666264266F66666963652E6E616D653DE4B89CE58C97E794B5E58A9BE5A4A7E5ADA62026706172656E742E69643D3626706172656E742E6E616D653DE8B4A8E9878FE6A380E9AA8C266D6F64756C653D61727469636C65266E616D653DE4BAA7E59381E8B4A8E9878F26696D6167653D26687265663D267461726765743D266465736372697074696F6E3D266B6579776F7264733D26736F72743D333026696E4D656E753D3126696E4C6973743D312673686F774D6F6465733D3026616C6C6F77436F6D6D656E743D3126697341756469743D3026637573746F6D4C697374566965773D26637573746F6D436F6E74656E74566965773D2676696577436F6E6669673D, '');
INSERT INTO `sys_log` VALUES ('c3c927717dc841a98bb356d48b387486', '1', '1', '2016-02-26 16:06:57', '127.0.0.1', 'Mozilla/5.0 (Windows NT 6.1; WOW64) AppleWebKit/537.36 (KHTML, like Gecko) Chrome/48.0.2564.116 Safari/537.36', '/jeesite/a/cms/category/save', 'POST', 0x69643D38266F66666963652E69643D6561366236366566633566623464363861333638613130613565633264666264266F66666963652E6E616D653DE4B89CE58C97E794B5E58A9BE5A4A7E5ADA62026706172656E742E69643D3626706172656E742E6E616D653DE8B4A8E9878FE6A380E9AA8C266D6F64756C653D61727469636C65266E616D653DE68A80E69CAFE8B4A8E9878F26696D6167653D26687265663D267461726765743D266465736372697074696F6E3D266B6579776F7264733D26736F72743D343026696E4D656E753D3126696E4C6973743D312673686F774D6F6465733D3026616C6C6F77436F6D6D656E743D3126697341756469743D3026637573746F6D4C697374566965773D26637573746F6D436F6E74656E74566965773D2676696577436F6E6669673D, '');
INSERT INTO `sys_log` VALUES ('bbdb9f3fa1374407811088f14f00ff75', '1', '1', '2016-02-26 16:08:00', '127.0.0.1', 'Mozilla/5.0 (Windows NT 6.1; WOW64) AppleWebKit/537.36 (KHTML, like Gecko) Chrome/48.0.2564.116 Safari/537.36', '/jeesite/a/sys/user/save', 'POST', 0x69643D333033386138373866313534346563396139313963386634636639333538333226636F6D70616E792E69643D656136623636656663356662346436386133363861313061356563326466626426636F6D70616E792E6E616D653DE4B89CE58C97E794B5E58A9BE5A4A7E5ADA6266F66666963652E69643D3937623139373234396231653430656638643465383961616335336530376130266F66666963652E6E616D653DE4BFA1E681AFE5B7A5E7A88BE5ADA6E999A2266F6C644C6F67696E4E616D653D796871266C6F67696E4E616D653D796871266E6F3D796871303031266E616D653DE69DA8E685A7E5BCBA266E657750617373776F72643D26636F6E6669726D4E657750617373776F72643D26656D61696C3D2670686F6E653D266D6F62696C653D2672656D61726B733D2675736572547970653D3126726F6C6549644C6973743D3564326331383162343063653434666261353461636139303365633030333731265F726F6C6549644C6973743D6F6E, '');
INSERT INTO `sys_log` VALUES ('b0cfa889f3b34af588b3cfb7068fa6a0', '1', '1', '2016-02-26 16:09:09', '127.0.0.1', 'Mozilla/5.0 (Windows NT 6.1; WOW64) AppleWebKit/537.36 (KHTML, like Gecko) Chrome/48.0.2564.116 Safari/537.36', '/jeesite/a/sys/role/save', 'POST', 0x69643D3564326331383162343063653434666261353461636139303365633030333731266F66666963652E69643D6561366236366566633566623464363861333638613130613565633264666264266F66666963652E6E616D653DE4B89CE58C97E794B5E58A9BE5A4A7E5ADA6266F6C644E616D653DE7BD91E7BB9CE7AEA1E79086E59198266E616D653DE7BD91E7BB9CE7AEA1E79086E59198266461746153636F70653D32266D656E754964733D312C36616436336266303831323234643138613765346162663639343938393763352C34646631656562623334623434333132613731323766656533376264633263342C30363032383739643637303934363538613837323566396639313436312E2E2E266F66666963654964733D, '');
INSERT INTO `sys_log` VALUES ('b66fc6088b794e4981db09da1add7e9d', '1', '1', '2016-02-26 16:09:37', '127.0.0.1', 'Mozilla/5.0 (Windows NT 6.1; WOW64) AppleWebKit/537.36 (KHTML, like Gecko) Chrome/48.0.2564.116 Safari/537.36', '/jeesite/a/sys/role/save', 'POST', 0x69643D3564326331383162343063653434666261353461636139303365633030333731266F66666963652E69643D6561366236366566633566623464363861333638613130613565633264666264266F66666963652E6E616D653DE4B89CE58C97E794B5E58A9BE5A4A7E5ADA6266F6C644E616D653DE7BD91E7BB9CE7AEA1E79086E59198266E616D653DE7BD91E7BB9CE7AEA1E79086E59198266461746153636F70653D32266D656E754964733D312C36616436336266303831323234643138613765346162663639343938393763352C34646631656562623334623434333132613731323766656533376264633263342C30363032383739643637303934363538613837323566396639313436312E2E2E266F66666963654964733D, '');
INSERT INTO `sys_log` VALUES ('f9d0e5b3524446aaa43c1a22f43dfe6d', '1', '1', '2016-02-26 16:10:43', '127.0.0.1', 'Mozilla/5.0 (Windows NT 6.1; WOW64) AppleWebKit/537.36 (KHTML, like Gecko) Chrome/48.0.2564.116 Safari/537.36', '/jeesite/a/cms/category/save', 'POST', 0x69643D39266F66666963652E69643D6561366236366566633566623464363861333638613130613565633264666264266F66666963652E6E616D653DE4B89CE58C97E794B5E58A9BE5A4A7E5ADA62026706172656E742E69643D3626706172656E742E6E616D653DE8B4A8E9878FE6A380E9AA8C266D6F64756C653D61727469636C65266E616D653DE5B7A5E7A88BE8B4A8E9878F26696D6167653D26687265663D267461726765743D266465736372697074696F6E3D266B6579776F7264733D26736F72743D353026696E4D656E753D3126696E4C6973743D312673686F774D6F6465733D3026616C6C6F77436F6D6D656E743D3126697341756469743D3026637573746F6D4C697374566965773D26637573746F6D436F6E74656E74566965773D2676696577436F6E6669673D, '');
INSERT INTO `sys_log` VALUES ('b65647d1b95a48f7ae98f8cfc092a1e0', '1', '1', '2016-02-26 16:11:00', '127.0.0.1', 'Mozilla/5.0 (Windows NT 6.1; WOW64) AppleWebKit/537.36 (KHTML, like Gecko) Chrome/48.0.2564.116 Safari/537.36', '/jeesite/a/cms/category/save', 'POST', 0x69643D3234266F66666963652E69643D6561366236366566633566623464363861333638613130613565633264666264266F66666963652E6E616D653DE4B89CE58C97E794B5E58A9BE5A4A7E5ADA62026706172656E742E69643D3126706172656E742E6E616D653DE9A1B6E7BAA7E6A08FE79BAE266D6F64756C653D266E616D653DE8AEBAE59D9B26696D6167653D26687265663D687474703A2F2F7777772E62616964752E636F6D267461726765743D266465736372697074696F6E3D266B6579776F7264733D26736F72743D393026696E4D656E753D3126696E4C6973743D312673686F774D6F6465733D3026616C6C6F77436F6D6D656E743D3026697341756469743D3126637573746F6D4C697374566965773D26637573746F6D436F6E74656E74566965773D2676696577436F6E6669673D, '');
INSERT INTO `sys_log` VALUES ('d6e1a48eb46642aeaff12ef59193de65', '1', '1', '2016-02-26 16:12:02', '127.0.0.1', 'Mozilla/5.0 (Windows NT 6.1; WOW64) AppleWebKit/537.36 (KHTML, like Gecko) Chrome/48.0.2564.116 Safari/537.36', '/jeesite/a/cms/category/save', 'POST', 0x69643D3234266F66666963652E69643D36266F66666963652E6E616D653DE7A094E58F91E983A82026706172656E742E69643D3126706172656E742E6E616D653DE9A1B6E7BAA7E6A08FE79BAE266D6F64756C653D266E616D653DE8AEBAE59D9B26696D6167653D26687265663D687474703A2F2F7777772E62616964752E636F6D267461726765743D266465736372697074696F6E3D266B6579776F7264733D26736F72743D393026696E4D656E753D3126696E4C6973743D312673686F774D6F6465733D3026616C6C6F77436F6D6D656E743D3026697341756469743D3126637573746F6D4C697374566965773D26637573746F6D436F6E74656E74566965773D2676696577436F6E6669673D, '');
INSERT INTO `sys_log` VALUES ('86edb90009784253b4de80a1a3158063', '1', '1', '2016-02-26 16:14:00', '127.0.0.1', 'Mozilla/5.0 (Windows NT 6.1; WOW64) AppleWebKit/537.36 (KHTML, like Gecko) Chrome/48.0.2564.116 Safari/537.36', '/jeesite/a/cms/category/save', 'POST', 0x69643D3130266F66666963652E69643D6561366236366566633566623464363861333638613130613565633264666264266F66666963652E6E616D653DE4B89CE58C97E794B5E58A9BE5A4A7E5ADA62026706172656E742E69643D3126706172656E742E6E616D653DE9A1B6E7BAA7E6A08FE79BAE266D6F64756C653D61727469636C65266E616D653DE8BDAFE4BBB6E4BB8BE7BB8D26696D6167653D26687265663D267461726765743D266465736372697074696F6E3D266B6579776F7264733D26736F72743D323026696E4D656E753D3126696E4C6973743D312673686F774D6F6465733D3026616C6C6F77436F6D6D656E743D3126697341756469743D3026637573746F6D4C697374566965773D26637573746F6D436F6E74656E74566965773D2676696577436F6E6669673D, '');
INSERT INTO `sys_log` VALUES ('651bcd5f2dd84370a04aa2e353b9563a', '1', '1', '2016-02-26 16:14:46', '127.0.0.1', 'Mozilla/5.0 (Windows NT 6.1; WOW64) AppleWebKit/537.36 (KHTML, like Gecko) Chrome/48.0.2564.116 Safari/537.36', '/jeesite/a/cms/category/save', 'POST', 0x69643D3131266F66666963652E69643D6561366236366566633566623464363861333638613130613565633264666264266F66666963652E6E616D653DE4B89CE58C97E794B5E58A9BE5A4A7E5ADA62026706172656E742E69643D313026706172656E742E6E616D653DE8BDAFE4BBB6E4BB8BE7BB8D266D6F64756C653D61727469636C65266E616D653DE7BD91E7BB9CE5B7A5E585B726696D6167653D26687265663D267461726765743D266465736372697074696F6E3D266B6579776F7264733D26736F72743D333026696E4D656E753D3126696E4C6973743D312673686F774D6F6465733D3026616C6C6F77436F6D6D656E743D3126697341756469743D3026637573746F6D4C697374566965773D26637573746F6D436F6E74656E74566965773D2676696577436F6E6669673D, '');
INSERT INTO `sys_log` VALUES ('40e1e8c265174b7688b978bd1cfb15c2', '1', '1', '2016-02-26 16:14:54', '127.0.0.1', 'Mozilla/5.0 (Windows NT 6.1; WOW64) AppleWebKit/537.36 (KHTML, like Gecko) Chrome/48.0.2564.116 Safari/537.36', '/jeesite/a/cms/category/save', 'POST', 0x69643D3133266F66666963652E69643D6561366236366566633566623464363861333638613130613565633264666264266F66666963652E6E616D653DE4B89CE58C97E794B5E58A9BE5A4A7E5ADA62026706172656E742E69643D313026706172656E742E6E616D653DE8BDAFE4BBB6E4BB8BE7BB8D266D6F64756C653D61727469636C65266E616D653DE6B58FE8A788E8BE85E58AA926696D6167653D26687265663D267461726765743D266465736372697074696F6E3D266B6579776F7264733D26736F72743D353026696E4D656E753D3126696E4C6973743D312673686F774D6F6465733D3026616C6C6F77436F6D6D656E743D3126697341756469743D3026637573746F6D4C697374566965773D26637573746F6D436F6E74656E74566965773D2676696577436F6E6669673D, '');
INSERT INTO `sys_log` VALUES ('69058d597f274830a3d5d68ee55c59a6', '1', '1', '2016-02-26 16:15:05', '127.0.0.1', 'Mozilla/5.0 (Windows NT 6.1; WOW64) AppleWebKit/537.36 (KHTML, like Gecko) Chrome/48.0.2564.116 Safari/537.36', '/jeesite/a/cms/category/save', 'POST', 0x69643D3132266F66666963652E69643D6561366236366566633566623464363861333638613130613565633264666264266F66666963652E6E616D653DE4B89CE58C97E794B5E58A9BE5A4A7E5ADA62026706172656E742E69643D313026706172656E742E6E616D653DE8BDAFE4BBB6E4BB8BE7BB8D266D6F64756C653D61727469636C65266E616D653DE6B58FE8A788E5B7A5E585B726696D6167653D26687265663D267461726765743D266465736372697074696F6E3D266B6579776F7264733D26736F72743D343026696E4D656E753D3126696E4C6973743D312673686F774D6F6465733D3026616C6C6F77436F6D6D656E743D3126697341756469743D3026637573746F6D4C697374566965773D26637573746F6D436F6E74656E74566965773D2676696577436F6E6669673D, '');
INSERT INTO `sys_log` VALUES ('69fd03508c394e6bad3fb9d9624ccd50', '1', '1', '2016-02-26 16:15:14', '127.0.0.1', 'Mozilla/5.0 (Windows NT 6.1; WOW64) AppleWebKit/537.36 (KHTML, like Gecko) Chrome/48.0.2564.116 Safari/537.36', '/jeesite/a/cms/category/save', 'POST', 0x69643D3134266F66666963652E69643D6561366236366566633566623464363861333638613130613565633264666264266F66666963652E6E616D653DE4B89CE58C97E794B5E58A9BE5A4A7E5ADA62026706172656E742E69643D313026706172656E742E6E616D653DE8BDAFE4BBB6E4BB8BE7BB8D266D6F64756C653D61727469636C65266E616D653DE7BD91E7BB9CE4BC98E58C9626696D6167653D26687265663D267461726765743D266465736372697074696F6E3D266B6579776F7264733D26736F72743D353026696E4D656E753D3126696E4C6973743D312673686F774D6F6465733D3026616C6C6F77436F6D6D656E743D3126697341756469743D3026637573746F6D4C697374566965773D26637573746F6D436F6E74656E74566965773D2676696577436F6E6669673D, '');
INSERT INTO `sys_log` VALUES ('864efc8a72d44307a57f8d3bbff2b831', '1', '1', '2016-02-26 16:15:23', '127.0.0.1', 'Mozilla/5.0 (Windows NT 6.1; WOW64) AppleWebKit/537.36 (KHTML, like Gecko) Chrome/48.0.2564.116 Safari/537.36', '/jeesite/a/cms/category/save', 'POST', 0x69643D3135266F66666963652E69643D6561366236366566633566623464363861333638613130613565633264666264266F66666963652E6E616D653DE4B89CE58C97E794B5E58A9BE5A4A7E5ADA62026706172656E742E69643D313026706172656E742E6E616D653DE8BDAFE4BBB6E4BB8BE7BB8D266D6F64756C653D61727469636C65266E616D653DE982AEE4BBB6E5A484E7908626696D6167653D26687265663D267461726765743D266465736372697074696F6E3D266B6579776F7264733D26736F72743D353026696E4D656E753D3126696E4C6973743D312673686F774D6F6465733D3026616C6C6F77436F6D6D656E743D3126697341756469743D3026637573746F6D4C697374566965773D26637573746F6D436F6E74656E74566965773D2676696577436F6E6669673D, '');
INSERT INTO `sys_log` VALUES ('efd12397e86e40a79318c70e3c596414', '1', '1', '2016-02-26 16:16:28', '127.0.0.1', 'Mozilla/5.0 (Windows NT 6.1; WOW64) AppleWebKit/537.36 (KHTML, like Gecko) Chrome/48.0.2564.116 Safari/537.36', '/jeesite/a/cms/category/save', 'POST', 0x69643D3136266F66666963652E69643D6561366236366566633566623464363861333638613130613565633264666264266F66666963652E6E616D653DE4B89CE58C97E794B5E58A9BE5A4A7E5ADA62026706172656E742E69643D313026706172656E742E6E616D653DE8BDAFE4BBB6E4BB8BE7BB8D266D6F64756C653D61727469636C65266E616D653DE4B88BE8BDBDE5B7A5E585B726696D6167653D26687265663D267461726765743D266465736372697074696F6E3D266B6579776F7264733D26736F72743D353026696E4D656E753D3126696E4C6973743D312673686F774D6F6465733D3026616C6C6F77436F6D6D656E743D3126697341756469743D3026637573746F6D4C697374566965773D26637573746F6D436F6E74656E74566965773D2676696577436F6E6669673D, '');
INSERT INTO `sys_log` VALUES ('4f6e1b41d22e450ba9b6a864fd1b2d76', '1', '1', '2016-02-26 16:16:39', '127.0.0.1', 'Mozilla/5.0 (Windows NT 6.1; WOW64) AppleWebKit/537.36 (KHTML, like Gecko) Chrome/48.0.2564.116 Safari/537.36', '/jeesite/a/cms/category/save', 'POST', 0x69643D3137266F66666963652E69643D6561366236366566633566623464363861333638613130613565633264666264266F66666963652E6E616D653DE4B89CE58C97E794B5E58A9BE5A4A7E5ADA62026706172656E742E69643D313026706172656E742E6E616D653DE8BDAFE4BBB6E4BB8BE7BB8D266D6F64756C653D61727469636C65266E616D653DE6909CE7B4A2E5B7A5E585B726696D6167653D26687265663D267461726765743D266465736372697074696F6E3D266B6579776F7264733D26736F72743D353026696E4D656E753D3126696E4C6973743D312673686F774D6F6465733D3226616C6C6F77436F6D6D656E743D3126697341756469743D3026637573746F6D4C697374566965773D26637573746F6D436F6E74656E74566965773D2676696577436F6E6669673D, '');
INSERT INTO `sys_log` VALUES ('2f059b8a2adb435aba57650d43ea4c86', '1', '3038a878f1544ec9a919c8f4cf935832', '2016-02-26 16:17:13', '127.0.0.1', 'Mozilla/5.0 (Windows NT 6.1; WOW64) AppleWebKit/537.36 (KHTML, like Gecko) Chrome/48.0.2564.116 Safari/537.36', '/jeesite/a/cms/article/save', 'POST', 0x69643D312663617465676F72792E69643D332663617465676F72792E6E616D653DE7BD91E7AB99E7AE80E4BB8B267469746C653DE7BD91E7AB99E7AE80E4BB8B3126636F6C6F723D726564266C696E6B3D266B6579776F7264733DE794B5E5BDB12CE587BAE78988E59586267765696768743D39393926776569676874446174653D266465736372697074696F6E3DE5B882E59CBAE697A5E6B890E7BAA2E781ABEFBC8CE696B0E5AFBCE6BC94E4B99FE69C89E4BA86E69BB4E5A49AE79A84E7A9BAE997B4EFBC8CE697A0E5A588E8BF99E4B8AAE69585E4BA8BE69CACE8BAABE7A88DE6958FE6849FEFBC8CE68980E4BBA5E8BF98E698AFE6B2A1E69C89E68890E58A9FE38082E68891E58F88E68A8AE8BF99E4B8AAE69585E4BA8BE586992E2E2E26696D6167653D2F6A6565736974652F7573657266696C65732F312F5F7468756D62732F696D616765732F5562756E74752D64656661756C742532302834292E6A70672661727469636C65446174612E636F6E74656E743D0D0A090D0A0909C2A00D0A090D0A0909C2A00D0A090D0A0909E5B882E59CBAE697A5E6B890E7BAA2E781ABEFBC8CE696B0E5AFBCE6BC94E4B99FE69C89E4BA86E69BB4E5A49AE79A84E7A9BAE997B4EFBC8CE697A0E5A588E8BF99E4B8AAE69585E4BA8BE69CACE8BAABE7A88DE6958FE6849FEFBC8CE68980E4BBA5E8BF98E698AFE6B2A1E69C892E2E2E2661727469636C65446174612E636F707966726F6D3DE69DA5E6BA902661727469636C65446174612E72656C6174696F6E3D312C322C332C2661727469636C65446174612E616C6C6F77436F6D6D656E743D3126706F7369644C6973743D31265F706F7369644C6973743D6F6E26637265617465446174653D323031362D30322D30342031323A34393A35352664656C466C61673D3026637573746F6D436F6E74656E74566965773D2676696577436F6E6669673D, '');
INSERT INTO `sys_log` VALUES ('e031f8df39ba4f10a7eaa819fc4e7d03', '1', '3038a878f1544ec9a919c8f4cf935832', '2016-02-26 16:17:34', '127.0.0.1', 'Mozilla/5.0 (Windows NT 6.1; WOW64) AppleWebKit/537.36 (KHTML, like Gecko) Chrome/48.0.2564.116 Safari/537.36', '/jeesite/a/cms/article/save', 'POST', 0x69643D372663617465676F72792E69643D342663617465676F72792E6E616D653DE58685E983A8E69CBAE69E84267469746C653DE69687E7ABA0E6A087E9A298E6A087E9A298E6A087E9A298E6A087E9A29826636F6C6F723D266C696E6B3D266B6579776F7264733DE585B3E994AEE5AD97312CE585B3E994AEE5AD9732267765696768743D3026776569676874446174653D266465736372697074696F6E3D26696D6167653D2661727469636C65446174612E636F6E74656E743D0D0A09E69687E7ABA0E58685E5AEB9E58685E5AEB9E58685E5AEB9E58685E5AEB90D0A2661727469636C65446174612E636F707966726F6D3DE69DA5E6BA902661727469636C65446174612E72656C6174696F6E3D312C322C332C2661727469636C65446174612E616C6C6F77436F6D6D656E743D31265F706F7369644C6973743D6F6E26637265617465446174653D323031362D30322D32362031363A31373A32362664656C466C61673D3026637573746F6D436F6E74656E74566965773D2676696577436F6E6669673D, '');
INSERT INTO `sys_log` VALUES ('18e336a2453b483cb98921f3e03df5b2', '2', '3038a878f1544ec9a919c8f4cf935832', '2016-02-26 16:17:38', '127.0.0.1', 'Mozilla/5.0 (Windows NT 6.1; WOW64) AppleWebKit/537.36 (KHTML, like Gecko) Chrome/48.0.2564.116 Safari/537.36', '/jeesite/a/cms/article/', 'GET', 0x7265706167653D2663617465676F72792E69643D34, 0x6F72672E737072696E676672616D65776F726B2E7765622E7574696C2E4E6573746564536572766C6574457863657074696F6E3A2048616E646C65722070726F63657373696E67206661696C65643B206E657374656420657863657074696F6E206973206A6176612E6C616E672E4F75744F664D656D6F72794572726F723A205065726D47656E207370616365);
INSERT INTO `sys_log` VALUES ('f25297da9888440981335db509696904', '1', '3038a878f1544ec9a919c8f4cf935832', '2016-02-26 16:22:25', '127.0.0.1', 'Mozilla/5.0 (Windows NT 6.1; WOW64) AppleWebKit/537.36 (KHTML, like Gecko) Chrome/48.0.2564.116 Safari/537.36', '/jeesite/a/cms/article/save', 'POST', 0x69643D37316465373034633632656434623166613064383734633932363066633431632663617465676F72792E69643D332663617465676F72792E6E616D653DE7BD91E7AB99E7AE80E4BB8B267469746C653DE7BD91E7AB9926636F6C6F723D79656C6C6F77266C696E6B3D266B6579776F7264733DE7BD91E7AB99E7AE80E4BB8B32267765696768743D3026776569676874446174653D323031362D30322D3035266465736372697074696F6E3DE7BD91E7AB99E7AE80E4BB8B26696D6167653D2F6A6565736974652F7573657266696C65732F312F5F7468756D62732F696D616765732F5562756E7475253230283230292E6A70672661727469636C65446174612E636F6E74656E743D0D0A090D0A0D0A090D0A09090D0A0909090D0A09090909C2A00D0A0909090D0A09090909C2A00D0A09090D0A09090D0A0909090D0A09090909C2A00D0A0909090D0A09090909C2A00D0A09090D0A09090D0A0909090D0A09090909C2A00D0A0909090D0A09092E2E2E2661727469636C65446174612E636F707966726F6D3D2661727469636C65446174612E72656C6174696F6E3D2661727469636C65446174612E616C6C6F77436F6D6D656E743D3126706F7369644C6973743D31265F706F7369644C6973743D6F6E26637265617465446174653D323031362D30322D30342031333A30333A34302664656C466C61673D3026637573746F6D436F6E74656E74566965773D2676696577436F6E6669673D, '');
INSERT INTO `sys_log` VALUES ('8d83f749fd1145c8a791b69c7131b62d', '1', '1', '2016-02-26 16:22:49', '127.0.0.1', 'Mozilla/5.0 (Windows NT 6.1; WOW64) AppleWebKit/537.36 (KHTML, like Gecko) Chrome/48.0.2564.116 Safari/537.36', '/jeesite/a/cms/article/save', 'POST', 0x69643D37316465373034633632656434623166613064383734633932363066633431632663617465676F72792E69643D332663617465676F72792E6E616D653DE7BD91E7AB99E7AE80E4BB8B267469746C653DE7BD91E7AB9926636F6C6F723D79656C6C6F77266C696E6B3D266B6579776F7264733DE7BD91E7AB99E7AE80E4BB8B32267765696768743D3026776569676874446174653D323031362D30322D3035266465736372697074696F6E3DE7BD91E7AB99E7AE80E4BB8B26696D6167653D2F6A6565736974652F7573657266696C65732F312F5F7468756D62732F696D616765732F5562756E7475253230283230292E6A70672661727469636C65446174612E636F6E74656E743D0D0A090D0A0D0A090D0A09090D0A0909090D0A09090909C2A00D0A0909090D0A09090909C2A00D0A09090D0A09090D0A0909090D0A09090909C2A00D0A0909090D0A09090909C2A00D0A09090D0A09090D0A0909090D0A09090909C2A00D0A0909090D0A09092E2E2E2661727469636C65446174612E636F707966726F6D3D2661727469636C65446174612E72656C6174696F6E3D2661727469636C65446174612E616C6C6F77436F6D6D656E743D3126706F7369644C6973743D31265F706F7369644C6973743D6F6E26637265617465446174653D323031362D30322D30342031333A30333A34302664656C466C61673D3026637573746F6D436F6E74656E74566965773D2676696577436F6E6669673D, '');
INSERT INTO `sys_log` VALUES ('b021bfc676e744d1bcedecf0d7e0d324', '1', '1', '2016-02-26 16:22:56', '127.0.0.1', 'Mozilla/5.0 (Windows NT 6.1; WOW64) AppleWebKit/537.36 (KHTML, like Gecko) Chrome/48.0.2564.116 Safari/537.36', '/jeesite/a/cms/article/save', 'POST', 0x69643D37316465373034633632656434623166613064383734633932363066633431632663617465676F72792E69643D332663617465676F72792E6E616D653DE7BD91E7AB99E7AE80E4BB8B267469746C653DE7BD91E7AB9926636F6C6F723D79656C6C6F77266C696E6B3D266B6579776F7264733DE7BD91E7AB99E7AE80E4BB8B32267765696768743D3026776569676874446174653D323031362D30322D3035266465736372697074696F6E3DE7BD91E7AB99E7AE80E4BB8B26696D6167653D2F6A6565736974652F7573657266696C65732F312F5F7468756D62732F696D616765732F5562756E7475253230283230292E6A70672661727469636C65446174612E636F6E74656E743D0D0A090D0A0D0A090D0A09090D0A0909090D0A09090909C2A00D0A0909090D0A09090909C2A00D0A09090D0A09090D0A0909090D0A09090909C2A00D0A0909090D0A09090909C2A00D0A09090D0A09090D0A0909090D0A09090909C2A00D0A0909090D0A09092E2E2E2661727469636C65446174612E636F707966726F6D3D2661727469636C65446174612E72656C6174696F6E3D2661727469636C65446174612E616C6C6F77436F6D6D656E743D3126706F7369644C6973743D31265F706F7369644C6973743D6F6E26637265617465446174653D323031362D30322D30342031333A30333A34302664656C466C61673D3026637573746F6D436F6E74656E74566965773D2676696577436F6E6669673D, '');
INSERT INTO `sys_log` VALUES ('38e7cfddfe26496d864c2d3daf78f3af', '1', '1', '2016-02-26 16:23:17', '127.0.0.1', 'Mozilla/5.0 (Windows NT 6.1; WOW64) AppleWebKit/537.36 (KHTML, like Gecko) Chrome/48.0.2564.116 Safari/537.36', '/jeesite/a/cms/article/save', 'POST', 0x69643D382663617465676F72792E69643D342663617465676F72792E6E616D653DE58685E983A8E69CBAE69E84267469746C653DE69687E7ABA0E6A087E9A298E6A087E9A298E6A087E9A298E6A087E9A29826636F6C6F723D626C7565266C696E6B3D266B6579776F7264733DE585B3E994AEE5AD97312CE585B3E994AEE5AD9732267765696768743D3026776569676874446174653D266465736372697074696F6E3D26696D6167653D2661727469636C65446174612E636F6E74656E743D0D0A09E69687E7ABA0E58685E5AEB9E58685E5AEB9E58685E5AEB9E58685E5AEB90D0A2661727469636C65446174612E636F707966726F6D3DE69DA5E6BA902661727469636C65446174612E72656C6174696F6E3D312C322C332C2661727469636C65446174612E616C6C6F77436F6D6D656E743D31265F706F7369644C6973743D6F6E26637265617465446174653D323031332D30352D32372030383A30303A30302664656C466C61673D3026637573746F6D436F6E74656E74566965773D2676696577436F6E6669673D, '');
INSERT INTO `sys_log` VALUES ('166d5cc7f2ab4d52aeb80cc1c4585e80', '1', '1', '2016-02-26 16:23:23', '127.0.0.1', 'Mozilla/5.0 (Windows NT 6.1; WOW64) AppleWebKit/537.36 (KHTML, like Gecko) Chrome/48.0.2564.116 Safari/537.36', '/jeesite/a/cms/article/save', 'POST', 0x69643D392663617465676F72792E69643D342663617465676F72792E6E616D653DE58685E983A8E69CBAE69E84267469746C653DE69687E7ABA0E6A087E9A298E6A087E9A298E6A087E9A298E6A087E9A29826636F6C6F723D266C696E6B3D266B6579776F7264733DE585B3E994AEE5AD97312CE585B3E994AEE5AD9732267765696768743D3026776569676874446174653D266465736372697074696F6E3D26696D6167653D2661727469636C65446174612E636F6E74656E743D0D0A09E69687E7ABA0E58685E5AEB9E58685E5AEB9E58685E5AEB9E58685E5AEB90D0A2661727469636C65446174612E636F707966726F6D3DE69DA5E6BA902661727469636C65446174612E72656C6174696F6E3D312C322C332C2661727469636C65446174612E616C6C6F77436F6D6D656E743D31265F706F7369644C6973743D6F6E26637265617465446174653D323031332D30352D32372030383A30303A30302664656C466C61673D3026637573746F6D436F6E74656E74566965773D2676696577436F6E6669673D, '');
INSERT INTO `sys_log` VALUES ('45e109a196634f9d966c96dc9634d8e1', '1', '1', '2016-02-26 16:23:43', '127.0.0.1', 'Mozilla/5.0 (Windows NT 6.1; WOW64) AppleWebKit/537.36 (KHTML, like Gecko) Chrome/48.0.2564.116 Safari/537.36', '/jeesite/a/cms/article/save', 'POST', 0x69643D31312663617465676F72792E69643D352663617465676F72792E6E616D653DE59CB0E696B9E69CBAE69E84267469746C653D3C7370616E20636C6173733D26636F6C6F723D266C696E6B3D266B6579776F7264733DE585B3E994AEE5AD97312CE585B3E994AEE5AD9732267765696768743D3026776569676874446174653D266465736372697074696F6E3DE69687E7ABA0E58685E5AEB9E58685E5AEB9E58685E5AEB9E58685E5AEB926696D6167653D2661727469636C65446174612E636F6E74656E743D0D0A09E69687E7ABA0E58685E5AEB9E58685E5AEB9E58685E5AEB9E58685E5AEB90D0A2661727469636C65446174612E636F707966726F6D3DE69DA5E6BA902661727469636C65446174612E72656C6174696F6E3D312C322C332C2661727469636C65446174612E616C6C6F77436F6D6D656E743D31265F706F7369644C6973743D6F6E26637265617465446174653D323031362D30322D32362031363A32333A34312664656C466C61673D3026637573746F6D436F6E74656E74566965773D2676696577436F6E6669673D, '');
INSERT INTO `sys_log` VALUES ('6a6b1e21daa4442bb40d2d72d8ce9535', '1', '1', '2016-02-26 16:24:05', '127.0.0.1', 'Mozilla/5.0 (Windows NT 6.1; WOW64) AppleWebKit/537.36 (KHTML, like Gecko) Chrome/48.0.2564.116 Safari/537.36', '/jeesite/a/cms/article/save', 'POST', 0x69643D31322663617465676F72792E69643D352663617465676F72792E6E616D653DE59CB0E696B9E69CBAE69E84267469746C653D3C7370616E20636C6173733D26636F6C6F723D266C696E6B3D266B6579776F7264733DE585B3E994AEE5AD97312CE585B3E994AEE5AD9732267765696768743D3026776569676874446174653D266465736372697074696F6E3DE69687E7ABA0E58685E5AEB9E58685E5AEB9E58685E5AEB9E58685E5AEB926696D6167653D2661727469636C65446174612E636F6E74656E743D0D0A09E69687E7ABA0E58685E5AEB9E58685E5AEB9E58685E5AEB9E58685E5AEB90D0A2661727469636C65446174612E636F707966726F6D3DE69DA5E6BA902661727469636C65446174612E72656C6174696F6E3D312C322C332C2661727469636C65446174612E616C6C6F77436F6D6D656E743D31265F706F7369644C6973743D6F6E26637265617465446174653D323031362D30322D32362031363A32343A30322664656C466C61673D3026637573746F6D436F6E74656E74566965773D2676696577436F6E6669673D, '');
INSERT INTO `sys_log` VALUES ('dfa48b3385ca4fb99e2395cd8f261b55', '1', '1', '2016-02-26 16:24:18', '127.0.0.1', 'Mozilla/5.0 (Windows NT 6.1; WOW64) AppleWebKit/537.36 (KHTML, like Gecko) Chrome/48.0.2564.116 Safari/537.36', '/jeesite/a/cms/article/save', 'POST', 0x69643D31332663617465676F72792E69643D352663617465676F72792E6E616D653DE59CB0E696B9E69CBAE69E84267469746C653D3C7370616E20636C6173733D26636F6C6F723D266C696E6B3D266B6579776F7264733DE585B3E994AEE5AD97312CE585B3E994AEE5AD9732267765696768743D3026776569676874446174653D266465736372697074696F6E3DE69687E7ABA0E58685E5AEB9E58685E5AEB9E58685E5AEB9E58685E5AEB926696D6167653D2661727469636C65446174612E636F6E74656E743D0D0A09E69687E7ABA0E58685E5AEB9E58685E5AEB9E58685E5AEB9E58685E5AEB90D0A2661727469636C65446174612E636F707966726F6D3DE69DA5E6BA902661727469636C65446174612E72656C6174696F6E3D312C322C332C2661727469636C65446174612E616C6C6F77436F6D6D656E743D31265F706F7369644C6973743D6F6E26637265617465446174653D323031362D30322D32362031363A32343A31342664656C466C61673D3026637573746F6D436F6E74656E74566965773D2676696577436F6E6669673D, '');
INSERT INTO `sys_log` VALUES ('5b474975e2bf4a16b6935e2c8ae4ea6e', '1', '1', '2016-02-26 16:25:46', '127.0.0.1', 'Mozilla/5.0 (Windows NT 6.1; WOW64) AppleWebKit/537.36 (KHTML, like Gecko) Chrome/48.0.2564.116 Safari/537.36', '/jeesite/a/cms/article/save', 'POST', 0x69643D31332663617465676F72792E69643D352663617465676F72792E6E616D653DE59CB0E696B9E69CBAE69E84267469746C653DE69687E7ABA026636F6C6F723D266C696E6B3D266B6579776F7264733DE585B3E994AEE5AD97312CE585B3E994AEE5AD9732267765696768743D3026776569676874446174653D266465736372697074696F6E3DE69687E7ABA0E58685E5AEB9E58685E5AEB9E58685E5AEB9E58685E5AEB926696D6167653D2661727469636C65446174612E636F6E74656E743D0D0A09E69687E7ABA0E58685E5AEB9E58685E5AEB9E58685E5AEB9E58685E5AEB90D0A2661727469636C65446174612E636F707966726F6D3DE69DA5E6BA902661727469636C65446174612E72656C6174696F6E3D312C322C332C2661727469636C65446174612E616C6C6F77436F6D6D656E743D31265F706F7369644C6973743D6F6E26637265617465446174653D323031362D30322D32362031363A32343A31342664656C466C61673D3026637573746F6D436F6E74656E74566965773D2676696577436F6E6669673D, '');
INSERT INTO `sys_log` VALUES ('6f2595b7680147ea98ec87556da64fe6', '1', '1', '2016-02-26 16:25:53', '127.0.0.1', 'Mozilla/5.0 (Windows NT 6.1; WOW64) AppleWebKit/537.36 (KHTML, like Gecko) Chrome/48.0.2564.116 Safari/537.36', '/jeesite/a/cms/article/save', 'POST', 0x69643D31322663617465676F72792E69643D352663617465676F72792E6E616D653DE59CB0E696B9E69CBAE69E84267469746C653DE69687E7ABA026636F6C6F723D266C696E6B3D266B6579776F7264733DE585B3E994AEE5AD97312CE585B3E994AEE5AD9732267765696768743D3026776569676874446174653D266465736372697074696F6E3DE69687E7ABA0E58685E5AEB9E58685E5AEB9E58685E5AEB9E58685E5AEB926696D6167653D2661727469636C65446174612E636F6E74656E743D0D0A09E69687E7ABA0E58685E5AEB9E58685E5AEB9E58685E5AEB9E58685E5AEB90D0A2661727469636C65446174612E636F707966726F6D3DE69DA5E6BA902661727469636C65446174612E72656C6174696F6E3D312C322C332C2661727469636C65446174612E616C6C6F77436F6D6D656E743D31265F706F7369644C6973743D6F6E26637265617465446174653D323031362D30322D32362031363A32343A30322664656C466C61673D3026637573746F6D436F6E74656E74566965773D2676696577436F6E6669673D, '');
INSERT INTO `sys_log` VALUES ('f80ad0ee0aa2466581134322fd18f58d', '1', '1', '2016-02-26 16:26:01', '127.0.0.1', 'Mozilla/5.0 (Windows NT 6.1; WOW64) AppleWebKit/537.36 (KHTML, like Gecko) Chrome/48.0.2564.116 Safari/537.36', '/jeesite/a/cms/article/save', 'POST', 0x69643D31312663617465676F72792E69643D352663617465676F72792E6E616D653DE59CB0E696B9E69CBAE69E84267469746C653DE69687E7ABA026636F6C6F723D266C696E6B3D266B6579776F7264733DE585B3E994AEE5AD97312CE585B3E994AEE5AD9732267765696768743D3026776569676874446174653D266465736372697074696F6E3DE69687E7ABA0E58685E5AEB9E58685E5AEB9E58685E5AEB9E58685E5AEB926696D6167653D2661727469636C65446174612E636F6E74656E743D0D0A09E69687E7ABA0E58685E5AEB9E58685E5AEB9E58685E5AEB9E58685E5AEB90D0A2661727469636C65446174612E636F707966726F6D3DE69DA5E6BA902661727469636C65446174612E72656C6174696F6E3D312C322C332C2661727469636C65446174612E616C6C6F77436F6D6D656E743D31265F706F7369644C6973743D6F6E26637265617465446174653D323031362D30322D32362031363A32333A34312664656C466C61673D3026637573746F6D436F6E74656E74566965773D2676696577436F6E6669673D, '');
INSERT INTO `sys_log` VALUES ('7e5fa72181034ea482ab140ddbe1fad9', '1', '1', '2016-02-27 12:06:32', '127.0.0.1', 'Mozilla/5.0 (Windows NT 6.1; WOW64) AppleWebKit/537.36 (KHTML, like Gecko) Chrome/48.0.2564.116 Safari/537.36', '/jeesite/a/sys/menu/save', 'POST', 0x69643D613466363661356133313537343064663966663765636161306438363966613726706172656E742E69643D626333306334663763663835343734613834373464373434613965623366366126706172656E742E6E616D653DE8AF95E9A298E7AEA1E79086266E616D653DE4BFAEE694B926687265663D2F6578616D2F666F726D267461726765743D2669636F6E3D26736F72743D333026697353686F773D3026697341637469766974693D30267065726D697373696F6E3D6578616D3A746561636865723A65646974, '');
INSERT INTO `sys_log` VALUES ('2190717f63724f96b3b6eb8ada36f147', '1', '1', '2016-02-27 12:08:12', '127.0.0.1', 'Mozilla/5.0 (Windows NT 6.1; WOW64) AppleWebKit/537.36 (KHTML, like Gecko) Chrome/48.0.2564.116 Safari/537.36', '/jeesite/a/sys/menu/save', 'POST', 0x69643D613466363661356133313537343064663966663765636161306438363966613726706172656E742E69643D626333306334663763663835343734613834373464373434613965623366366126706172656E742E6E616D653DE8AF95E9A298E7AEA1E79086266E616D653DE4BFAEE694B926687265663D267461726765743D2669636F6E3D26736F72743D333026697353686F773D3026697341637469766974693D30267065726D697373696F6E3D6578616D3A746561636865723A65646974, '');
INSERT INTO `sys_log` VALUES ('b03854cea1e14ddfbdad71c7fb3db9b8', '1', '1', '2016-02-27 12:10:24', '127.0.0.1', 'Mozilla/5.0 (Windows NT 6.1; WOW64) AppleWebKit/537.36 (KHTML, like Gecko) Chrome/48.0.2564.116 Safari/537.36', '/jeesite/a/sys/menu/save', 'POST', 0x69643D613466363661356133313537343064663966663765636161306438363966613726706172656E742E69643D626333306334663763663835343734613834373464373434613965623366366126706172656E742E6E616D653DE8AF95E9A298E7AEA1E79086266E616D653DE4BFAEE694B926687265663D267461726765743D2669636F6E3D26736F72743D333026697353686F773D3026697341637469766974693D30267065726D697373696F6E3D6578616D3A746561636865723A6564697431, '');
INSERT INTO `sys_log` VALUES ('500a90943ebb4073a52cb3594f4f928c', '1', '1', '2016-02-27 12:12:16', '127.0.0.1', 'Mozilla/5.0 (Windows NT 6.1; WOW64) AppleWebKit/537.36 (KHTML, like Gecko) Chrome/48.0.2564.116 Safari/537.36', '/jeesite/a/sys/menu/save', 'POST', 0x69643D613466363661356133313537343064663966663765636161306438363966613726706172656E742E69643D626333306334663763663835343734613834373464373434613965623366366126706172656E742E6E616D653DE8AF95E9A298E7AEA1E79086266E616D653DE4BFAEE694B926687265663D267461726765743D2669636F6E3D26736F72743D333026697353686F773D3026697341637469766974693D30267065726D697373696F6E3D6578616D3A746561636865723A65646974, '');
INSERT INTO `sys_log` VALUES ('72e8667ccfe2468f843a69abd0a2b346', '1', '1', '2016-02-29 10:35:40', '127.0.0.1', 'Mozilla/5.0 (Windows NT 6.1; WOW64; rv:36.0) Gecko/20100101 Firefox/36.0', '/jeesite/a/sys/menu/updateSort', 'POST', 0x6964733D366164363362663038313232346431386137653461626636393439383937633526736F7274733D313030, '');

-- ----------------------------
-- Table structure for sys_mdict
-- ----------------------------
DROP TABLE IF EXISTS `sys_mdict`;
CREATE TABLE `sys_mdict` (
  `id` varchar(64) COLLATE utf8_bin NOT NULL COMMENT '编号',
  `parent_id` varchar(64) COLLATE utf8_bin NOT NULL COMMENT '父级编号',
  `parent_ids` varchar(2000) COLLATE utf8_bin NOT NULL COMMENT '所有父级编号',
  `name` varchar(100) COLLATE utf8_bin NOT NULL COMMENT '角色名称',
  `description` varchar(100) COLLATE utf8_bin DEFAULT NULL COMMENT '描述',
  `sort` int(11) DEFAULT NULL COMMENT '排序（升序）',
  `create_by` varchar(64) COLLATE utf8_bin DEFAULT NULL COMMENT '创建者',
  `create_date` datetime DEFAULT NULL COMMENT '创建时间',
  `update_by` varchar(64) COLLATE utf8_bin DEFAULT NULL COMMENT '更新者',
  `update_date` datetime DEFAULT NULL COMMENT '更新时间',
  `remarks` varchar(255) COLLATE utf8_bin DEFAULT NULL COMMENT '备注信息',
  `del_flag` char(1) COLLATE utf8_bin NOT NULL DEFAULT '0' COMMENT '删除标记',
  PRIMARY KEY (`id`),
  KEY `sys_mdict_parent_id` (`parent_id`),
  KEY `sys_mdict_parent_ids` (`parent_ids`(333)),
  KEY `sys_mdict_del_flag` (`del_flag`)
) ENGINE=MyISAM DEFAULT CHARSET=utf8 COLLATE=utf8_bin COMMENT='多级字典表';

-- ----------------------------
-- Records of sys_mdict
-- ----------------------------

-- ----------------------------
-- Table structure for sys_menu
-- ----------------------------
DROP TABLE IF EXISTS `sys_menu`;
CREATE TABLE `sys_menu` (
  `id` varchar(64) COLLATE utf8_bin NOT NULL COMMENT '编号',
  `parent_id` varchar(64) COLLATE utf8_bin NOT NULL COMMENT '父级编号',
  `parent_ids` varchar(2000) COLLATE utf8_bin NOT NULL COMMENT '所有父级编号',
  `name` varchar(100) COLLATE utf8_bin NOT NULL COMMENT '菜单名称',
  `href` varchar(255) COLLATE utf8_bin DEFAULT NULL COMMENT '链接',
  `target` varchar(20) COLLATE utf8_bin DEFAULT NULL COMMENT '目标',
  `icon` varchar(100) COLLATE utf8_bin DEFAULT NULL COMMENT '图标',
  `sort` int(11) NOT NULL COMMENT '排序（升序）',
  `is_show` char(1) COLLATE utf8_bin NOT NULL COMMENT '是否在菜单中显示',
  `is_activiti` char(1) COLLATE utf8_bin DEFAULT NULL COMMENT '是否同步工作流',
  `permission` varchar(200) COLLATE utf8_bin DEFAULT NULL COMMENT '权限标识',
  `create_by` varchar(64) COLLATE utf8_bin DEFAULT NULL COMMENT '创建者',
  `create_date` datetime DEFAULT NULL COMMENT '创建时间',
  `update_by` varchar(64) COLLATE utf8_bin DEFAULT NULL COMMENT '更新者',
  `update_date` datetime DEFAULT NULL COMMENT '更新时间',
  `remarks` varchar(255) COLLATE utf8_bin DEFAULT NULL COMMENT '备注信息',
  `del_flag` char(1) COLLATE utf8_bin NOT NULL DEFAULT '0' COMMENT '删除标记',
  PRIMARY KEY (`id`),
  KEY `sys_menu_parent_id` (`parent_id`),
  KEY `sys_menu_parent_ids` (`parent_ids`(333)),
  KEY `sys_menu_del_flag` (`del_flag`),
  KEY `FK74A44791E18EEA67` (`create_by`),
  KEY `FK74A4479149B6237A` (`update_by`),
  KEY `FK74A4479139476651` (`parent_id`)
) ENGINE=MyISAM DEFAULT CHARSET=utf8 COLLATE=utf8_bin COMMENT='菜单表';

-- ----------------------------
-- Records of sys_menu
-- ----------------------------
INSERT INTO `sys_menu` VALUES ('1', '0', '0,', '顶级菜单', null, null, null, '0', '1', '0', null, '1', '2013-05-27 08:00:00', '1', '2013-05-27 08:00:00', null, '0');
INSERT INTO `sys_menu` VALUES ('2', '1', '0,1,', '系统设置', null, null, null, '500', '1', '0', null, '1', '2013-05-27 08:00:00', '1', '2016-02-29 10:35:39', null, '0');
INSERT INTO `sys_menu` VALUES ('3', '2', '0,1,2,', '系统设置', null, null, null, '980', '1', '0', null, '1', '2013-05-27 08:00:00', '1', '2016-02-29 10:35:39', null, '0');
INSERT INTO `sys_menu` VALUES ('4', '3', '0,1,2,3,', '菜单管理', '/sys/menu/', null, 'list-alt', '30', '1', '0', null, '1', '2013-05-27 08:00:00', '1', '2016-02-29 10:35:39', null, '0');
INSERT INTO `sys_menu` VALUES ('5', '4', '0,1,2,3,4,', '查看', null, null, null, '30', '0', '0', 'sys:menu:view', '1', '2013-05-27 08:00:00', '1', '2016-02-29 10:35:39', null, '0');
INSERT INTO `sys_menu` VALUES ('6', '4', '0,1,2,3,4,', '修改', null, null, null, '30', '0', '0', 'sys:menu:edit', '1', '2013-05-27 08:00:00', '1', '2016-02-29 10:35:39', null, '0');
INSERT INTO `sys_menu` VALUES ('7', '3', '0,1,2,3,', '角色管理', '/sys/role/', null, 'lock', '50', '1', '0', null, '1', '2013-05-27 08:00:00', '1', '2016-02-29 10:35:39', null, '0');
INSERT INTO `sys_menu` VALUES ('8', '7', '0,1,2,3,7,', '查看', null, null, null, '30', '0', '0', 'sys:role:view', '1', '2013-05-27 08:00:00', '1', '2016-02-29 10:35:39', null, '0');
INSERT INTO `sys_menu` VALUES ('9', '7', '0,1,2,3,7,', '修改', null, null, null, '30', '0', '0', 'sys:role:edit', '1', '2013-05-27 08:00:00', '1', '2016-02-29 10:35:39', null, '0');
INSERT INTO `sys_menu` VALUES ('10', '3', '0,1,2,3,', '字典管理', '/sys/dict/', null, 'th-list', '60', '1', '0', null, '1', '2013-05-27 08:00:00', '1', '2016-02-29 10:35:39', null, '0');
INSERT INTO `sys_menu` VALUES ('11', '10', '0,1,2,3,10,', '查看', null, null, null, '30', '0', '0', 'sys:dict:view', '1', '2013-05-27 08:00:00', '1', '2016-02-29 10:35:39', null, '0');
INSERT INTO `sys_menu` VALUES ('12', '10', '0,1,2,3,10,', '修改', null, null, null, '30', '0', '0', 'sys:dict:edit', '1', '2013-05-27 08:00:00', '1', '2016-02-29 10:35:39', null, '0');
INSERT INTO `sys_menu` VALUES ('13', '2', '0,1,2,', '机构用户', null, null, null, '970', '1', '0', null, '1', '2013-05-27 08:00:00', '1', '2016-02-29 10:35:39', null, '0');
INSERT INTO `sys_menu` VALUES ('14', '13', '0,1,2,13,', '区域管理', '/sys/area/', null, 'th', '50', '1', '0', null, '1', '2013-05-27 08:00:00', '1', '2016-02-29 10:35:39', null, '0');
INSERT INTO `sys_menu` VALUES ('15', '14', '0,1,2,13,14,', '查看', null, null, null, '30', '0', '0', 'sys:area:view', '1', '2013-05-27 08:00:00', '1', '2016-02-29 10:35:39', null, '0');
INSERT INTO `sys_menu` VALUES ('16', '14', '0,1,2,13,14,', '修改', null, null, null, '30', '0', '0', 'sys:area:edit', '1', '2013-05-27 08:00:00', '1', '2016-02-29 10:35:39', null, '0');
INSERT INTO `sys_menu` VALUES ('17', '13', '0,1,2,13,', '机构管理', '/sys/office/', null, 'th-large', '40', '1', '0', null, '1', '2013-05-27 08:00:00', '1', '2016-02-29 10:35:39', null, '0');
INSERT INTO `sys_menu` VALUES ('18', '17', '0,1,2,13,17,', '查看', null, null, null, '30', '0', '0', 'sys:office:view', '1', '2013-05-27 08:00:00', '1', '2016-02-29 10:35:39', null, '0');
INSERT INTO `sys_menu` VALUES ('19', '17', '0,1,2,13,17,', '修改', null, null, null, '30', '0', '0', 'sys:office:edit', '1', '2013-05-27 08:00:00', '1', '2016-02-29 10:35:39', null, '0');
INSERT INTO `sys_menu` VALUES ('20', '13', '0,1,2,13,', '用户管理', '/sys/user/', null, 'user', '30', '1', '0', null, '1', '2013-05-27 08:00:00', '1', '2016-02-29 10:35:39', null, '0');
INSERT INTO `sys_menu` VALUES ('21', '20', '0,1,2,13,20,', '查看', null, null, null, '30', '0', '0', 'sys:user:view', '1', '2013-05-27 08:00:00', '1', '2016-02-29 10:35:39', null, '0');
INSERT INTO `sys_menu` VALUES ('22', '20', '0,1,2,13,20,', '修改', null, null, null, '30', '0', '0', 'sys:user:edit', '1', '2013-05-27 08:00:00', '1', '2016-02-29 10:35:39', null, '0');
INSERT INTO `sys_menu` VALUES ('23', '2', '0,1,2,', '关于帮助', null, null, null, '990', '1', '0', null, '1', '2013-05-27 08:00:00', '1', '2016-02-29 10:35:39', null, '1');
INSERT INTO `sys_menu` VALUES ('24', '23', '0,1,2,23,', '项目首页', 'http://jeesite.com', '_blank', 'hand-right', '30', '1', '0', '', '1', '2013-05-27 08:00:00', '1', '2016-02-29 10:35:39', null, '1');
INSERT INTO `sys_menu` VALUES ('25', '23', '0,1,2,23,', '项目支持', 'http://jeesite.com/donation.html', '_blank', null, '50', '1', '0', null, '1', '2013-05-27 08:00:00', '1', '2016-02-29 10:35:39', null, '1');
INSERT INTO `sys_menu` VALUES ('26', '23', '0,1,2,23,', '论坛交流', 'http://bbs.jeesite.com', '_blank', null, '80', '1', '0', null, '1', '2013-05-27 08:00:00', '1', '2016-02-29 10:35:39', null, '1');
INSERT INTO `sys_menu` VALUES ('27', '1', '0,1,', '我的面板', null, null, null, '100', '1', '0', null, '1', '2013-05-27 08:00:00', '1', '2016-01-29 21:48:23', null, '1');
INSERT INTO `sys_menu` VALUES ('28', '27', '0,1,27,', '个人信息', null, null, null, '990', '1', '0', null, '1', '2013-05-27 08:00:00', '1', '2016-01-29 21:48:23', null, '1');
INSERT INTO `sys_menu` VALUES ('29', '28', '0,1,27,28,', '个人信息', '/sys/user/info', null, 'user', '30', '1', '0', null, '1', '2013-05-27 08:00:00', '1', '2016-01-29 21:48:23', null, '1');
INSERT INTO `sys_menu` VALUES ('30', '28', '0,1,27,28,', '修改密码', '/sys/user/modifyPwd', null, 'lock', '40', '1', '0', null, '1', '2013-05-27 08:00:00', '1', '2016-01-29 21:48:23', null, '1');
INSERT INTO `sys_menu` VALUES ('31', '1', '0,1,', '内容管理', null, null, null, '200', '1', '0', null, '1', '2013-05-27 08:00:00', '1', '2016-02-29 10:35:37', null, '0');
INSERT INTO `sys_menu` VALUES ('32', '31', '0,1,31,', '栏目设置', null, null, null, '990', '1', '0', null, '1', '2013-05-27 08:00:00', '1', '2016-02-29 10:35:38', null, '0');
INSERT INTO `sys_menu` VALUES ('33', '32', '0,1,31,32,', '栏目管理', '/cms/category/', null, 'align-justify', '30', '1', '0', null, '1', '2013-05-27 08:00:00', '1', '2016-02-29 10:35:38', null, '0');
INSERT INTO `sys_menu` VALUES ('34', '33', '0,1,31,32,33,', '查看', null, null, null, '30', '0', '0', 'cms:category:view', '1', '2013-05-27 08:00:00', '1', '2016-02-29 10:35:38', null, '0');
INSERT INTO `sys_menu` VALUES ('35', '33', '0,1,31,32,33,', '修改', null, null, null, '30', '0', '0', 'cms:category:edit', '1', '2013-05-27 08:00:00', '1', '2016-02-29 10:35:38', null, '0');
INSERT INTO `sys_menu` VALUES ('36', '32', '0,1,31,32,', '站点设置', '/cms/site/', null, 'certificate', '40', '1', '0', null, '1', '2013-05-27 08:00:00', '1', '2016-02-29 10:35:38', null, '0');
INSERT INTO `sys_menu` VALUES ('37', '36', '0,1,31,32,36,', '查看', null, null, null, '30', '0', '0', 'cms:site:view', '1', '2013-05-27 08:00:00', '1', '2016-02-29 10:35:38', null, '0');
INSERT INTO `sys_menu` VALUES ('38', '36', '0,1,31,32,36,', '修改', null, null, null, '30', '0', '0', 'cms:site:edit', '1', '2013-05-27 08:00:00', '1', '2016-02-29 10:35:38', null, '0');
INSERT INTO `sys_menu` VALUES ('39', '32', '0,1,31,32,', '切换站点', '/cms/site/select', null, 'retweet', '50', '1', '0', 'cms:site:select', '1', '2013-05-27 08:00:00', '1', '2016-02-29 10:35:38', null, '0');
INSERT INTO `sys_menu` VALUES ('40', '31', '0,1,31,', '内容管理', null, null, null, '500', '1', '0', 'cms:view', '1', '2013-05-27 08:00:00', '1', '2016-02-29 10:35:38', null, '0');
INSERT INTO `sys_menu` VALUES ('41', '40', '0,1,31,40,', '内容发布', '/cms/', null, 'briefcase', '30', '1', '0', null, '1', '2013-05-27 08:00:00', '1', '2016-02-29 10:35:38', null, '0');
INSERT INTO `sys_menu` VALUES ('42', '41', '0,1,31,40,41,', '文章模型', '/cms/article/', null, 'file', '40', '0', '0', null, '1', '2013-05-27 08:00:00', '1', '2016-02-29 10:35:38', null, '0');
INSERT INTO `sys_menu` VALUES ('43', '42', '0,1,31,40,41,42,', '查看', null, null, null, '30', '0', '0', 'cms:article:view', '1', '2013-05-27 08:00:00', '1', '2016-02-29 10:35:38', null, '0');
INSERT INTO `sys_menu` VALUES ('44', '42', '0,1,31,40,41,42,', '修改', null, null, null, '30', '0', '0', 'cms:article:edit', '1', '2013-05-27 08:00:00', '1', '2016-02-29 10:35:38', null, '0');
INSERT INTO `sys_menu` VALUES ('45', '42', '0,1,31,40,41,42,', '审核', null, null, null, '30', '0', '0', 'cms:article:audit', '1', '2013-05-27 08:00:00', '1', '2016-02-29 10:35:38', null, '0');
INSERT INTO `sys_menu` VALUES ('46', '41', '0,1,31,40,41,', '链接模型', '/cms/link/', null, 'random', '60', '0', '0', null, '1', '2013-05-27 08:00:00', '1', '2016-02-29 10:35:38', null, '0');
INSERT INTO `sys_menu` VALUES ('47', '46', '0,1,31,40,41,46,', '查看', null, null, null, '30', '0', '0', 'cms:link:view', '1', '2013-05-27 08:00:00', '1', '2016-02-29 10:35:38', null, '0');
INSERT INTO `sys_menu` VALUES ('48', '46', '0,1,31,40,41,46,', '修改', null, null, null, '30', '0', '0', 'cms:link:edit', '1', '2013-05-27 08:00:00', '1', '2016-02-29 10:35:38', null, '0');
INSERT INTO `sys_menu` VALUES ('49', '46', '0,1,31,40,41,46,', '审核', null, null, null, '30', '0', '0', 'cms:link:audit', '1', '2013-05-27 08:00:00', '1', '2016-02-29 10:35:38', null, '0');
INSERT INTO `sys_menu` VALUES ('50', '40', '0,1,31,40,', '评论管理', '/cms/comment/?status=2', null, 'comment', '40', '1', '0', null, '1', '2013-05-27 08:00:00', '1', '2016-02-29 10:35:38', null, '0');
INSERT INTO `sys_menu` VALUES ('51', '50', '0,1,31,40,50,', '查看', null, null, null, '30', '0', '0', 'cms:comment:view', '1', '2013-05-27 08:00:00', '1', '2016-02-29 10:35:38', null, '0');
INSERT INTO `sys_menu` VALUES ('52', '50', '0,1,31,40,50,', '审核', null, null, null, '30', '0', '0', 'cms:comment:edit', '1', '2013-05-27 08:00:00', '1', '2016-02-29 10:35:38', null, '0');
INSERT INTO `sys_menu` VALUES ('53', '40', '0,1,31,40,', '公共留言', '/cms/guestbook/?status=2', null, 'glass', '80', '1', '0', null, '1', '2013-05-27 08:00:00', '1', '2016-02-29 10:35:38', null, '0');
INSERT INTO `sys_menu` VALUES ('54', '53', '0,1,31,40,53,', '查看', null, null, null, '30', '0', '0', 'cms:guestbook:view', '1', '2013-05-27 08:00:00', '1', '2016-02-29 10:35:38', null, '0');
INSERT INTO `sys_menu` VALUES ('55', '53', '0,1,31,40,53,', '审核', null, null, null, '30', '0', '0', 'cms:guestbook:edit', '1', '2013-05-27 08:00:00', '1', '2016-02-29 10:35:38', null, '0');
INSERT INTO `sys_menu` VALUES ('56', '40', '0,1,31,40,', '文件管理', '/../static/ckfinder/ckfinder.html', null, 'folder-open', '90', '1', '0', null, '1', '2013-05-27 08:00:00', '1', '2016-02-29 10:35:38', null, '1');
INSERT INTO `sys_menu` VALUES ('57', '56', '0,1,31,40,56,', '查看', null, null, null, '30', '0', '0', 'cms:ckfinder:view', '1', '2013-05-27 08:00:00', '1', '2016-02-29 10:35:38', null, '1');
INSERT INTO `sys_menu` VALUES ('58', '56', '0,1,31,40,56,', '上传', null, null, null, '30', '0', '0', 'cms:ckfinder:upload', '1', '2013-05-27 08:00:00', '1', '2016-02-29 10:35:38', null, '1');
INSERT INTO `sys_menu` VALUES ('59', '56', '0,1,31,40,56,', '修改', null, null, null, '30', '0', '0', 'cms:ckfinder:edit', '1', '2013-05-27 08:00:00', '1', '2016-02-29 10:35:38', null, '1');
INSERT INTO `sys_menu` VALUES ('60', '31', '0,1,31,', '统计分析', null, null, null, '600', '1', '0', null, '1', '2013-05-27 08:00:00', '1', '2016-02-29 10:35:38', null, '0');
INSERT INTO `sys_menu` VALUES ('61', '60', '0,1,31,60,', '信息量统计', '/cms/stats/article', null, 'tasks', '30', '1', '0', 'cms:stats:article', '1', '2013-05-27 08:00:00', '1', '2016-02-29 10:35:38', null, '0');
INSERT INTO `sys_menu` VALUES ('62', '1', '0,1,', '在线办公', null, null, null, '300', '1', '0', null, '1', '2013-05-27 08:00:00', '1', '2016-02-29 10:35:38', null, '0');
INSERT INTO `sys_menu` VALUES ('63', '62', '0,1,62,', '个人办公', null, null, null, '30', '1', '0', null, '1', '2013-05-27 08:00:00', '1', '2016-02-29 10:35:38', null, '0');
INSERT INTO `sys_menu` VALUES ('64', '63', '0,1,62,63,', '请假办理', '/oa/leave', null, 'leaf', '30', '1', '0', null, '1', '2013-05-27 08:00:00', '1', '2016-02-29 10:35:38', null, '0');
INSERT INTO `sys_menu` VALUES ('65', '64', '0,1,62,63,64,', '查看', null, null, null, '30', '0', '0', 'oa:leave:view', '1', '2013-05-27 08:00:00', '1', '2016-02-29 10:35:38', null, '0');
INSERT INTO `sys_menu` VALUES ('66', '64', '0,1,62,63,64,', '修改', null, null, null, '40', '0', '0', 'oa:leave:edit', '1', '2013-05-27 08:00:00', '1', '2016-02-29 10:35:38', null, '0');
INSERT INTO `sys_menu` VALUES ('67', '2', '0,1,2,', '日志查询', null, null, null, '985', '1', '0', null, '1', '2013-06-03 08:00:00', '1', '2016-02-29 10:35:39', null, '0');
INSERT INTO `sys_menu` VALUES ('68', '67', '0,1,2,67,', '日志查询', '/sys/log', '', 'pencil', '30', '1', '0', 'sys:log:view', '1', '2013-06-03 08:00:00', '1', '2016-02-29 10:35:39', null, '0');
INSERT INTO `sys_menu` VALUES ('69', '2', '0,1,2,', '流程管理', null, null, null, '983', '1', '0', null, '1', '2013-05-27 08:00:00', '1', '2016-02-29 10:35:39', null, '0');
INSERT INTO `sys_menu` VALUES ('70', '69', '0,1,2,69,', '流程管理', '/sys/workflow/processList', null, 'road', '300', '1', '0', 'sys:workflow:edit', '1', '2013-05-27 08:00:00', '1', '2016-02-29 10:35:39', null, '0');
INSERT INTO `sys_menu` VALUES ('71', '64', '0,1,62,63,64,', '部门领导审批', null, null, null, '50', '0', '1', 'oa:leave:deptLeaderAudit', '1', '2013-05-27 08:00:00', '1', '2016-02-29 10:35:38', null, '0');
INSERT INTO `sys_menu` VALUES ('72', '64', '0,1,62,63,64,', '人事审批', null, null, null, '60', '0', '1', 'oa:leave:hrAudit', '1', '2013-05-27 08:00:00', '1', '2016-02-29 10:35:38', null, '0');
INSERT INTO `sys_menu` VALUES ('73', '32', '0,1,31,32,', '模板管理', '/cms/template', null, 'pencil', '40', '1', '0', null, '1', '2013-12-12 08:00:00', '1', '2016-02-29 10:35:38', null, '0');
INSERT INTO `sys_menu` VALUES ('74', '73', '0,1,31,32,73,', '查看', null, null, null, '30', '0', '0', 'cms:template:view', '1', '2013-12-12 08:00:00', '1', '2016-02-29 10:35:38', null, '0');
INSERT INTO `sys_menu` VALUES ('75', '73', '0,1,31,32,73,', '修改', null, null, null, '30', '0', '0', 'cms:template:edit', '1', '2013-12-12 08:00:00', '1', '2016-02-29 10:35:38', null, '0');
INSERT INTO `sys_menu` VALUES ('76', '1', '0,1,', '项目管理', null, null, null, '1000', '1', '0', null, '1', '2013-12-12 08:00:00', '1', '2013-12-12 08:00:00', null, '1');
INSERT INTO `sys_menu` VALUES ('77', '76', '0,1,76,', '项目数据', null, null, null, '30', '1', '0', null, '1', '2013-12-12 08:00:00', '1', '2013-12-12 08:00:00', null, '1');
INSERT INTO `sys_menu` VALUES ('78', '77', '0,1,76,77,', '项目管理', '/prj/project/', null, 'globe', '30', '1', '0', null, '1', '2013-12-12 08:00:00', '1', '2013-12-12 08:00:00', null, '1');
INSERT INTO `sys_menu` VALUES ('79', '78', '0,1,76,77,78,', '查看', '', '', '', '30', '1', '0', 'prj:project:view', '1', '2013-12-12 08:00:00', '1', '2016-01-29 21:39:37', null, '1');
INSERT INTO `sys_menu` VALUES ('80', '78', '0,1,76,77,78,', '修改', null, null, null, '40', '0', '0', 'prj:project:edit', '1', '2013-12-12 08:00:00', '1', '2013-12-12 08:00:00', null, '1');
INSERT INTO `sys_menu` VALUES ('3f8d7380c8ee4ce988cca482abfb449d', '67', '0,1,2,67,', '数据库管理', '/sys/log/db', '', 'hdd', '40', '1', '0', 'sys:log:db', '1', '2016-01-29 21:58:57', '1', '2016-02-29 10:35:39', null, '0');
INSERT INTO `sys_menu` VALUES ('cbfb48ece6ae49848d110622206fdade', '2', '0,1,2,', '个人信息', '', '', '', '30', '1', '0', '', '1', '2016-01-30 12:28:39', '1', '2016-02-29 10:35:39', null, '1');
INSERT INTO `sys_menu` VALUES ('7952cd9176e3470d8dee779b2f4eb8eb', 'cbfb48ece6ae49848d110622206fdade', '0,1,2,cbfb48ece6ae49848d110622206fdade,', '个人信息', '/sys/user/info', '', 'user', '30', '1', '1', '', '1', '2016-01-30 12:30:32', '1', '2016-02-29 10:35:39', null, '1');
INSERT INTO `sys_menu` VALUES ('14f846ffed104d71874bb6636dbd5a4a', 'cbfb48ece6ae49848d110622206fdade', '0,1,2,cbfb48ece6ae49848d110622206fdade,', '修改密码', '/sys/user/modifyPwd', '', 'lock', '30', '1', '0', '', '1', '2016-01-30 12:31:38', '1', '2016-02-29 10:35:39', null, '1');
INSERT INTO `sys_menu` VALUES ('7117570f9aff44c6a4185f6708f3daa5', '1', '0,1,', 'HUI邮箱', '', '', '', '400', '1', '0', '', '1', '2016-01-30 16:53:08', '1', '2016-02-03 20:51:14', null, '1');
INSERT INTO `sys_menu` VALUES ('94ce101c6a2f416dad45318cd8dbd2b4', '7117570f9aff44c6a4185f6708f3daa5', '0,1,7117570f9aff44c6a4185f6708f3daa5,', 'HUI邮箱', '', '', '', '30', '1', '0', '', '1', '2016-01-30 19:49:15', '1', '2016-02-03 20:51:14', null, '1');
INSERT INTO `sys_menu` VALUES ('54bee96d994f47a1992dcd6ec9e62d9f', '94ce101c6a2f416dad45318cd8dbd2b4', '0,1,7117570f9aff44c6a4185f6708f3daa5,94ce101c6a2f416dad45318cd8dbd2b4,', '写信', '/sys/user/info', '', 'envelope', '30', '1', '0', '', '1', '2016-01-30 19:50:39', '1', '2016-02-03 20:51:14', null, '1');
INSERT INTO `sys_menu` VALUES ('7f8c1305794645eab24c77be7761c74b', '94ce101c6a2f416dad45318cd8dbd2b4', '0,1,7117570f9aff44c6a4185f6708f3daa5,94ce101c6a2f416dad45318cd8dbd2b4,', '收件箱', '/email/list', '', 'comment', '20', '1', '0', 'email:receive:view', '1', '2016-01-30 19:51:33', '1', '2016-02-03 20:51:14', null, '1');
INSERT INTO `sys_menu` VALUES ('25e237821e0347d4a336dfb4a9ee170d', '94ce101c6a2f416dad45318cd8dbd2b4', '0,1,7117570f9aff44c6a4185f6708f3daa5,94ce101c6a2f416dad45318cd8dbd2b4,', '垃圾箱', '', '', 'trash', '40', '1', '0', '', '1', '2016-01-30 19:52:30', '1', '2016-02-03 20:51:14', null, '1');
INSERT INTO `sys_menu` VALUES ('5e5458d707b84d80a474cb5eac895b45', '94ce101c6a2f416dad45318cd8dbd2b4', '0,1,7117570f9aff44c6a4185f6708f3daa5,94ce101c6a2f416dad45318cd8dbd2b4,', '草稿箱', '', '', 'file', '50', '1', '0', '', '1', '2016-01-30 19:58:19', '1', '2016-02-03 20:51:14', null, '1');
INSERT INTO `sys_menu` VALUES ('6ad63bf081224d18a7e4abf6949897c5', '1', '0,1,', '个人面板', '', '', '', '100', '1', '0', '', '1', '2016-02-02 21:56:02', '1', '2016-02-29 10:35:37', null, '0');
INSERT INTO `sys_menu` VALUES ('4df1eebb34b44312a7127fee37bdc2c4', '6ad63bf081224d18a7e4abf6949897c5', '0,1,6ad63bf081224d18a7e4abf6949897c5,', '个人中心', '', '', '', '101', '1', '0', '', '1', '2016-02-02 22:01:02', '1', '2016-02-29 10:35:37', null, '0');
INSERT INTO `sys_menu` VALUES ('0602879d67094658a8725f9f91461d87', '4df1eebb34b44312a7127fee37bdc2c4', '0,1,6ad63bf081224d18a7e4abf6949897c5,4df1eebb34b44312a7127fee37bdc2c4,', '个人信息', '/sys/user/info', '', 'user', '20', '1', '1', '', '1', '2016-02-02 22:03:50', '1', '2016-02-29 10:35:37', null, '0');
INSERT INTO `sys_menu` VALUES ('47daac9e4b8443b6ad3957eb4a865420', '4df1eebb34b44312a7127fee37bdc2c4', '0,1,6ad63bf081224d18a7e4abf6949897c5,4df1eebb34b44312a7127fee37bdc2c4,', '修改密码', '/sys/user/modifyPwd', '', 'lock', '40', '1', '0', '', '1', '2016-02-02 22:04:44', '1', '2016-02-29 10:35:37', null, '0');
INSERT INTO `sys_menu` VALUES ('192825d9b5f747dab657d1e541d2469e', '4df1eebb34b44312a7127fee37bdc2c4', '0,1,6ad63bf081224d18a7e4abf6949897c5,4df1eebb34b44312a7127fee37bdc2c4,', '我的网盘', '/../static/ckfinder/ckfinder.html', '', 'folder-open', '30', '1', '0', '', '1', '2016-02-02 22:06:28', '1', '2016-02-29 10:35:37', null, '0');
INSERT INTO `sys_menu` VALUES ('c593a5e895ce4ea19ec704bfee6ee51c', '192825d9b5f747dab657d1e541d2469e', '0,1,6ad63bf081224d18a7e4abf6949897c5,4df1eebb34b44312a7127fee37bdc2c4,192825d9b5f747dab657d1e541d2469e,', '查看', '', '', '', '30', '1', '0', 'cms:ckfinder:view', '1', '2016-02-02 22:07:25', '1', '2016-02-29 10:35:37', null, '0');
INSERT INTO `sys_menu` VALUES ('9fe8893759e340399664266d126f873e', '192825d9b5f747dab657d1e541d2469e', '0,1,6ad63bf081224d18a7e4abf6949897c5,4df1eebb34b44312a7127fee37bdc2c4,192825d9b5f747dab657d1e541d2469e,', '上传', '', '', '', '30', '1', '0', 'cms:ckfinder:upload', '1', '2016-02-02 22:08:13', '1', '2016-02-29 10:35:37', null, '0');
INSERT INTO `sys_menu` VALUES ('1f9829f96c1240fb86b4340118bd4c56', '192825d9b5f747dab657d1e541d2469e', '0,1,6ad63bf081224d18a7e4abf6949897c5,4df1eebb34b44312a7127fee37bdc2c4,192825d9b5f747dab657d1e541d2469e,', '编辑', '', '', '', '30', '1', '0', 'cms:ckfinder:edit', '1', '2016-02-02 22:09:42', '1', '2016-02-29 10:35:37', null, '0');
INSERT INTO `sys_menu` VALUES ('3681db901a1a4b5da8a5cd1799a888e1', '1', '0,1,', '在线考试', '', '', '', '400', '1', '0', '', '1', '2016-02-10 16:47:21', '1', '2016-02-29 10:35:38', null, '0');
INSERT INTO `sys_menu` VALUES ('c852cbe0f73e4a748181400742062691', '3681db901a1a4b5da8a5cd1799a888e1', '0,1,3681db901a1a4b5da8a5cd1799a888e1,', '试题管理', '', '', 'list-alt', '30', '1', '0', '', '1', '2016-02-10 16:48:47', '1', '2016-02-29 10:35:38', null, '1');
INSERT INTO `sys_menu` VALUES ('e0045ab4cecd4d5f9911ac45ede75247', 'c852cbe0f73e4a748181400742062691', '0,1,3681db901a1a4b5da8a5cd1799a888e1,c852cbe0f73e4a748181400742062691,', '试卷管理', '', '', 'briefcase', '30', '1', '0', '', '1', '2016-02-10 16:49:28', '1', '2016-02-29 10:35:38', null, '1');
INSERT INTO `sys_menu` VALUES ('3a563e6d0f52465ba6eb2a6dd51d2b08', '3681db901a1a4b5da8a5cd1799a888e1', '0,1,3681db901a1a4b5da8a5cd1799a888e1,', '试卷管理', '', '', 'briefcase', '40', '1', '0', '', '1', '2016-02-10 16:51:29', '1', '2016-02-29 10:35:38', null, '1');
INSERT INTO `sys_menu` VALUES ('fe00727d110c419f85f82b10142af2d4', '3681db901a1a4b5da8a5cd1799a888e1', '0,1,3681db901a1a4b5da8a5cd1799a888e1,', '成绩统计', '', '', 'align-left', '50', '1', '0', '', '1', '2016-02-10 16:52:37', '1', '2016-02-29 10:35:38', null, '1');
INSERT INTO `sys_menu` VALUES ('5a547b2321c24e2c821306a8cb1ec870', '3681db901a1a4b5da8a5cd1799a888e1', '0,1,3681db901a1a4b5da8a5cd1799a888e1,', '教师端', '', '', '', '30', '1', '0', '', '1', '2016-02-10 16:57:52', '1', '2016-02-29 10:35:39', null, '0');
INSERT INTO `sys_menu` VALUES ('56cdf9d25d3a45c99589322de2428df3', '3681db901a1a4b5da8a5cd1799a888e1', '0,1,3681db901a1a4b5da8a5cd1799a888e1,', '学生端', '', '', '', '40', '1', '0', '', '1', '2016-02-10 16:59:30', '1', '2016-02-29 10:35:39', null, '0');
INSERT INTO `sys_menu` VALUES ('bc30c4f7cf85474a8474d744a9eb3f6a', '5a547b2321c24e2c821306a8cb1ec870', '0,1,3681db901a1a4b5da8a5cd1799a888e1,5a547b2321c24e2c821306a8cb1ec870,', '试题管理', '/exam/', '', 'th-list', '30', '1', '0', '', '1', '2016-02-10 17:00:28', '1', '2016-02-29 10:35:39', null, '0');
INSERT INTO `sys_menu` VALUES ('84d013c7d767466babc93d53a1c267b0', '5a547b2321c24e2c821306a8cb1ec870', '0,1,3681db901a1a4b5da8a5cd1799a888e1,5a547b2321c24e2c821306a8cb1ec870,', '试卷管理', '/exam/paper', '', 'briefcase', '40', '1', '0', '', '1', '2016-02-10 17:00:56', '1', '2016-02-29 10:35:39', null, '0');
INSERT INTO `sys_menu` VALUES ('7c1e9e161d27439c87435f79aec0ef5a', '5a547b2321c24e2c821306a8cb1ec870', '0,1,3681db901a1a4b5da8a5cd1799a888e1,5a547b2321c24e2c821306a8cb1ec870,', '成绩统计', '/exam/score/teacher/scores', '', 'align-left', '50', '1', '0', 'exam:teacher:view', '1', '2016-02-10 17:01:29', '1', '2016-02-29 10:35:39', null, '0');
INSERT INTO `sys_menu` VALUES ('6adeb0a84cc849ec8d1e563a3d184647', '56cdf9d25d3a45c99589322de2428df3', '0,1,3681db901a1a4b5da8a5cd1799a888e1,56cdf9d25d3a45c99589322de2428df3,', '在线考试', '/exam/paper/stu/list', '', 'glass', '30', '1', '0', 'exam:student:view', '1', '2016-02-10 17:02:37', '1', '2016-02-29 10:35:39', null, '0');
INSERT INTO `sys_menu` VALUES ('34a59b1acd6142d2851004a5a4b8ca0a', '56cdf9d25d3a45c99589322de2428df3', '0,1,3681db901a1a4b5da8a5cd1799a888e1,56cdf9d25d3a45c99589322de2428df3,', '成绩查询', '/exam/score/stu/scores', '', 'book', '40', '1', '0', 'exam:student:view', '1', '2016-02-10 17:03:12', '1', '2016-02-29 10:35:39', null, '0');
INSERT INTO `sys_menu` VALUES ('f80952bf6b1841dea441b32765503a81', 'bc30c4f7cf85474a8474d744a9eb3f6a', '0,1,3681db901a1a4b5da8a5cd1799a888e1,5a547b2321c24e2c821306a8cb1ec870,bc30c4f7cf85474a8474d744a9eb3f6a,', '删除', '', '', '', '30', '0', '0', 'exam:teacher:edit', '1', '2016-02-12 15:38:47', '1', '2016-02-29 10:35:39', null, '1');
INSERT INTO `sys_menu` VALUES ('ba8ce176bd3e466bb09410515fcb34b4', 'bc30c4f7cf85474a8474d744a9eb3f6a', '0,1,3681db901a1a4b5da8a5cd1799a888e1,5a547b2321c24e2c821306a8cb1ec870,bc30c4f7cf85474a8474d744a9eb3f6a,', '查看', '', '', '', '30', '0', '0', 'exam:teacher:view', '1', '2016-02-12 15:41:06', '1', '2016-02-29 10:35:39', null, '0');
INSERT INTO `sys_menu` VALUES ('a4f66a5a315740df9ff7ecaa0d869fa7', 'bc30c4f7cf85474a8474d744a9eb3f6a', '0,1,3681db901a1a4b5da8a5cd1799a888e1,5a547b2321c24e2c821306a8cb1ec870,bc30c4f7cf85474a8474d744a9eb3f6a,', '修改', '', '', '', '30', '0', '0', 'exam:teacher:edit', '1', '2016-02-12 15:41:32', '1', '2016-02-29 10:35:39', null, '0');
INSERT INTO `sys_menu` VALUES ('cbfbf7b6749f4fa3b1b77c9358844253', '84d013c7d767466babc93d53a1c267b0', '0,1,3681db901a1a4b5da8a5cd1799a888e1,5a547b2321c24e2c821306a8cb1ec870,84d013c7d767466babc93d53a1c267b0,', '查看', '', '', '', '30', '0', '0', 'exam:teacher:view', '1', '2016-02-13 19:49:05', '1', '2016-02-29 10:35:39', null, '0');
INSERT INTO `sys_menu` VALUES ('c62af6b8d2114e828f2825d422c25b9d', '84d013c7d767466babc93d53a1c267b0', '0,1,3681db901a1a4b5da8a5cd1799a888e1,5a547b2321c24e2c821306a8cb1ec870,84d013c7d767466babc93d53a1c267b0,', '修改', '', '', '', '30', '0', '0', 'exam:teacher:edit', '1', '2016-02-13 19:49:31', '1', '2016-02-29 10:35:39', null, '0');
INSERT INTO `sys_menu` VALUES ('83b372a9e24e40aea087cb2dbd38be47', '6adeb0a84cc849ec8d1e563a3d184647', '0,1,3681db901a1a4b5da8a5cd1799a888e1,56cdf9d25d3a45c99589322de2428df3,6adeb0a84cc849ec8d1e563a3d184647,', '在线考试', '', '', '', '30', '0', '0', 'exam:student:edit', '1', '2016-02-15 20:38:59', '1', '2016-02-29 10:35:39', null, '0');
INSERT INTO `sys_menu` VALUES ('7c3bf8d84e34445b93d38f86e94ab0bd', '6adeb0a84cc849ec8d1e563a3d184647', '0,1,3681db901a1a4b5da8a5cd1799a888e1,56cdf9d25d3a45c99589322de2428df3,6adeb0a84cc849ec8d1e563a3d184647,', '试卷导出', '', '', '', '40', '0', '0', 'exam:student:export', '1', '2016-02-15 20:39:57', '1', '2016-02-29 10:35:39', null, '0');

-- ----------------------------
-- Table structure for sys_office
-- ----------------------------
DROP TABLE IF EXISTS `sys_office`;
CREATE TABLE `sys_office` (
  `id` varchar(64) COLLATE utf8_bin NOT NULL COMMENT '编号',
  `parent_id` varchar(64) COLLATE utf8_bin NOT NULL COMMENT '父级编号',
  `parent_ids` varchar(2000) COLLATE utf8_bin NOT NULL COMMENT '所有父级编号',
  `area_id` varchar(64) COLLATE utf8_bin NOT NULL COMMENT '归属区域',
  `code` varchar(100) COLLATE utf8_bin DEFAULT NULL COMMENT '区域编码',
  `name` varchar(100) COLLATE utf8_bin NOT NULL COMMENT '机构名称',
  `type` char(1) COLLATE utf8_bin NOT NULL COMMENT '机构类型',
  `grade` char(1) COLLATE utf8_bin NOT NULL COMMENT '机构等级',
  `address` varchar(255) COLLATE utf8_bin DEFAULT NULL COMMENT '联系地址',
  `zip_code` varchar(100) COLLATE utf8_bin DEFAULT NULL COMMENT '邮政编码',
  `master` varchar(100) COLLATE utf8_bin DEFAULT NULL COMMENT '负责人',
  `phone` varchar(200) COLLATE utf8_bin DEFAULT NULL COMMENT '电话',
  `fax` varchar(200) COLLATE utf8_bin DEFAULT NULL COMMENT '传真',
  `email` varchar(200) COLLATE utf8_bin DEFAULT NULL COMMENT '邮箱',
  `create_by` varchar(64) COLLATE utf8_bin DEFAULT NULL COMMENT '创建者',
  `create_date` datetime DEFAULT NULL COMMENT '创建时间',
  `update_by` varchar(64) COLLATE utf8_bin DEFAULT NULL COMMENT '更新者',
  `update_date` datetime DEFAULT NULL COMMENT '更新时间',
  `remarks` varchar(255) COLLATE utf8_bin DEFAULT NULL COMMENT '备注信息',
  `del_flag` char(1) COLLATE utf8_bin NOT NULL DEFAULT '0' COMMENT '删除标记',
  PRIMARY KEY (`id`),
  KEY `sys_office_parent_id` (`parent_id`),
  KEY `sys_office_parent_ids` (`parent_ids`(333)),
  KEY `sys_office_del_flag` (`del_flag`),
  KEY `FKE024AC6EE18EEA67` (`create_by`),
  KEY `FKE024AC6E49B6237A` (`update_by`),
  KEY `FKE024AC6E915D2ABC` (`area_id`),
  KEY `FKE024AC6E47640F2E` (`parent_id`)
) ENGINE=MyISAM DEFAULT CHARSET=utf8 COLLATE=utf8_bin COMMENT='机构表';

-- ----------------------------
-- Records of sys_office
-- ----------------------------
INSERT INTO `sys_office` VALUES ('1', '0', '0,', '2', '100000', '北京市总公司', '1', '1', null, null, null, null, null, null, '1', '2013-05-27 08:00:00', '1', '2013-05-27 08:00:00', null, '0');
INSERT INTO `sys_office` VALUES ('2', '1', '0,1,', '2', '100001', '公司领导', '2', '1', null, null, null, null, null, null, '1', '2013-05-27 08:00:00', '1', '2013-05-27 08:00:00', null, '0');
INSERT INTO `sys_office` VALUES ('3', '1', '0,1,', '2', '100002', '人力部', '2', '1', null, null, null, null, null, null, '1', '2013-05-27 08:00:00', '1', '2013-05-27 08:00:00', null, '0');
INSERT INTO `sys_office` VALUES ('4', '1', '0,1,', '2', '100003', '市场部', '2', '1', null, null, null, null, null, null, '1', '2013-05-27 08:00:00', '1', '2013-05-27 08:00:00', null, '0');
INSERT INTO `sys_office` VALUES ('5', '1', '0,1,', '2', '100004', '技术部', '2', '1', null, null, null, null, null, null, '1', '2013-05-27 08:00:00', '1', '2013-05-27 08:00:00', null, '0');
INSERT INTO `sys_office` VALUES ('6', '1', '0,1,', '2', '100005', '研发部', '2', '1', null, null, null, null, null, null, '1', '2013-05-27 08:00:00', '1', '2013-05-27 08:00:00', null, '0');
INSERT INTO `sys_office` VALUES ('7', '1', '0,1,', '8', '200000', '山东省分公司', '1', '2', null, null, null, null, null, null, '1', '2013-05-27 08:00:00', '1', '2013-05-27 08:00:00', null, '0');
INSERT INTO `sys_office` VALUES ('8', '7', '0,1,7,', '8', '200001', '公司领导', '2', '2', null, null, null, null, null, null, '1', '2013-05-27 08:00:00', '1', '2013-05-27 08:00:00', null, '0');
INSERT INTO `sys_office` VALUES ('9', '7', '0,1,7,', '8', '200002', '综合部', '2', '2', null, null, null, null, null, null, '1', '2013-05-27 08:00:00', '1', '2013-05-27 08:00:00', null, '0');
INSERT INTO `sys_office` VALUES ('10', '7', '0,1,7,', '8', '200003', '市场部', '2', '2', null, null, null, null, null, null, '1', '2013-05-27 08:00:00', '1', '2013-05-27 08:00:00', null, '0');
INSERT INTO `sys_office` VALUES ('11', '7', '0,1,7,', '8', '200004', '技术部', '2', '2', null, null, null, null, null, null, '1', '2013-05-27 08:00:00', '1', '2013-05-27 08:00:00', null, '0');
INSERT INTO `sys_office` VALUES ('12', '7', '0,1,7,', '9', '201000', '济南市分公司', '1', '3', null, null, null, null, null, null, '1', '2013-05-27 08:00:00', '1', '2013-05-27 08:00:00', null, '0');
INSERT INTO `sys_office` VALUES ('13', '12', '0,1,7,12,', '9', '201001', '公司领导', '2', '3', null, null, null, null, null, null, '1', '2013-05-27 08:00:00', '1', '2013-05-27 08:00:00', null, '0');
INSERT INTO `sys_office` VALUES ('14', '12', '0,1,7,12,', '9', '201002', '综合部', '2', '3', null, null, null, null, null, null, '1', '2013-05-27 08:00:00', '1', '2013-05-27 08:00:00', null, '0');
INSERT INTO `sys_office` VALUES ('15', '12', '0,1,7,12,', '9', '201003', '市场部', '2', '3', null, null, null, null, null, null, '1', '2013-05-27 08:00:00', '1', '2013-05-27 08:00:00', null, '0');
INSERT INTO `sys_office` VALUES ('16', '12', '0,1,7,12,', '9', '201004', '技术部', '2', '3', null, null, null, null, null, null, '1', '2013-05-27 08:00:00', '1', '2013-05-27 08:00:00', null, '0');
INSERT INTO `sys_office` VALUES ('17', '12', '0,1,7,12,', '11', '201010', '济南市历城区分公司', '1', '4', null, null, null, null, null, null, '1', '2013-05-27 08:00:00', '1', '2013-05-27 08:00:00', null, '0');
INSERT INTO `sys_office` VALUES ('18', '17', '0,1,7,12,17,', '11', '201011', '公司领导', '2', '4', null, null, null, null, null, null, '1', '2013-05-27 08:00:00', '1', '2013-05-27 08:00:00', null, '0');
INSERT INTO `sys_office` VALUES ('19', '17', '0,1,7,12,17,', '11', '201012', '综合部', '2', '4', null, null, null, null, null, null, '1', '2013-05-27 08:00:00', '1', '2013-05-27 08:00:00', null, '0');
INSERT INTO `sys_office` VALUES ('20', '17', '0,1,7,12,17,', '11', '201013', '市场部', '2', '4', null, null, null, null, null, null, '1', '2013-05-27 08:00:00', '1', '2013-05-27 08:00:00', null, '0');
INSERT INTO `sys_office` VALUES ('21', '17', '0,1,7,12,17,', '11', '201014', '技术部', '2', '4', null, null, null, null, null, null, '1', '2013-05-27 08:00:00', '1', '2013-05-27 08:00:00', null, '0');
INSERT INTO `sys_office` VALUES ('22', '12', '0,1,7,12,', '12', '201020', '济南市历下区分公司', '1', '4', null, null, null, null, null, null, '1', '2013-05-27 08:00:00', '1', '2013-05-27 08:00:00', null, '0');
INSERT INTO `sys_office` VALUES ('23', '22', '0,1,7,12,22,', '12', '201021', '公司领导', '2', '4', null, null, null, null, null, null, '1', '2013-05-27 08:00:00', '1', '2013-05-27 08:00:00', null, '0');
INSERT INTO `sys_office` VALUES ('24', '22', '0,1,7,12,22,', '12', '201022', '综合部', '2', '4', null, null, null, null, null, null, '1', '2013-05-27 08:00:00', '1', '2013-05-27 08:00:00', null, '0');
INSERT INTO `sys_office` VALUES ('25', '22', '0,1,7,12,22,', '12', '201023', '市场部', '2', '4', null, null, null, null, null, null, '1', '2013-05-27 08:00:00', '1', '2013-05-27 08:00:00', null, '0');
INSERT INTO `sys_office` VALUES ('26', '22', '0,1,7,12,22,', '12', '201024', '技术部', '2', '4', null, null, null, null, null, null, '1', '2013-05-27 08:00:00', '1', '2013-05-27 08:00:00', null, '0');
INSERT INTO `sys_office` VALUES ('ea6b66efc5fb4d68a368a10a5ec2dfbd', '1', '0,1,', '64908011dda641719b1a1d0bea8a1b84', '130010', '东北电力大学', '1', '1', '东北电力大学', '', '', '', '', '', '1', '2016-02-03 14:23:44', '1', '2016-02-03 14:23:44', '', '0');
INSERT INTO `sys_office` VALUES ('97b197249b1e40ef8d4e89aac53e07a0', 'ea6b66efc5fb4d68a368a10a5ec2dfbd', '0,1,ea6b66efc5fb4d68a368a10a5ec2dfbd,', '64908011dda641719b1a1d0bea8a1b84', '', '信息工程学院', '2', '2', '', '', '', '', '', '', '1', '2016-02-03 14:24:41', '1', '2016-02-03 14:24:41', '信息工程学院', '0');

-- ----------------------------
-- Table structure for sys_role
-- ----------------------------
DROP TABLE IF EXISTS `sys_role`;
CREATE TABLE `sys_role` (
  `id` varchar(64) COLLATE utf8_bin NOT NULL COMMENT '编号',
  `office_id` varchar(64) COLLATE utf8_bin DEFAULT NULL COMMENT '归属机构',
  `name` varchar(100) COLLATE utf8_bin NOT NULL COMMENT '角色名称',
  `data_scope` char(1) COLLATE utf8_bin DEFAULT NULL COMMENT '数据范围',
  `create_by` varchar(64) COLLATE utf8_bin DEFAULT NULL COMMENT '创建者',
  `create_date` datetime DEFAULT NULL COMMENT '创建时间',
  `update_by` varchar(64) COLLATE utf8_bin DEFAULT NULL COMMENT '更新者',
  `update_date` datetime DEFAULT NULL COMMENT '更新时间',
  `remarks` varchar(255) COLLATE utf8_bin DEFAULT NULL COMMENT '备注信息',
  `del_flag` char(1) COLLATE utf8_bin NOT NULL DEFAULT '0' COMMENT '删除标记',
  PRIMARY KEY (`id`),
  KEY `sys_role_del_flag` (`del_flag`),
  KEY `FK74A6B2A8E18EEA67` (`create_by`),
  KEY `FK74A6B2A849B6237A` (`update_by`),
  KEY `FK74A6B2A845EC47DC` (`office_id`)
) ENGINE=MyISAM DEFAULT CHARSET=utf8 COLLATE=utf8_bin COMMENT='角色表';

-- ----------------------------
-- Records of sys_role
-- ----------------------------
INSERT INTO `sys_role` VALUES ('1', '1', '系统管理员', '1', '1', '2013-05-27 08:00:00', '1', '2013-05-27 08:00:00', null, '0');
INSERT INTO `sys_role` VALUES ('2', '1', '公司管理员', '2', '1', '2013-05-27 08:00:00', '1', '2013-05-27 08:00:00', null, '0');
INSERT INTO `sys_role` VALUES ('3', '1', '本公司管理员', '3', '1', '2013-05-27 08:00:00', '1', '2013-05-27 08:00:00', null, '0');
INSERT INTO `sys_role` VALUES ('4', '1', '部门管理员', '4', '1', '2013-05-27 08:00:00', '1', '2013-05-27 08:00:00', null, '0');
INSERT INTO `sys_role` VALUES ('5', '1', '本部门管理员', '5', '1', '2013-05-27 08:00:00', '1', '2013-05-27 08:00:00', null, '0');
INSERT INTO `sys_role` VALUES ('6', '97b197249b1e40ef8d4e89aac53e07a0', '普通用户', '4', '1', '2013-05-27 08:00:00', '1', '2016-02-13 23:08:20', null, '0');
INSERT INTO `sys_role` VALUES ('7', '7', '山东省管理员', '9', '1', '2013-05-27 08:00:00', '1', '2013-05-27 08:00:00', null, '0');
INSERT INTO `sys_role` VALUES ('5d2c181b40ce44fba54aca903ec00371', 'ea6b66efc5fb4d68a368a10a5ec2dfbd', '网络管理员', '2', '1', '2016-02-03 20:25:14', '1', '2016-02-26 16:09:37', null, '0');

-- ----------------------------
-- Table structure for sys_role_menu
-- ----------------------------
DROP TABLE IF EXISTS `sys_role_menu`;
CREATE TABLE `sys_role_menu` (
  `role_id` varchar(64) COLLATE utf8_bin NOT NULL COMMENT '角色编号',
  `menu_id` varchar(64) COLLATE utf8_bin NOT NULL COMMENT '菜单编号',
  PRIMARY KEY (`role_id`,`menu_id`),
  KEY `FK65D48496F686217C` (`menu_id`),
  KEY `FK65D48496FF4B61C` (`role_id`)
) ENGINE=MyISAM DEFAULT CHARSET=utf8 COLLATE=utf8_bin COMMENT='角色-菜单';

-- ----------------------------
-- Records of sys_role_menu
-- ----------------------------
INSERT INTO `sys_role_menu` VALUES ('1', '1');
INSERT INTO `sys_role_menu` VALUES ('1', '10');
INSERT INTO `sys_role_menu` VALUES ('1', '11');
INSERT INTO `sys_role_menu` VALUES ('1', '12');
INSERT INTO `sys_role_menu` VALUES ('1', '13');
INSERT INTO `sys_role_menu` VALUES ('1', '14');
INSERT INTO `sys_role_menu` VALUES ('1', '15');
INSERT INTO `sys_role_menu` VALUES ('1', '16');
INSERT INTO `sys_role_menu` VALUES ('1', '17');
INSERT INTO `sys_role_menu` VALUES ('1', '18');
INSERT INTO `sys_role_menu` VALUES ('1', '19');
INSERT INTO `sys_role_menu` VALUES ('1', '2');
INSERT INTO `sys_role_menu` VALUES ('1', '20');
INSERT INTO `sys_role_menu` VALUES ('1', '21');
INSERT INTO `sys_role_menu` VALUES ('1', '22');
INSERT INTO `sys_role_menu` VALUES ('1', '23');
INSERT INTO `sys_role_menu` VALUES ('1', '24');
INSERT INTO `sys_role_menu` VALUES ('1', '25');
INSERT INTO `sys_role_menu` VALUES ('1', '26');
INSERT INTO `sys_role_menu` VALUES ('1', '27');
INSERT INTO `sys_role_menu` VALUES ('1', '28');
INSERT INTO `sys_role_menu` VALUES ('1', '29');
INSERT INTO `sys_role_menu` VALUES ('1', '3');
INSERT INTO `sys_role_menu` VALUES ('1', '30');
INSERT INTO `sys_role_menu` VALUES ('1', '31');
INSERT INTO `sys_role_menu` VALUES ('1', '32');
INSERT INTO `sys_role_menu` VALUES ('1', '33');
INSERT INTO `sys_role_menu` VALUES ('1', '34');
INSERT INTO `sys_role_menu` VALUES ('1', '35');
INSERT INTO `sys_role_menu` VALUES ('1', '36');
INSERT INTO `sys_role_menu` VALUES ('1', '37');
INSERT INTO `sys_role_menu` VALUES ('1', '38');
INSERT INTO `sys_role_menu` VALUES ('1', '39');
INSERT INTO `sys_role_menu` VALUES ('1', '4');
INSERT INTO `sys_role_menu` VALUES ('1', '40');
INSERT INTO `sys_role_menu` VALUES ('1', '41');
INSERT INTO `sys_role_menu` VALUES ('1', '42');
INSERT INTO `sys_role_menu` VALUES ('1', '43');
INSERT INTO `sys_role_menu` VALUES ('1', '44');
INSERT INTO `sys_role_menu` VALUES ('1', '45');
INSERT INTO `sys_role_menu` VALUES ('1', '46');
INSERT INTO `sys_role_menu` VALUES ('1', '47');
INSERT INTO `sys_role_menu` VALUES ('1', '48');
INSERT INTO `sys_role_menu` VALUES ('1', '49');
INSERT INTO `sys_role_menu` VALUES ('1', '5');
INSERT INTO `sys_role_menu` VALUES ('1', '50');
INSERT INTO `sys_role_menu` VALUES ('1', '51');
INSERT INTO `sys_role_menu` VALUES ('1', '52');
INSERT INTO `sys_role_menu` VALUES ('1', '53');
INSERT INTO `sys_role_menu` VALUES ('1', '54');
INSERT INTO `sys_role_menu` VALUES ('1', '55');
INSERT INTO `sys_role_menu` VALUES ('1', '56');
INSERT INTO `sys_role_menu` VALUES ('1', '57');
INSERT INTO `sys_role_menu` VALUES ('1', '58');
INSERT INTO `sys_role_menu` VALUES ('1', '59');
INSERT INTO `sys_role_menu` VALUES ('1', '6');
INSERT INTO `sys_role_menu` VALUES ('1', '60');
INSERT INTO `sys_role_menu` VALUES ('1', '61');
INSERT INTO `sys_role_menu` VALUES ('1', '62');
INSERT INTO `sys_role_menu` VALUES ('1', '63');
INSERT INTO `sys_role_menu` VALUES ('1', '64');
INSERT INTO `sys_role_menu` VALUES ('1', '65');
INSERT INTO `sys_role_menu` VALUES ('1', '66');
INSERT INTO `sys_role_menu` VALUES ('1', '67');
INSERT INTO `sys_role_menu` VALUES ('1', '68');
INSERT INTO `sys_role_menu` VALUES ('1', '69');
INSERT INTO `sys_role_menu` VALUES ('1', '7');
INSERT INTO `sys_role_menu` VALUES ('1', '70');
INSERT INTO `sys_role_menu` VALUES ('1', '71');
INSERT INTO `sys_role_menu` VALUES ('1', '72');
INSERT INTO `sys_role_menu` VALUES ('1', '8');
INSERT INTO `sys_role_menu` VALUES ('1', '9');
INSERT INTO `sys_role_menu` VALUES ('2', '1');
INSERT INTO `sys_role_menu` VALUES ('2', '10');
INSERT INTO `sys_role_menu` VALUES ('2', '11');
INSERT INTO `sys_role_menu` VALUES ('2', '12');
INSERT INTO `sys_role_menu` VALUES ('2', '13');
INSERT INTO `sys_role_menu` VALUES ('2', '14');
INSERT INTO `sys_role_menu` VALUES ('2', '15');
INSERT INTO `sys_role_menu` VALUES ('2', '16');
INSERT INTO `sys_role_menu` VALUES ('2', '17');
INSERT INTO `sys_role_menu` VALUES ('2', '18');
INSERT INTO `sys_role_menu` VALUES ('2', '19');
INSERT INTO `sys_role_menu` VALUES ('2', '2');
INSERT INTO `sys_role_menu` VALUES ('2', '20');
INSERT INTO `sys_role_menu` VALUES ('2', '21');
INSERT INTO `sys_role_menu` VALUES ('2', '22');
INSERT INTO `sys_role_menu` VALUES ('2', '23');
INSERT INTO `sys_role_menu` VALUES ('2', '24');
INSERT INTO `sys_role_menu` VALUES ('2', '25');
INSERT INTO `sys_role_menu` VALUES ('2', '26');
INSERT INTO `sys_role_menu` VALUES ('2', '27');
INSERT INTO `sys_role_menu` VALUES ('2', '28');
INSERT INTO `sys_role_menu` VALUES ('2', '29');
INSERT INTO `sys_role_menu` VALUES ('2', '3');
INSERT INTO `sys_role_menu` VALUES ('2', '30');
INSERT INTO `sys_role_menu` VALUES ('2', '31');
INSERT INTO `sys_role_menu` VALUES ('2', '32');
INSERT INTO `sys_role_menu` VALUES ('2', '33');
INSERT INTO `sys_role_menu` VALUES ('2', '34');
INSERT INTO `sys_role_menu` VALUES ('2', '35');
INSERT INTO `sys_role_menu` VALUES ('2', '36');
INSERT INTO `sys_role_menu` VALUES ('2', '37');
INSERT INTO `sys_role_menu` VALUES ('2', '38');
INSERT INTO `sys_role_menu` VALUES ('2', '39');
INSERT INTO `sys_role_menu` VALUES ('2', '4');
INSERT INTO `sys_role_menu` VALUES ('2', '40');
INSERT INTO `sys_role_menu` VALUES ('2', '41');
INSERT INTO `sys_role_menu` VALUES ('2', '42');
INSERT INTO `sys_role_menu` VALUES ('2', '43');
INSERT INTO `sys_role_menu` VALUES ('2', '44');
INSERT INTO `sys_role_menu` VALUES ('2', '45');
INSERT INTO `sys_role_menu` VALUES ('2', '46');
INSERT INTO `sys_role_menu` VALUES ('2', '47');
INSERT INTO `sys_role_menu` VALUES ('2', '48');
INSERT INTO `sys_role_menu` VALUES ('2', '49');
INSERT INTO `sys_role_menu` VALUES ('2', '5');
INSERT INTO `sys_role_menu` VALUES ('2', '50');
INSERT INTO `sys_role_menu` VALUES ('2', '51');
INSERT INTO `sys_role_menu` VALUES ('2', '52');
INSERT INTO `sys_role_menu` VALUES ('2', '53');
INSERT INTO `sys_role_menu` VALUES ('2', '54');
INSERT INTO `sys_role_menu` VALUES ('2', '55');
INSERT INTO `sys_role_menu` VALUES ('2', '56');
INSERT INTO `sys_role_menu` VALUES ('2', '57');
INSERT INTO `sys_role_menu` VALUES ('2', '58');
INSERT INTO `sys_role_menu` VALUES ('2', '59');
INSERT INTO `sys_role_menu` VALUES ('2', '6');
INSERT INTO `sys_role_menu` VALUES ('2', '60');
INSERT INTO `sys_role_menu` VALUES ('2', '61');
INSERT INTO `sys_role_menu` VALUES ('2', '62');
INSERT INTO `sys_role_menu` VALUES ('2', '63');
INSERT INTO `sys_role_menu` VALUES ('2', '64');
INSERT INTO `sys_role_menu` VALUES ('2', '65');
INSERT INTO `sys_role_menu` VALUES ('2', '66');
INSERT INTO `sys_role_menu` VALUES ('2', '67');
INSERT INTO `sys_role_menu` VALUES ('2', '68');
INSERT INTO `sys_role_menu` VALUES ('2', '69');
INSERT INTO `sys_role_menu` VALUES ('2', '7');
INSERT INTO `sys_role_menu` VALUES ('2', '70');
INSERT INTO `sys_role_menu` VALUES ('2', '8');
INSERT INTO `sys_role_menu` VALUES ('2', '9');
INSERT INTO `sys_role_menu` VALUES ('3', '1');
INSERT INTO `sys_role_menu` VALUES ('3', '10');
INSERT INTO `sys_role_menu` VALUES ('3', '11');
INSERT INTO `sys_role_menu` VALUES ('3', '12');
INSERT INTO `sys_role_menu` VALUES ('3', '13');
INSERT INTO `sys_role_menu` VALUES ('3', '14');
INSERT INTO `sys_role_menu` VALUES ('3', '15');
INSERT INTO `sys_role_menu` VALUES ('3', '16');
INSERT INTO `sys_role_menu` VALUES ('3', '17');
INSERT INTO `sys_role_menu` VALUES ('3', '18');
INSERT INTO `sys_role_menu` VALUES ('3', '19');
INSERT INTO `sys_role_menu` VALUES ('3', '2');
INSERT INTO `sys_role_menu` VALUES ('3', '20');
INSERT INTO `sys_role_menu` VALUES ('3', '21');
INSERT INTO `sys_role_menu` VALUES ('3', '22');
INSERT INTO `sys_role_menu` VALUES ('3', '23');
INSERT INTO `sys_role_menu` VALUES ('3', '24');
INSERT INTO `sys_role_menu` VALUES ('3', '25');
INSERT INTO `sys_role_menu` VALUES ('3', '26');
INSERT INTO `sys_role_menu` VALUES ('3', '27');
INSERT INTO `sys_role_menu` VALUES ('3', '28');
INSERT INTO `sys_role_menu` VALUES ('3', '29');
INSERT INTO `sys_role_menu` VALUES ('3', '3');
INSERT INTO `sys_role_menu` VALUES ('3', '30');
INSERT INTO `sys_role_menu` VALUES ('3', '31');
INSERT INTO `sys_role_menu` VALUES ('3', '32');
INSERT INTO `sys_role_menu` VALUES ('3', '33');
INSERT INTO `sys_role_menu` VALUES ('3', '34');
INSERT INTO `sys_role_menu` VALUES ('3', '35');
INSERT INTO `sys_role_menu` VALUES ('3', '36');
INSERT INTO `sys_role_menu` VALUES ('3', '37');
INSERT INTO `sys_role_menu` VALUES ('3', '38');
INSERT INTO `sys_role_menu` VALUES ('3', '39');
INSERT INTO `sys_role_menu` VALUES ('3', '4');
INSERT INTO `sys_role_menu` VALUES ('3', '40');
INSERT INTO `sys_role_menu` VALUES ('3', '41');
INSERT INTO `sys_role_menu` VALUES ('3', '42');
INSERT INTO `sys_role_menu` VALUES ('3', '43');
INSERT INTO `sys_role_menu` VALUES ('3', '44');
INSERT INTO `sys_role_menu` VALUES ('3', '45');
INSERT INTO `sys_role_menu` VALUES ('3', '46');
INSERT INTO `sys_role_menu` VALUES ('3', '47');
INSERT INTO `sys_role_menu` VALUES ('3', '48');
INSERT INTO `sys_role_menu` VALUES ('3', '49');
INSERT INTO `sys_role_menu` VALUES ('3', '5');
INSERT INTO `sys_role_menu` VALUES ('3', '50');
INSERT INTO `sys_role_menu` VALUES ('3', '51');
INSERT INTO `sys_role_menu` VALUES ('3', '52');
INSERT INTO `sys_role_menu` VALUES ('3', '53');
INSERT INTO `sys_role_menu` VALUES ('3', '54');
INSERT INTO `sys_role_menu` VALUES ('3', '55');
INSERT INTO `sys_role_menu` VALUES ('3', '56');
INSERT INTO `sys_role_menu` VALUES ('3', '57');
INSERT INTO `sys_role_menu` VALUES ('3', '58');
INSERT INTO `sys_role_menu` VALUES ('3', '59');
INSERT INTO `sys_role_menu` VALUES ('3', '6');
INSERT INTO `sys_role_menu` VALUES ('3', '60');
INSERT INTO `sys_role_menu` VALUES ('3', '61');
INSERT INTO `sys_role_menu` VALUES ('3', '62');
INSERT INTO `sys_role_menu` VALUES ('3', '63');
INSERT INTO `sys_role_menu` VALUES ('3', '64');
INSERT INTO `sys_role_menu` VALUES ('3', '65');
INSERT INTO `sys_role_menu` VALUES ('3', '66');
INSERT INTO `sys_role_menu` VALUES ('3', '67');
INSERT INTO `sys_role_menu` VALUES ('3', '68');
INSERT INTO `sys_role_menu` VALUES ('3', '69');
INSERT INTO `sys_role_menu` VALUES ('3', '7');
INSERT INTO `sys_role_menu` VALUES ('3', '70');
INSERT INTO `sys_role_menu` VALUES ('3', '8');
INSERT INTO `sys_role_menu` VALUES ('3', '9');
INSERT INTO `sys_role_menu` VALUES ('4', '1');
INSERT INTO `sys_role_menu` VALUES ('4', '10');
INSERT INTO `sys_role_menu` VALUES ('4', '11');
INSERT INTO `sys_role_menu` VALUES ('4', '12');
INSERT INTO `sys_role_menu` VALUES ('4', '13');
INSERT INTO `sys_role_menu` VALUES ('4', '14');
INSERT INTO `sys_role_menu` VALUES ('4', '15');
INSERT INTO `sys_role_menu` VALUES ('4', '16');
INSERT INTO `sys_role_menu` VALUES ('4', '17');
INSERT INTO `sys_role_menu` VALUES ('4', '18');
INSERT INTO `sys_role_menu` VALUES ('4', '19');
INSERT INTO `sys_role_menu` VALUES ('4', '2');
INSERT INTO `sys_role_menu` VALUES ('4', '20');
INSERT INTO `sys_role_menu` VALUES ('4', '21');
INSERT INTO `sys_role_menu` VALUES ('4', '22');
INSERT INTO `sys_role_menu` VALUES ('4', '23');
INSERT INTO `sys_role_menu` VALUES ('4', '24');
INSERT INTO `sys_role_menu` VALUES ('4', '25');
INSERT INTO `sys_role_menu` VALUES ('4', '26');
INSERT INTO `sys_role_menu` VALUES ('4', '27');
INSERT INTO `sys_role_menu` VALUES ('4', '28');
INSERT INTO `sys_role_menu` VALUES ('4', '29');
INSERT INTO `sys_role_menu` VALUES ('4', '3');
INSERT INTO `sys_role_menu` VALUES ('4', '30');
INSERT INTO `sys_role_menu` VALUES ('4', '31');
INSERT INTO `sys_role_menu` VALUES ('4', '32');
INSERT INTO `sys_role_menu` VALUES ('4', '33');
INSERT INTO `sys_role_menu` VALUES ('4', '34');
INSERT INTO `sys_role_menu` VALUES ('4', '35');
INSERT INTO `sys_role_menu` VALUES ('4', '36');
INSERT INTO `sys_role_menu` VALUES ('4', '37');
INSERT INTO `sys_role_menu` VALUES ('4', '38');
INSERT INTO `sys_role_menu` VALUES ('4', '39');
INSERT INTO `sys_role_menu` VALUES ('4', '4');
INSERT INTO `sys_role_menu` VALUES ('4', '40');
INSERT INTO `sys_role_menu` VALUES ('4', '41');
INSERT INTO `sys_role_menu` VALUES ('4', '42');
INSERT INTO `sys_role_menu` VALUES ('4', '43');
INSERT INTO `sys_role_menu` VALUES ('4', '44');
INSERT INTO `sys_role_menu` VALUES ('4', '45');
INSERT INTO `sys_role_menu` VALUES ('4', '46');
INSERT INTO `sys_role_menu` VALUES ('4', '47');
INSERT INTO `sys_role_menu` VALUES ('4', '48');
INSERT INTO `sys_role_menu` VALUES ('4', '49');
INSERT INTO `sys_role_menu` VALUES ('4', '5');
INSERT INTO `sys_role_menu` VALUES ('4', '50');
INSERT INTO `sys_role_menu` VALUES ('4', '51');
INSERT INTO `sys_role_menu` VALUES ('4', '52');
INSERT INTO `sys_role_menu` VALUES ('4', '53');
INSERT INTO `sys_role_menu` VALUES ('4', '54');
INSERT INTO `sys_role_menu` VALUES ('4', '55');
INSERT INTO `sys_role_menu` VALUES ('4', '56');
INSERT INTO `sys_role_menu` VALUES ('4', '57');
INSERT INTO `sys_role_menu` VALUES ('4', '58');
INSERT INTO `sys_role_menu` VALUES ('4', '59');
INSERT INTO `sys_role_menu` VALUES ('4', '6');
INSERT INTO `sys_role_menu` VALUES ('4', '60');
INSERT INTO `sys_role_menu` VALUES ('4', '61');
INSERT INTO `sys_role_menu` VALUES ('4', '62');
INSERT INTO `sys_role_menu` VALUES ('4', '63');
INSERT INTO `sys_role_menu` VALUES ('4', '64');
INSERT INTO `sys_role_menu` VALUES ('4', '65');
INSERT INTO `sys_role_menu` VALUES ('4', '66');
INSERT INTO `sys_role_menu` VALUES ('4', '67');
INSERT INTO `sys_role_menu` VALUES ('4', '68');
INSERT INTO `sys_role_menu` VALUES ('4', '69');
INSERT INTO `sys_role_menu` VALUES ('4', '7');
INSERT INTO `sys_role_menu` VALUES ('4', '70');
INSERT INTO `sys_role_menu` VALUES ('4', '8');
INSERT INTO `sys_role_menu` VALUES ('4', '9');
INSERT INTO `sys_role_menu` VALUES ('5', '1');
INSERT INTO `sys_role_menu` VALUES ('5', '10');
INSERT INTO `sys_role_menu` VALUES ('5', '11');
INSERT INTO `sys_role_menu` VALUES ('5', '12');
INSERT INTO `sys_role_menu` VALUES ('5', '13');
INSERT INTO `sys_role_menu` VALUES ('5', '14');
INSERT INTO `sys_role_menu` VALUES ('5', '15');
INSERT INTO `sys_role_menu` VALUES ('5', '16');
INSERT INTO `sys_role_menu` VALUES ('5', '17');
INSERT INTO `sys_role_menu` VALUES ('5', '18');
INSERT INTO `sys_role_menu` VALUES ('5', '19');
INSERT INTO `sys_role_menu` VALUES ('5', '2');
INSERT INTO `sys_role_menu` VALUES ('5', '20');
INSERT INTO `sys_role_menu` VALUES ('5', '21');
INSERT INTO `sys_role_menu` VALUES ('5', '22');
INSERT INTO `sys_role_menu` VALUES ('5', '23');
INSERT INTO `sys_role_menu` VALUES ('5', '24');
INSERT INTO `sys_role_menu` VALUES ('5', '25');
INSERT INTO `sys_role_menu` VALUES ('5', '26');
INSERT INTO `sys_role_menu` VALUES ('5', '27');
INSERT INTO `sys_role_menu` VALUES ('5', '28');
INSERT INTO `sys_role_menu` VALUES ('5', '29');
INSERT INTO `sys_role_menu` VALUES ('5', '3');
INSERT INTO `sys_role_menu` VALUES ('5', '30');
INSERT INTO `sys_role_menu` VALUES ('5', '31');
INSERT INTO `sys_role_menu` VALUES ('5', '32');
INSERT INTO `sys_role_menu` VALUES ('5', '33');
INSERT INTO `sys_role_menu` VALUES ('5', '34');
INSERT INTO `sys_role_menu` VALUES ('5', '35');
INSERT INTO `sys_role_menu` VALUES ('5', '36');
INSERT INTO `sys_role_menu` VALUES ('5', '37');
INSERT INTO `sys_role_menu` VALUES ('5', '38');
INSERT INTO `sys_role_menu` VALUES ('5', '39');
INSERT INTO `sys_role_menu` VALUES ('5', '4');
INSERT INTO `sys_role_menu` VALUES ('5', '40');
INSERT INTO `sys_role_menu` VALUES ('5', '41');
INSERT INTO `sys_role_menu` VALUES ('5', '42');
INSERT INTO `sys_role_menu` VALUES ('5', '43');
INSERT INTO `sys_role_menu` VALUES ('5', '44');
INSERT INTO `sys_role_menu` VALUES ('5', '45');
INSERT INTO `sys_role_menu` VALUES ('5', '46');
INSERT INTO `sys_role_menu` VALUES ('5', '47');
INSERT INTO `sys_role_menu` VALUES ('5', '48');
INSERT INTO `sys_role_menu` VALUES ('5', '49');
INSERT INTO `sys_role_menu` VALUES ('5', '5');
INSERT INTO `sys_role_menu` VALUES ('5', '50');
INSERT INTO `sys_role_menu` VALUES ('5', '51');
INSERT INTO `sys_role_menu` VALUES ('5', '52');
INSERT INTO `sys_role_menu` VALUES ('5', '53');
INSERT INTO `sys_role_menu` VALUES ('5', '54');
INSERT INTO `sys_role_menu` VALUES ('5', '55');
INSERT INTO `sys_role_menu` VALUES ('5', '56');
INSERT INTO `sys_role_menu` VALUES ('5', '57');
INSERT INTO `sys_role_menu` VALUES ('5', '58');
INSERT INTO `sys_role_menu` VALUES ('5', '59');
INSERT INTO `sys_role_menu` VALUES ('5', '6');
INSERT INTO `sys_role_menu` VALUES ('5', '60');
INSERT INTO `sys_role_menu` VALUES ('5', '61');
INSERT INTO `sys_role_menu` VALUES ('5', '62');
INSERT INTO `sys_role_menu` VALUES ('5', '63');
INSERT INTO `sys_role_menu` VALUES ('5', '64');
INSERT INTO `sys_role_menu` VALUES ('5', '65');
INSERT INTO `sys_role_menu` VALUES ('5', '66');
INSERT INTO `sys_role_menu` VALUES ('5', '67');
INSERT INTO `sys_role_menu` VALUES ('5', '68');
INSERT INTO `sys_role_menu` VALUES ('5', '69');
INSERT INTO `sys_role_menu` VALUES ('5', '7');
INSERT INTO `sys_role_menu` VALUES ('5', '70');
INSERT INTO `sys_role_menu` VALUES ('5', '8');
INSERT INTO `sys_role_menu` VALUES ('5', '9');
INSERT INTO `sys_role_menu` VALUES ('5d2c181b40ce44fba54aca903ec00371', '0602879d67094658a8725f9f91461d87');
INSERT INTO `sys_role_menu` VALUES ('5d2c181b40ce44fba54aca903ec00371', '1');
INSERT INTO `sys_role_menu` VALUES ('5d2c181b40ce44fba54aca903ec00371', '192825d9b5f747dab657d1e541d2469e');
INSERT INTO `sys_role_menu` VALUES ('5d2c181b40ce44fba54aca903ec00371', '1f9829f96c1240fb86b4340118bd4c56');
INSERT INTO `sys_role_menu` VALUES ('5d2c181b40ce44fba54aca903ec00371', '2');
INSERT INTO `sys_role_menu` VALUES ('5d2c181b40ce44fba54aca903ec00371', '31');
INSERT INTO `sys_role_menu` VALUES ('5d2c181b40ce44fba54aca903ec00371', '32');
INSERT INTO `sys_role_menu` VALUES ('5d2c181b40ce44fba54aca903ec00371', '33');
INSERT INTO `sys_role_menu` VALUES ('5d2c181b40ce44fba54aca903ec00371', '34');
INSERT INTO `sys_role_menu` VALUES ('5d2c181b40ce44fba54aca903ec00371', '34a59b1acd6142d2851004a5a4b8ca0a');
INSERT INTO `sys_role_menu` VALUES ('5d2c181b40ce44fba54aca903ec00371', '35');
INSERT INTO `sys_role_menu` VALUES ('5d2c181b40ce44fba54aca903ec00371', '36');
INSERT INTO `sys_role_menu` VALUES ('5d2c181b40ce44fba54aca903ec00371', '3681db901a1a4b5da8a5cd1799a888e1');
INSERT INTO `sys_role_menu` VALUES ('5d2c181b40ce44fba54aca903ec00371', '37');
INSERT INTO `sys_role_menu` VALUES ('5d2c181b40ce44fba54aca903ec00371', '38');
INSERT INTO `sys_role_menu` VALUES ('5d2c181b40ce44fba54aca903ec00371', '39');
INSERT INTO `sys_role_menu` VALUES ('5d2c181b40ce44fba54aca903ec00371', '3f8d7380c8ee4ce988cca482abfb449d');
INSERT INTO `sys_role_menu` VALUES ('5d2c181b40ce44fba54aca903ec00371', '40');
INSERT INTO `sys_role_menu` VALUES ('5d2c181b40ce44fba54aca903ec00371', '41');
INSERT INTO `sys_role_menu` VALUES ('5d2c181b40ce44fba54aca903ec00371', '42');
INSERT INTO `sys_role_menu` VALUES ('5d2c181b40ce44fba54aca903ec00371', '43');
INSERT INTO `sys_role_menu` VALUES ('5d2c181b40ce44fba54aca903ec00371', '44');
INSERT INTO `sys_role_menu` VALUES ('5d2c181b40ce44fba54aca903ec00371', '45');
INSERT INTO `sys_role_menu` VALUES ('5d2c181b40ce44fba54aca903ec00371', '46');
INSERT INTO `sys_role_menu` VALUES ('5d2c181b40ce44fba54aca903ec00371', '47');
INSERT INTO `sys_role_menu` VALUES ('5d2c181b40ce44fba54aca903ec00371', '47daac9e4b8443b6ad3957eb4a865420');
INSERT INTO `sys_role_menu` VALUES ('5d2c181b40ce44fba54aca903ec00371', '48');
INSERT INTO `sys_role_menu` VALUES ('5d2c181b40ce44fba54aca903ec00371', '49');
INSERT INTO `sys_role_menu` VALUES ('5d2c181b40ce44fba54aca903ec00371', '4df1eebb34b44312a7127fee37bdc2c4');
INSERT INTO `sys_role_menu` VALUES ('5d2c181b40ce44fba54aca903ec00371', '50');
INSERT INTO `sys_role_menu` VALUES ('5d2c181b40ce44fba54aca903ec00371', '51');
INSERT INTO `sys_role_menu` VALUES ('5d2c181b40ce44fba54aca903ec00371', '52');
INSERT INTO `sys_role_menu` VALUES ('5d2c181b40ce44fba54aca903ec00371', '53');
INSERT INTO `sys_role_menu` VALUES ('5d2c181b40ce44fba54aca903ec00371', '54');
INSERT INTO `sys_role_menu` VALUES ('5d2c181b40ce44fba54aca903ec00371', '55');
INSERT INTO `sys_role_menu` VALUES ('5d2c181b40ce44fba54aca903ec00371', '56cdf9d25d3a45c99589322de2428df3');
INSERT INTO `sys_role_menu` VALUES ('5d2c181b40ce44fba54aca903ec00371', '5a547b2321c24e2c821306a8cb1ec870');
INSERT INTO `sys_role_menu` VALUES ('5d2c181b40ce44fba54aca903ec00371', '60');
INSERT INTO `sys_role_menu` VALUES ('5d2c181b40ce44fba54aca903ec00371', '61');
INSERT INTO `sys_role_menu` VALUES ('5d2c181b40ce44fba54aca903ec00371', '67');
INSERT INTO `sys_role_menu` VALUES ('5d2c181b40ce44fba54aca903ec00371', '68');
INSERT INTO `sys_role_menu` VALUES ('5d2c181b40ce44fba54aca903ec00371', '6ad63bf081224d18a7e4abf6949897c5');
INSERT INTO `sys_role_menu` VALUES ('5d2c181b40ce44fba54aca903ec00371', '6adeb0a84cc849ec8d1e563a3d184647');
INSERT INTO `sys_role_menu` VALUES ('5d2c181b40ce44fba54aca903ec00371', '73');
INSERT INTO `sys_role_menu` VALUES ('5d2c181b40ce44fba54aca903ec00371', '74');
INSERT INTO `sys_role_menu` VALUES ('5d2c181b40ce44fba54aca903ec00371', '75');
INSERT INTO `sys_role_menu` VALUES ('5d2c181b40ce44fba54aca903ec00371', '7c1e9e161d27439c87435f79aec0ef5a');
INSERT INTO `sys_role_menu` VALUES ('5d2c181b40ce44fba54aca903ec00371', '7c3bf8d84e34445b93d38f86e94ab0bd');
INSERT INTO `sys_role_menu` VALUES ('5d2c181b40ce44fba54aca903ec00371', '83b372a9e24e40aea087cb2dbd38be47');
INSERT INTO `sys_role_menu` VALUES ('5d2c181b40ce44fba54aca903ec00371', '84d013c7d767466babc93d53a1c267b0');
INSERT INTO `sys_role_menu` VALUES ('5d2c181b40ce44fba54aca903ec00371', '9fe8893759e340399664266d126f873e');
INSERT INTO `sys_role_menu` VALUES ('5d2c181b40ce44fba54aca903ec00371', 'a4f66a5a315740df9ff7ecaa0d869fa7');
INSERT INTO `sys_role_menu` VALUES ('5d2c181b40ce44fba54aca903ec00371', 'ba8ce176bd3e466bb09410515fcb34b4');
INSERT INTO `sys_role_menu` VALUES ('5d2c181b40ce44fba54aca903ec00371', 'bc30c4f7cf85474a8474d744a9eb3f6a');
INSERT INTO `sys_role_menu` VALUES ('5d2c181b40ce44fba54aca903ec00371', 'c593a5e895ce4ea19ec704bfee6ee51c');
INSERT INTO `sys_role_menu` VALUES ('5d2c181b40ce44fba54aca903ec00371', 'c62af6b8d2114e828f2825d422c25b9d');
INSERT INTO `sys_role_menu` VALUES ('5d2c181b40ce44fba54aca903ec00371', 'cbfbf7b6749f4fa3b1b77c9358844253');
INSERT INTO `sys_role_menu` VALUES ('6', '0602879d67094658a8725f9f91461d87');
INSERT INTO `sys_role_menu` VALUES ('6', '1');
INSERT INTO `sys_role_menu` VALUES ('6', '192825d9b5f747dab657d1e541d2469e');
INSERT INTO `sys_role_menu` VALUES ('6', '1f9829f96c1240fb86b4340118bd4c56');
INSERT INTO `sys_role_menu` VALUES ('6', '34a59b1acd6142d2851004a5a4b8ca0a');
INSERT INTO `sys_role_menu` VALUES ('6', '3681db901a1a4b5da8a5cd1799a888e1');
INSERT INTO `sys_role_menu` VALUES ('6', '47daac9e4b8443b6ad3957eb4a865420');
INSERT INTO `sys_role_menu` VALUES ('6', '4df1eebb34b44312a7127fee37bdc2c4');
INSERT INTO `sys_role_menu` VALUES ('6', '56cdf9d25d3a45c99589322de2428df3');
INSERT INTO `sys_role_menu` VALUES ('6', '5a547b2321c24e2c821306a8cb1ec870');
INSERT INTO `sys_role_menu` VALUES ('6', '6ad63bf081224d18a7e4abf6949897c5');
INSERT INTO `sys_role_menu` VALUES ('6', '6adeb0a84cc849ec8d1e563a3d184647');
INSERT INTO `sys_role_menu` VALUES ('6', '7c1e9e161d27439c87435f79aec0ef5a');
INSERT INTO `sys_role_menu` VALUES ('6', '84d013c7d767466babc93d53a1c267b0');
INSERT INTO `sys_role_menu` VALUES ('6', '9fe8893759e340399664266d126f873e');
INSERT INTO `sys_role_menu` VALUES ('6', 'a4f66a5a315740df9ff7ecaa0d869fa7');
INSERT INTO `sys_role_menu` VALUES ('6', 'ba8ce176bd3e466bb09410515fcb34b4');
INSERT INTO `sys_role_menu` VALUES ('6', 'bc30c4f7cf85474a8474d744a9eb3f6a');
INSERT INTO `sys_role_menu` VALUES ('6', 'c593a5e895ce4ea19ec704bfee6ee51c');
INSERT INTO `sys_role_menu` VALUES ('6', 'c62af6b8d2114e828f2825d422c25b9d');
INSERT INTO `sys_role_menu` VALUES ('6', 'cbfbf7b6749f4fa3b1b77c9358844253');
INSERT INTO `sys_role_menu` VALUES ('7', '1');
INSERT INTO `sys_role_menu` VALUES ('7', '10');
INSERT INTO `sys_role_menu` VALUES ('7', '11');
INSERT INTO `sys_role_menu` VALUES ('7', '12');
INSERT INTO `sys_role_menu` VALUES ('7', '13');
INSERT INTO `sys_role_menu` VALUES ('7', '14');
INSERT INTO `sys_role_menu` VALUES ('7', '15');
INSERT INTO `sys_role_menu` VALUES ('7', '16');
INSERT INTO `sys_role_menu` VALUES ('7', '17');
INSERT INTO `sys_role_menu` VALUES ('7', '18');
INSERT INTO `sys_role_menu` VALUES ('7', '19');
INSERT INTO `sys_role_menu` VALUES ('7', '2');
INSERT INTO `sys_role_menu` VALUES ('7', '20');
INSERT INTO `sys_role_menu` VALUES ('7', '21');
INSERT INTO `sys_role_menu` VALUES ('7', '22');
INSERT INTO `sys_role_menu` VALUES ('7', '23');
INSERT INTO `sys_role_menu` VALUES ('7', '24');
INSERT INTO `sys_role_menu` VALUES ('7', '25');
INSERT INTO `sys_role_menu` VALUES ('7', '26');
INSERT INTO `sys_role_menu` VALUES ('7', '27');
INSERT INTO `sys_role_menu` VALUES ('7', '28');
INSERT INTO `sys_role_menu` VALUES ('7', '29');
INSERT INTO `sys_role_menu` VALUES ('7', '3');
INSERT INTO `sys_role_menu` VALUES ('7', '30');
INSERT INTO `sys_role_menu` VALUES ('7', '31');
INSERT INTO `sys_role_menu` VALUES ('7', '32');
INSERT INTO `sys_role_menu` VALUES ('7', '33');
INSERT INTO `sys_role_menu` VALUES ('7', '34');
INSERT INTO `sys_role_menu` VALUES ('7', '35');
INSERT INTO `sys_role_menu` VALUES ('7', '36');
INSERT INTO `sys_role_menu` VALUES ('7', '37');
INSERT INTO `sys_role_menu` VALUES ('7', '38');
INSERT INTO `sys_role_menu` VALUES ('7', '39');
INSERT INTO `sys_role_menu` VALUES ('7', '4');
INSERT INTO `sys_role_menu` VALUES ('7', '40');
INSERT INTO `sys_role_menu` VALUES ('7', '41');
INSERT INTO `sys_role_menu` VALUES ('7', '42');
INSERT INTO `sys_role_menu` VALUES ('7', '43');
INSERT INTO `sys_role_menu` VALUES ('7', '44');
INSERT INTO `sys_role_menu` VALUES ('7', '45');
INSERT INTO `sys_role_menu` VALUES ('7', '46');
INSERT INTO `sys_role_menu` VALUES ('7', '47');
INSERT INTO `sys_role_menu` VALUES ('7', '48');
INSERT INTO `sys_role_menu` VALUES ('7', '49');
INSERT INTO `sys_role_menu` VALUES ('7', '5');
INSERT INTO `sys_role_menu` VALUES ('7', '50');
INSERT INTO `sys_role_menu` VALUES ('7', '51');
INSERT INTO `sys_role_menu` VALUES ('7', '52');
INSERT INTO `sys_role_menu` VALUES ('7', '53');
INSERT INTO `sys_role_menu` VALUES ('7', '54');
INSERT INTO `sys_role_menu` VALUES ('7', '55');
INSERT INTO `sys_role_menu` VALUES ('7', '56');
INSERT INTO `sys_role_menu` VALUES ('7', '57');
INSERT INTO `sys_role_menu` VALUES ('7', '58');
INSERT INTO `sys_role_menu` VALUES ('7', '59');
INSERT INTO `sys_role_menu` VALUES ('7', '6');
INSERT INTO `sys_role_menu` VALUES ('7', '60');
INSERT INTO `sys_role_menu` VALUES ('7', '61');
INSERT INTO `sys_role_menu` VALUES ('7', '62');
INSERT INTO `sys_role_menu` VALUES ('7', '63');
INSERT INTO `sys_role_menu` VALUES ('7', '64');
INSERT INTO `sys_role_menu` VALUES ('7', '65');
INSERT INTO `sys_role_menu` VALUES ('7', '66');
INSERT INTO `sys_role_menu` VALUES ('7', '67');
INSERT INTO `sys_role_menu` VALUES ('7', '68');
INSERT INTO `sys_role_menu` VALUES ('7', '69');
INSERT INTO `sys_role_menu` VALUES ('7', '7');
INSERT INTO `sys_role_menu` VALUES ('7', '70');
INSERT INTO `sys_role_menu` VALUES ('7', '8');
INSERT INTO `sys_role_menu` VALUES ('7', '9');

-- ----------------------------
-- Table structure for sys_role_office
-- ----------------------------
DROP TABLE IF EXISTS `sys_role_office`;
CREATE TABLE `sys_role_office` (
  `role_id` varchar(64) COLLATE utf8_bin NOT NULL COMMENT '角色编号',
  `office_id` varchar(64) COLLATE utf8_bin NOT NULL COMMENT '机构编号',
  PRIMARY KEY (`role_id`,`office_id`),
  KEY `FK4639BC3345EC47DC` (`office_id`),
  KEY `FK4639BC33FF4B61C` (`role_id`)
) ENGINE=MyISAM DEFAULT CHARSET=utf8 COLLATE=utf8_bin COMMENT='角色-机构';

-- ----------------------------
-- Records of sys_role_office
-- ----------------------------
INSERT INTO `sys_role_office` VALUES ('7', '10');
INSERT INTO `sys_role_office` VALUES ('7', '11');
INSERT INTO `sys_role_office` VALUES ('7', '12');
INSERT INTO `sys_role_office` VALUES ('7', '13');
INSERT INTO `sys_role_office` VALUES ('7', '14');
INSERT INTO `sys_role_office` VALUES ('7', '15');
INSERT INTO `sys_role_office` VALUES ('7', '16');
INSERT INTO `sys_role_office` VALUES ('7', '17');
INSERT INTO `sys_role_office` VALUES ('7', '18');
INSERT INTO `sys_role_office` VALUES ('7', '19');
INSERT INTO `sys_role_office` VALUES ('7', '20');
INSERT INTO `sys_role_office` VALUES ('7', '21');
INSERT INTO `sys_role_office` VALUES ('7', '22');
INSERT INTO `sys_role_office` VALUES ('7', '23');
INSERT INTO `sys_role_office` VALUES ('7', '24');
INSERT INTO `sys_role_office` VALUES ('7', '25');
INSERT INTO `sys_role_office` VALUES ('7', '26');
INSERT INTO `sys_role_office` VALUES ('7', '7');
INSERT INTO `sys_role_office` VALUES ('7', '8');
INSERT INTO `sys_role_office` VALUES ('7', '9');

-- ----------------------------
-- Table structure for sys_user
-- ----------------------------
DROP TABLE IF EXISTS `sys_user`;
CREATE TABLE `sys_user` (
  `id` varchar(64) COLLATE utf8_bin NOT NULL COMMENT '编号',
  `company_id` varchar(64) COLLATE utf8_bin NOT NULL COMMENT '归属公司',
  `office_id` varchar(64) COLLATE utf8_bin NOT NULL COMMENT '归属部门',
  `login_name` varchar(100) COLLATE utf8_bin NOT NULL COMMENT '登录名',
  `password` varchar(100) COLLATE utf8_bin NOT NULL COMMENT '密码',
  `no` varchar(100) COLLATE utf8_bin DEFAULT NULL COMMENT '工号',
  `name` varchar(100) COLLATE utf8_bin NOT NULL COMMENT '姓名',
  `email` varchar(200) COLLATE utf8_bin DEFAULT NULL COMMENT '邮箱',
  `phone` varchar(200) COLLATE utf8_bin DEFAULT NULL COMMENT '电话',
  `mobile` varchar(200) COLLATE utf8_bin DEFAULT NULL COMMENT '手机',
  `user_type` char(1) COLLATE utf8_bin DEFAULT NULL COMMENT '用户类型',
  `login_ip` varchar(100) COLLATE utf8_bin DEFAULT NULL COMMENT '最后登陆IP',
  `login_date` datetime DEFAULT NULL COMMENT '最后登陆时间',
  `create_by` varchar(64) COLLATE utf8_bin DEFAULT NULL COMMENT '创建者',
  `create_date` datetime DEFAULT NULL COMMENT '创建时间',
  `update_by` varchar(64) COLLATE utf8_bin DEFAULT NULL COMMENT '更新者',
  `update_date` datetime DEFAULT NULL COMMENT '更新时间',
  `remarks` varchar(255) COLLATE utf8_bin DEFAULT NULL COMMENT '备注信息',
  `del_flag` char(1) COLLATE utf8_bin NOT NULL DEFAULT '0' COMMENT '删除标记',
  PRIMARY KEY (`id`),
  KEY `sys_user_office_id` (`office_id`),
  KEY `sys_user_login_name` (`login_name`),
  KEY `sys_user_company_id` (`company_id`),
  KEY `sys_user_update_date` (`update_date`),
  KEY `sys_user_del_flag` (`del_flag`),
  KEY `FK74A81DFDE18EEA67` (`create_by`),
  KEY `FK74A81DFD49B6237A` (`update_by`),
  KEY `FK74A81DFD9976E67B` (`company_id`),
  KEY `FK74A81DFD45EC47DC` (`office_id`)
) ENGINE=MyISAM DEFAULT CHARSET=utf8 COLLATE=utf8_bin COMMENT='用户表';

-- ----------------------------
-- Records of sys_user
-- ----------------------------
INSERT INTO `sys_user` VALUES ('1', '1', '1', 'thinkgem', '02a3f0772fcca9f415adc990734b45c6f059c7d33ee28362c4852032', '0001', 'Thinkgem', 'thinkgem@163.com', '8675', '8675', null, '127.0.0.1', '2016-02-29 11:09:23', '1', '2013-05-27 08:00:00', '1', '2016-01-29 21:38:57', '最高管理员', '0');
INSERT INTO `sys_user` VALUES ('2', '1', '1', 'admin', '02a3f0772fcca9f415adc990734b45c6f059c7d33ee28362c4852032', '0002', '管理员', 'thinkgem@163.com', '8675', '8675', '1', '0:0:0:0:0:0:0:1', '2016-01-30 15:41:27', '1', '2013-05-27 08:00:00', '1', '2016-02-03 20:26:40', '管理员', '0');
INSERT INTO `sys_user` VALUES ('3', '1', '3', 'bj_zhb', '02a3f0772fcca9f415adc990734b45c6f059c7d33ee28362c4852032', '0003', '综合部', 'thinkgem@163.com', '8675', '8675', null, null, null, '1', '2013-05-27 08:00:00', '1', '2013-05-27 08:00:00', '综合部', '0');
INSERT INTO `sys_user` VALUES ('4', '1', '4', 'bj_scb', '02a3f0772fcca9f415adc990734b45c6f059c7d33ee28362c4852032', '0004', '市场部', 'thinkgem@163.com', '8675', '8675', null, null, null, '1', '2013-05-27 08:00:00', '1', '2013-05-27 08:00:00', '市场部', '0');
INSERT INTO `sys_user` VALUES ('5', '1', '5', 'bj_jsb', '02a3f0772fcca9f415adc990734b45c6f059c7d33ee28362c4852032', '0005', '技术部', 'thinkgem@163.com', '8675', '8675', null, null, null, '1', '2013-05-27 08:00:00', '1', '2016-02-13 11:05:33', '技术部', '0');
INSERT INTO `sys_user` VALUES ('6', '1', '6', 'bj_yfb', '02a3f0772fcca9f415adc990734b45c6f059c7d33ee28362c4852032', '0006', '研发部', 'thinkgem@163.com', '8675', '8675', null, null, null, '1', '2013-05-27 08:00:00', '1', '2013-05-27 08:00:00', '研发部', '0');
INSERT INTO `sys_user` VALUES ('7', '7', '8', 'sd_admin', '02a3f0772fcca9f415adc990734b45c6f059c7d33ee28362c4852032', '0007', '山分领导', 'thinkgem@163.com', '8675', '8675', null, null, null, '1', '2013-05-27 08:00:00', '1', '2013-05-27 08:00:00', '山东省分公司领导', '0');
INSERT INTO `sys_user` VALUES ('8', '7', '9', 'sd_zhb', '02a3f0772fcca9f415adc990734b45c6f059c7d33ee28362c4852032', '0008', '山分综合部', 'thinkgem@163.com', '8675', '8675', null, null, null, '1', '2013-05-27 08:00:00', '1', '2013-05-27 08:00:00', '山东省分公司综合部', '0');
INSERT INTO `sys_user` VALUES ('9', '7', '10', 'sd_scb', '02a3f0772fcca9f415adc990734b45c6f059c7d33ee28362c4852032', '0009', '山分市场部', 'thinkgem@163.com', '8675', '8675', null, null, null, '1', '2013-05-27 08:00:00', '1', '2013-05-27 08:00:00', '山东省分公司市场部', '0');
INSERT INTO `sys_user` VALUES ('10', '7', '11', 'sd_jsb', '02a3f0772fcca9f415adc990734b45c6f059c7d33ee28362c4852032', '0010', '山东省分公司技术部', 'thinkgem@163.com', '8675', '8675', null, null, null, '1', '2013-05-27 08:00:00', '1', '2013-05-27 08:00:00', '山东省分公司技术部', '0');
INSERT INTO `sys_user` VALUES ('11', '12', '13', 'sdjn_admin', '02a3f0772fcca9f415adc990734b45c6f059c7d33ee28362c4852032', '0011', '济分公司领导', 'thinkgem@163.com', '8675', '8675', null, null, null, '1', '2013-05-27 08:00:00', '1', '2013-05-27 08:00:00', '济南分公司领导', '0');
INSERT INTO `sys_user` VALUES ('12', '12', '18', 'sdjnlc_admin', '02a3f0772fcca9f415adc990734b45c6f059c7d33ee28362c4852032', '0012', '济分历城领导', 'thinkgem@163.com', '8675', '8675', null, null, null, '1', '2013-05-27 08:00:00', '1', '2013-05-27 08:00:00', '济南市历城区分公司领导', '0');
INSERT INTO `sys_user` VALUES ('13', '22', '23', 'sdjnlx_admin', '02a3f0772fcca9f415adc990734b45c6f059c7d33ee28362c4852032', '0013', '济分历下领导', 'thinkgem@163.com', '8675', '8675', null, null, null, '1', '2013-05-27 08:00:00', '1', '2013-05-27 08:00:00', '济南市历下区分公司领导', '0');
INSERT INTO `sys_user` VALUES ('14', '22', '24', 'sdjnlx_zhb', '02a3f0772fcca9f415adc990734b45c6f059c7d33ee28362c4852032', '0014', '济分历下综合部', 'thinkgem@163.com', '8675', '8675', null, null, null, '1', '2013-05-27 08:00:00', '1', '2013-05-27 08:00:00', '济南市历下区分公司综合部', '0');
INSERT INTO `sys_user` VALUES ('83ced196f8524396ab0b617f235979eb', '1', '1', 'test', '36488945cbde1bbcb206233d2d2f93d5d08b4915496b96d84ff5b175', 'test', 'test', 'test@qq.com', 'test', 'test', '3', '0:0:0:0:0:0:0:1', '2016-01-30 15:43:03', '2', '2016-01-30 15:41:27', '2', '2016-01-30 15:41:27', 'test', '0');
INSERT INTO `sys_user` VALUES ('3038a878f1544ec9a919c8f4cf935832', 'ea6b66efc5fb4d68a368a10a5ec2dfbd', '97b197249b1e40ef8d4e89aac53e07a0', 'yhq', '93c260cb86666ff185c3849a4a3ec5c6b51ab7060828cbad84baa814', 'yhq001', '杨慧强', '', '', '', '1', '127.0.0.1', '2016-02-26 16:20:13', '1', '2016-02-03 14:25:33', '1', '2016-02-26 16:08:00', '', '0');
INSERT INTO `sys_user` VALUES ('241cc0cbd080442da47f0d35c8dbd715', 'ea6b66efc5fb4d68a368a10a5ec2dfbd', '97b197249b1e40ef8d4e89aac53e07a0', 'mabo', '5f738d303d71dcc8df8773944fbe81d475e6dc2fe7310578277e6709', '201230101005', '马博', '', '', '', '3', '127.0.0.1', '2016-02-26 16:07:20', '1', '2016-02-13 23:04:35', '1', '2016-02-13 23:04:35', '', '0');

-- ----------------------------
-- Table structure for sys_user_role
-- ----------------------------
DROP TABLE IF EXISTS `sys_user_role`;
CREATE TABLE `sys_user_role` (
  `user_id` varchar(64) COLLATE utf8_bin NOT NULL COMMENT '用户编号',
  `role_id` varchar(64) COLLATE utf8_bin NOT NULL COMMENT '角色编号',
  PRIMARY KEY (`user_id`,`role_id`),
  KEY `FK660C5178FF4B61C` (`role_id`),
  KEY `FK660C5178B51F79FC` (`user_id`)
) ENGINE=MyISAM DEFAULT CHARSET=utf8 COLLATE=utf8_bin COMMENT='用户-角色';

-- ----------------------------
-- Records of sys_user_role
-- ----------------------------
INSERT INTO `sys_user_role` VALUES ('1', '1');
INSERT INTO `sys_user_role` VALUES ('10', '2');
INSERT INTO `sys_user_role` VALUES ('11', '3');
INSERT INTO `sys_user_role` VALUES ('12', '4');
INSERT INTO `sys_user_role` VALUES ('13', '5');
INSERT INTO `sys_user_role` VALUES ('14', '6');
INSERT INTO `sys_user_role` VALUES ('2', '3');
INSERT INTO `sys_user_role` VALUES ('241cc0cbd080442da47f0d35c8dbd715', '6');
INSERT INTO `sys_user_role` VALUES ('3', '2');
INSERT INTO `sys_user_role` VALUES ('3038a878f1544ec9a919c8f4cf935832', '5d2c181b40ce44fba54aca903ec00371');
INSERT INTO `sys_user_role` VALUES ('4', '3');
INSERT INTO `sys_user_role` VALUES ('5', '4');
INSERT INTO `sys_user_role` VALUES ('6', '5');
INSERT INTO `sys_user_role` VALUES ('7', '2');
INSERT INTO `sys_user_role` VALUES ('7', '7');
INSERT INTO `sys_user_role` VALUES ('8', '2');
INSERT INTO `sys_user_role` VALUES ('83ced196f8524396ab0b617f235979eb', '6');
INSERT INTO `sys_user_role` VALUES ('9', '1');
